[2026-08-31 17:40:33] ===== Start Auto Push Check =====
[2026-08-31 17:40:33] Project path: C:\Users\LSWli\Documents\Codex\2026-08-29\qin
[2026-08-31 17:40:33] File changes detected, starting sync...
[2026-08-31 17:40:33] Changed files:
[2026-08-31 17:40:33]   ?? git-auto-push.log
[2026-08-31 17:40:33]   ?? git-auto-push.log
[2026-08-31 17:40:33] All changes added to staging area
[2026-08-31 17:40:33] git commit: [main 57ec9ea] Auto sync - 2026-08-31 17:40:33
[2026-08-31 17:40:33] git commit:  1 file changed, 6 insertions(+)
[2026-08-31 17:40:33] git commit:  create mode 100644 git-auto-push.log
[2026-08-31 17:40:34] Pulling latest from remote...
[2026-08-31 17:40:34] git pull: error: cannot pull with rebase: You have unstaged changes.
[2026-08-31 17:40:34] git pull: error: Please commit or stash them.
[2026-08-31 17:40:34] WARNING: Pull may have conflicts (exit code: 128)
[2026-08-31 17:40:34] Pushing to GitHub...
[2026-08-31 17:40:38] git push: To https://github.com/lishiwen-ai/read-and-book-web.git
[2026-08-31 17:40:38] git push:    3a29878..57ec9ea  main -> main
[2026-08-31 17:40:38] SUCCESS: Pushed to GitHub!
[2026-08-31 17:40:38] ===== Sync Complete =====
[2026-08-31 17:51:29] ===== Start Auto Push Check =====
[2026-08-31 17:51:29] Project path: C:\Users\LSWli\Documents\Codex\2026-08-29\qin
[2026-08-31 17:51:29] File changes detected, starting sync...
[2026-08-31 17:51:29] Changed files:
[2026-08-31 17:51:29]    M README.md
[2026-08-31 17:51:29]    M app/main.py
[2026-08-31 17:51:29]    M frontend/dashboard.css
[2026-08-31 17:51:29]    M frontend/dashboard.html
[2026-08-31 17:51:29]    M frontend/dashboard.js
[2026-08-31 17:51:29]    M git-auto-push.log
[2026-08-31 17:51:29] git add: warning: in the working copy of 'README.md', LF will be replaced by CRLF the next time Git touches it
[2026-08-31 17:51:29] git add: warning: in the working copy of 'app/main.py', LF will be replaced by CRLF the next time Git touches it
[2026-08-31 17:51:29] git add: warning: in the working copy of 'frontend/dashboard.css', LF will be replaced by CRLF the next time Git touches it
[2026-08-31 17:51:29] git add: warning: in the working copy of 'frontend/dashboard.html', LF will be replaced by CRLF the next time Git touches it
[2026-08-31 17:51:29] git add: warning: in the working copy of 'frontend/dashboard.js', LF will be replaced by CRLF the next time Git touches it
[2026-08-31 17:51:29] All changes added to staging area
[2026-08-31 17:51:29] git commit: [main f188cbb] Auto sync - 2026-08-31 17:51:29
[2026-08-31 17:51:29] git commit:  6 files changed, 64 insertions(+), 140 deletions(-)
[2026-08-31 17:51:29] Pulling latest from remote...
[2026-08-31 17:51:30] git pull: error: cannot pull with rebase: You have unstaged changes.
[2026-08-31 17:51:30] git pull: error: Please commit or stash them.
[2026-08-31 17:51:30] WARNING: Pull may have conflicts (exit code: 128)
[2026-08-31 17:51:30] Pushing to GitHub...
[2026-08-31 17:51:34] git push: To https://github.com/lishiwen-ai/read-and-book-web.git
[2026-08-31 17:51:34] git push:    57ec9ea..f188cbb  main -> main
[2026-08-31 17:51:34] SUCCESS: Pushed to GitHub!
[2026-08-31 17:51:34] ===== Sync Complete =====
[2026-08-31 18:01:59] ===== Start Auto Push Check =====
[2026-08-31 18:01:59] Project path: C:\Users\LSWli\Documents\Codex\2026-08-29\qin
[2026-08-31 18:01:59] File changes detected, starting sync...
[2026-08-31 18:01:59] Changed files:
[2026-08-31 18:01:59]    M git-auto-push.log
[2026-08-31 18:02:00] All changes added to staging area
[2026-08-31 18:02:00] git commit: [main 188878c] Auto sync - 2026-08-31 18:02:00
[2026-08-31 18:02:00] git commit:  1 file changed, 22 insertions(+)
[2026-08-31 18:02:00] Pulling latest from remote...
[2026-08-31 18:02:00] git pull: error: cannot pull with rebase: You have unstaged changes.
[2026-08-31 18:02:00] git pull: error: Please commit or stash them.
[2026-08-31 18:02:00] WARNING: Pull may have conflicts (exit code: 128)
[2026-08-31 18:02:00] Pushing to GitHub...
[2026-08-31 18:02:05] git push: To https://github.com/lishiwen-ai/read-and-book-web.git
[2026-08-31 18:02:05] git push:    f188cbb..188878c  main -> main
[2026-08-31 18:02:05] SUCCESS: Pushed to GitHub!
[2026-08-31 18:02:05] ===== Sync Complete =====
[2026-08-31 18:11:26] ===== Start Auto Push Check (Dual Platform) =====
[2026-08-31 18:11:26] Project path: C:\Users\LSWli\Documents\Codex\2026-08-29\qin
[2026-08-31 18:11:26] File changes detected, starting sync...
[2026-08-31 18:11:26] Changed files:
[2026-08-31 18:11:26]    M auto-push.ps1
[2026-08-31 18:11:26]    M git-auto-push.log
[2026-08-31 18:11:26] git add: warning: in the working copy of 'auto-push.ps1', LF will be replaced by CRLF the next time Git touches it
[2026-08-31 18:11:26] All changes added to staging area
[2026-08-31 18:11:26] git commit: [main 2e96b69] Auto sync - 2026-08-31 18:11:26
[2026-08-31 18:11:26] git commit:  2 files changed, 74 insertions(+), 26 deletions(-)
[2026-08-31 18:11:26] --- Pushing to GitHub ---
[2026-08-31 18:11:26] Pulling latest from GitHub...
[2026-08-31 18:11:27] git pull (GitHub): error: cannot pull with rebase: You have unstaged changes.
[2026-08-31 18:11:27] git pull (GitHub): error: Please commit or stash them.
[2026-08-31 18:11:27] WARNING: GitHub pull may have conflicts (exit code: 128)
[2026-08-31 18:11:27] Pushing to GitHub...
[2026-08-31 18:11:31] git push (GitHub): To https://github.com/lishiwen-ai/read-and-book-web.git
[2026-08-31 18:11:31] git push (GitHub):    188878c..2e96b69  main -> main
[2026-08-31 18:11:31] SUCCESS: Pushed to GitHub!
[2026-08-31 18:11:31] --- Pushing to Gitee ---
[2026-08-31 18:11:31] Pulling latest from Gitee...
[2026-08-31 18:11:31] git pull (Gitee): error: cannot pull with rebase: You have unstaged changes.
[2026-08-31 18:11:31] git pull (Gitee): error: Please commit or stash them.
[2026-08-31 18:11:31] WARNING: Gitee pull may have conflicts (exit code: 128)
[2026-08-31 18:11:31] Pushing to Gitee...
[2026-08-31 18:11:33] git push (Gitee): remote: Powered by [01;33mGITEE.COM [0m[1.1.23]        
[2026-08-31 18:11:33] git push (Gitee): remote: Set trace flag 3b4d15a8        
[2026-08-31 18:11:33] git push (Gitee): To https://gitee.com/lsw0427/read-and-book-web.git
[2026-08-31 18:11:33] git push (Gitee):    188878c..2e96b69  main -> main
[2026-08-31 18:11:33] SUCCESS: Pushed to Gitee!
[2026-08-31 18:11:33] ===== Sync Complete =====
[2026-08-31 18:21:23] ===== Start Auto Push Check (Dual Platform) =====
[2026-08-31 18:21:23] Project path: C:\Users\LSWli\Documents\Codex\2026-08-29\qin
[2026-08-31 18:21:24] File changes detected, starting sync...
[2026-08-31 18:21:24] Changed files:
[2026-08-31 18:21:24]    M git-auto-push.log
[2026-08-31 18:21:24] All changes added to staging area
[2026-08-31 18:21:24] git commit: [main 1f002fb] Auto sync - 2026-08-31 18:21:24
[2026-08-31 18:21:24] git commit:  1 file changed, 30 insertions(+)
[2026-08-31 18:21:24] --- Pushing to GitHub ---
[2026-08-31 18:21:24] Pulling latest from GitHub...
[2026-08-31 18:21:24] git pull (GitHub): error: cannot pull with rebase: You have unstaged changes.
[2026-08-31 18:21:24] git pull (GitHub): error: Please commit or stash them.
[2026-08-31 18:21:24] WARNING: GitHub pull may have conflicts (exit code: 128)
[2026-08-31 18:21:24] Pushing to GitHub...
[2026-08-31 18:21:29] git push (GitHub): To https://github.com/lishiwen-ai/read-and-book-web.git
[2026-08-31 18:21:29] git push (GitHub):    2e96b69..1f002fb  main -> main
[2026-08-31 18:21:29] SUCCESS: Pushed to GitHub!
[2026-08-31 18:21:29] --- Pushing to Gitee ---
[2026-08-31 18:21:29] Pulling latest from Gitee...
[2026-08-31 18:21:29] git pull (Gitee): error: cannot pull with rebase: You have unstaged changes.
[2026-08-31 18:21:29] git pull (Gitee): error: Please commit or stash them.
[2026-08-31 18:21:29] WARNING: Gitee pull may have conflicts (exit code: 128)
[2026-08-31 18:21:29] Pushing to Gitee...
[2026-08-31 18:21:31] git push (Gitee): remote: Powered by [01;33mGITEE.COM [0m[1.1.23]        
[2026-08-31 18:21:31] git push (Gitee): remote: Set trace flag 2643db95        
[2026-08-31 18:21:31] git push (Gitee): To https://gitee.com/lsw0427/read-and-book-web.git
[2026-08-31 18:21:31] git push (Gitee):    2e96b69..1f002fb  main -> main
[2026-08-31 18:21:31] SUCCESS: Pushed to Gitee!
[2026-08-31 18:21:31] ===== Sync Complete =====
[2026-08-31 18:31:23] ===== Start Auto Push Check (Dual Platform) =====
[2026-08-31 18:31:23] Project path: C:\Users\LSWli\Documents\Codex\2026-08-29\qin
[2026-08-31 18:31:23] File changes detected, starting sync...
[2026-08-31 18:31:23] Changed files:
[2026-08-31 18:31:23]    M git-auto-push.log
[2026-08-31 18:31:23] All changes added to staging area
[2026-08-31 18:31:24] git commit: [main b2be054] Auto sync - 2026-08-31 18:31:23
[2026-08-31 18:31:24] git commit:  1 file changed, 29 insertions(+)
[2026-08-31 18:31:24] --- Pushing to GitHub ---
[2026-08-31 18:31:24] Pulling latest from GitHub...
[2026-08-31 18:31:24] git pull (GitHub): error: cannot pull with rebase: You have unstaged changes.
[2026-08-31 18:31:24] git pull (GitHub): error: Please commit or stash them.
[2026-08-31 18:31:24] WARNING: GitHub pull may have conflicts (exit code: 128)
[2026-08-31 18:31:24] Pushing to GitHub...
[2026-08-31 18:31:27] git push (GitHub): To https://github.com/lishiwen-ai/read-and-book-web.git
[2026-08-31 18:31:27] git push (GitHub):    1f002fb..b2be054  main -> main
[2026-08-31 18:31:27] SUCCESS: Pushed to GitHub!
[2026-08-31 18:31:27] --- Pushing to Gitee ---
[2026-08-31 18:31:27] Pulling latest from Gitee...
[2026-08-31 18:31:28] git pull (Gitee): error: cannot pull with rebase: You have unstaged changes.
[2026-08-31 18:31:28] git pull (Gitee): error: Please commit or stash them.
[2026-08-31 18:31:28] WARNING: Gitee pull may have conflicts (exit code: 128)
[2026-08-31 18:31:28] Pushing to Gitee...
[2026-08-31 18:31:30] git push (Gitee): remote: Powered by [01;33mGITEE.COM [0m[1.1.23]        
[2026-08-31 18:31:30] git push (Gitee): remote: Set trace flag 174e1194        
[2026-08-31 18:31:30] git push (Gitee): To https://gitee.com/lsw0427/read-and-book-web.git
[2026-08-31 18:31:30] git push (Gitee):    1f002fb..b2be054  main -> main
[2026-08-31 18:31:30] SUCCESS: Pushed to Gitee!
[2026-08-31 18:31:30] ===== Sync Complete =====
[2026-08-31 18:41:29] ===== Start Auto Push Check (Dual Platform) =====
[2026-08-31 18:41:29] Project path: C:\Users\LSWli\Documents\Codex\2026-08-29\qin
[2026-08-31 18:41:29] File changes detected, starting sync...
[2026-08-31 18:41:29] Changed files:
[2026-08-31 18:41:29]    M frontend/dashboard.css
[2026-08-31 18:41:29]    M frontend/dashboard.html
[2026-08-31 18:41:29]    M git-auto-push.log
[2026-08-31 18:41:30] git add: warning: in the working copy of 'frontend/dashboard.css', LF will be replaced by CRLF the next time Git touches it
[2026-08-31 18:41:30] git add: warning: in the working copy of 'frontend/dashboard.html', LF will be replaced by CRLF the next time Git touches it
[2026-08-31 18:41:30] All changes added to staging area
[2026-08-31 18:41:30] git commit: [main 33b7680] Auto sync - 2026-08-31 18:41:30
[2026-08-31 18:41:30] git commit:  3 files changed, 50 insertions(+), 76 deletions(-)
[2026-08-31 18:41:30] --- Pushing to GitHub ---
[2026-08-31 18:41:30] Pulling latest from GitHub...
[2026-08-31 18:41:30] git pull (GitHub): error: cannot pull with rebase: You have unstaged changes.
[2026-08-31 18:41:30] git pull (GitHub): error: Please commit or stash them.
[2026-08-31 18:41:30] WARNING: GitHub pull may have conflicts (exit code: 128)
[2026-08-31 18:41:30] Pushing to GitHub...
[2026-08-31 18:41:35] git push (GitHub): To https://github.com/lishiwen-ai/read-and-book-web.git
[2026-08-31 18:41:35] git push (GitHub):    b2be054..33b7680  main -> main
[2026-08-31 18:41:35] SUCCESS: Pushed to GitHub!
[2026-08-31 18:41:35] --- Pushing to Gitee ---
[2026-08-31 18:41:35] Pulling latest from Gitee...
[2026-08-31 18:41:35] git pull (Gitee): error: cannot pull with rebase: You have unstaged changes.
[2026-08-31 18:41:35] git pull (Gitee): error: Please commit or stash them.
[2026-08-31 18:41:35] WARNING: Gitee pull may have conflicts (exit code: 128)
[2026-08-31 18:41:35] Pushing to Gitee...
[2026-08-31 18:41:37] git push (Gitee): remote: Powered by [01;33mGITEE.COM [0m[1.1.23]        
[2026-08-31 18:41:37] git push (Gitee): remote: Set trace flag b14087a4        
[2026-08-31 18:41:37] git push (Gitee): To https://gitee.com/lsw0427/read-and-book-web.git
[2026-08-31 18:41:37] git push (Gitee):    b2be054..33b7680  main -> main
[2026-08-31 18:41:37] SUCCESS: Pushed to Gitee!
[2026-08-31 18:41:37] ===== Sync Complete =====
[2026-08-31 18:51:48] ===== Start Auto Push Check (Dual Platform) =====
[2026-08-31 18:51:48] Project path: C:\Users\LSWli\Documents\Codex\2026-08-29\qin
[2026-08-31 18:51:48] File changes detected, starting sync...
[2026-08-31 18:51:48] Changed files:
[2026-08-31 18:51:48]    M frontend/dashboard.css
[2026-08-31 18:51:48]    M frontend/dashboard.html
[2026-08-31 18:51:48]    M frontend/note-editor.css
[2026-08-31 18:51:48]    M frontend/note-editor.html
[2026-08-31 18:51:48]    M git-auto-push.log
[2026-08-31 18:51:48] git add: warning: in the working copy of 'frontend/dashboard.css', LF will be replaced by CRLF the next time Git touches it
[2026-08-31 18:51:48] git add: warning: in the working copy of 'frontend/dashboard.html', LF will be replaced by CRLF the next time Git touches it
[2026-08-31 18:51:49] git add: warning: in the working copy of 'frontend/note-editor.css', LF will be replaced by CRLF the next time Git touches it
[2026-08-31 18:51:49] git add: warning: in the working copy of 'frontend/note-editor.html', LF will be replaced by CRLF the next time Git touches it
[2026-08-31 18:51:49] All changes added to staging area
[2026-08-31 18:51:49] git commit: [main d1ca0c1] Auto sync - 2026-08-31 18:51:49
[2026-08-31 18:51:49] git commit:  5 files changed, 177 insertions(+), 21 deletions(-)
[2026-08-31 18:51:49] --- Pushing to GitHub ---
[2026-08-31 18:51:49] Pulling latest from GitHub...
[2026-08-31 18:51:49] git pull (GitHub): error: cannot pull with rebase: You have unstaged changes.
[2026-08-31 18:51:49] git pull (GitHub): error: Please commit or stash them.
[2026-08-31 18:51:49] WARNING: GitHub pull may have conflicts (exit code: 128)
[2026-08-31 18:51:49] Pushing to GitHub...
[2026-08-31 18:51:53] git push (GitHub): To https://github.com/lishiwen-ai/read-and-book-web.git
[2026-08-31 18:51:53] git push (GitHub):    33b7680..d1ca0c1  main -> main
[2026-08-31 18:51:53] SUCCESS: Pushed to GitHub!
[2026-08-31 18:51:53] --- Pushing to Gitee ---
[2026-08-31 18:51:53] Pulling latest from Gitee...
[2026-08-31 18:51:53] git pull (Gitee): error: cannot pull with rebase: You have unstaged changes.
[2026-08-31 18:51:53] git pull (Gitee): error: Please commit or stash them.
[2026-08-31 18:51:53] WARNING: Gitee pull may have conflicts (exit code: 128)
[2026-08-31 18:51:53] Pushing to Gitee...
[2026-08-31 18:51:55] git push (Gitee): remote: Powered by [01;33mGITEE.COM [0m[1.1.23]        
[2026-08-31 18:51:55] git push (Gitee): remote: Set trace flag e4493f97        
[2026-08-31 18:51:55] git push (Gitee): To https://gitee.com/lsw0427/read-and-book-web.git
[2026-08-31 18:51:55] git push (Gitee):    33b7680..d1ca0c1  main -> main
[2026-08-31 18:51:55] SUCCESS: Pushed to Gitee!
[2026-08-31 18:51:55] ===== Sync Complete =====
[2026-08-31 19:01:36] ===== Start Auto Push Check (Dual Platform) =====
[2026-08-31 19:01:36] Project path: C:\Users\LSWli\Documents\Codex\2026-08-29\qin
[2026-08-31 19:01:37] File changes detected, starting sync...
[2026-08-31 19:01:37] Changed files:
[2026-08-31 19:01:37]    M git-auto-push.log
[2026-08-31 19:01:37] All changes added to staging area
[2026-08-31 19:01:37] git commit: [main 3444bcd] Auto sync - 2026-08-31 19:01:37
[2026-08-31 19:01:37] git commit:  1 file changed, 33 insertions(+)
[2026-08-31 19:01:37] --- Pushing to GitHub ---
[2026-08-31 19:01:37] Pulling latest from GitHub...
[2026-08-31 19:01:37] git pull (GitHub): error: cannot pull with rebase: You have unstaged changes.
[2026-08-31 19:01:37] git pull (GitHub): error: Please commit or stash them.
[2026-08-31 19:01:37] WARNING: GitHub pull may have conflicts (exit code: 128)
[2026-08-31 19:01:37] Pushing to GitHub...
[2026-08-31 19:01:41] git push (GitHub): To https://github.com/lishiwen-ai/read-and-book-web.git
[2026-08-31 19:01:41] git push (GitHub):    d1ca0c1..3444bcd  main -> main
[2026-08-31 19:01:41] SUCCESS: Pushed to GitHub!
[2026-08-31 19:01:41] --- Pushing to Gitee ---
[2026-08-31 19:01:41] Pulling latest from Gitee...
[2026-08-31 19:01:41] git pull (Gitee): error: cannot pull with rebase: You have unstaged changes.
[2026-08-31 19:01:41] git pull (Gitee): error: Please commit or stash them.
[2026-08-31 19:01:41] WARNING: Gitee pull may have conflicts (exit code: 128)
[2026-08-31 19:01:41] Pushing to Gitee...
[2026-08-31 19:01:43] git push (Gitee): remote: Powered by [01;33mGITEE.COM [0m[1.1.23]        
[2026-08-31 19:01:43] git push (Gitee): remote: Set trace flag c04f7789        
[2026-08-31 19:01:43] git push (Gitee): To https://gitee.com/lsw0427/read-and-book-web.git
[2026-08-31 19:01:43] git push (Gitee):    d1ca0c1..3444bcd  main -> main
[2026-08-31 19:01:43] SUCCESS: Pushed to Gitee!
[2026-08-31 19:01:43] ===== Sync Complete =====
[2026-08-31 19:11:23] ===== Start Auto Push Check (Dual Platform) =====
[2026-08-31 19:11:23] Project path: C:\Users\LSWli\Documents\Codex\2026-08-29\qin
[2026-08-31 19:11:23] File changes detected, starting sync...
[2026-08-31 19:11:23] Changed files:
[2026-08-31 19:11:23]    M git-auto-push.log
[2026-08-31 19:11:23] All changes added to staging area
[2026-08-31 19:11:23] git commit: [main 99513a3] Auto sync - 2026-08-31 19:11:23
[2026-08-31 19:11:23] git commit:  1 file changed, 29 insertions(+)
[2026-08-31 19:11:23] --- Pushing to GitHub ---
[2026-08-31 19:11:23] Pulling latest from GitHub...
[2026-08-31 19:11:23] git pull (GitHub): error: cannot pull with rebase: You have unstaged changes.
[2026-08-31 19:11:23] git pull (GitHub): error: Please commit or stash them.
[2026-08-31 19:11:23] WARNING: GitHub pull may have conflicts (exit code: 128)
[2026-08-31 19:11:23] Pushing to GitHub...
[2026-08-31 19:11:27] git push (GitHub): To https://github.com/lishiwen-ai/read-and-book-web.git
[2026-08-31 19:11:27] git push (GitHub):    3444bcd..99513a3  main -> main
[2026-08-31 19:11:27] SUCCESS: Pushed to GitHub!
[2026-08-31 19:11:27] --- Pushing to Gitee ---
[2026-08-31 19:11:27] Pulling latest from Gitee...
[2026-08-31 19:11:27] git pull (Gitee): error: cannot pull with rebase: You have unstaged changes.
[2026-08-31 19:11:27] git pull (Gitee): error: Please commit or stash them.
[2026-08-31 19:11:27] WARNING: Gitee pull may have conflicts (exit code: 128)
[2026-08-31 19:11:27] Pushing to Gitee...
[2026-08-31 19:11:30] git push (Gitee): remote: Powered by [01;33mGITEE.COM [0m[1.1.23]        
[2026-08-31 19:11:30] git push (Gitee): remote: Set trace flag e44ad388        
[2026-08-31 19:11:30] git push (Gitee): To https://gitee.com/lsw0427/read-and-book-web.git
[2026-08-31 19:11:30] git push (Gitee):    3444bcd..99513a3  main -> main
[2026-08-31 19:11:30] SUCCESS: Pushed to Gitee!
[2026-08-31 19:11:30] ===== Sync Complete =====
[2026-08-31 19:21:38] ===== Start Auto Push Check (Dual Platform) =====
[2026-08-31 19:21:38] Project path: C:\Users\LSWli\Documents\Codex\2026-08-29\qin
[2026-08-31 19:21:38] File changes detected, starting sync...
[2026-08-31 19:21:38] Changed files:
[2026-08-31 19:21:38]    M git-auto-push.log
[2026-08-31 19:21:38] All changes added to staging area
[2026-08-31 19:21:39] git commit: [main 5069bc2] Auto sync - 2026-08-31 19:21:38
[2026-08-31 19:21:39] git commit:  1 file changed, 29 insertions(+)
[2026-08-31 19:21:39] --- Pushing to GitHub ---
[2026-08-31 19:21:39] Pulling latest from GitHub...
[2026-08-31 19:21:39] git pull (GitHub): error: cannot pull with rebase: You have unstaged changes.
[2026-08-31 19:21:39] git pull (GitHub): error: Please commit or stash them.
[2026-08-31 19:21:39] WARNING: GitHub pull may have conflicts (exit code: 128)
[2026-08-31 19:21:39] Pushing to GitHub...
[2026-08-31 19:21:43] git push (GitHub): To https://github.com/lishiwen-ai/read-and-book-web.git
[2026-08-31 19:21:43] git push (GitHub):    99513a3..5069bc2  main -> main
[2026-08-31 19:21:43] SUCCESS: Pushed to GitHub!
[2026-08-31 19:21:43] --- Pushing to Gitee ---
[2026-08-31 19:21:43] Pulling latest from Gitee...
[2026-08-31 19:21:44] git pull (Gitee): error: cannot pull with rebase: You have unstaged changes.
[2026-08-31 19:21:44] git pull (Gitee): error: Please commit or stash them.
[2026-08-31 19:21:44] WARNING: Gitee pull may have conflicts (exit code: 128)
[2026-08-31 19:21:44] Pushing to Gitee...
[2026-08-31 19:21:46] git push (Gitee): remote: Powered by [01;33mGITEE.COM [0m[1.1.23]        
[2026-08-31 19:21:46] git push (Gitee): remote: Set trace flag ae42aa87        
[2026-08-31 19:21:46] git push (Gitee): To https://gitee.com/lsw0427/read-and-book-web.git
[2026-08-31 19:21:46] git push (Gitee):    99513a3..5069bc2  main -> main
[2026-08-31 19:21:46] SUCCESS: Pushed to Gitee!
[2026-08-31 19:21:46] ===== Sync Complete =====
[2026-08-31 19:31:17] ===== Start Auto Push Check (Dual Platform) =====
[2026-08-31 19:31:17] Project path: C:\Users\LSWli\Documents\Codex\2026-08-29\qin
[2026-08-31 19:31:17] File changes detected, starting sync...
[2026-08-31 19:31:17] Changed files:
[2026-08-31 19:31:17]    M git-auto-push.log
[2026-08-31 19:31:17] All changes added to staging area
[2026-08-31 19:31:18] git commit: [main 0b4cee8] Auto sync - 2026-08-31 19:31:17
[2026-08-31 19:31:18] git commit:  1 file changed, 29 insertions(+)
[2026-08-31 19:31:18] --- Pushing to GitHub ---
[2026-08-31 19:31:18] Pulling latest from GitHub...
[2026-08-31 19:31:18] git pull (GitHub): error: cannot pull with rebase: You have unstaged changes.
[2026-08-31 19:31:18] git pull (GitHub): error: Please commit or stash them.
[2026-08-31 19:31:18] WARNING: GitHub pull may have conflicts (exit code: 128)
[2026-08-31 19:31:18] Pushing to GitHub...
[2026-08-31 19:31:23] git push (GitHub): To https://github.com/lishiwen-ai/read-and-book-web.git
[2026-08-31 19:31:23] git push (GitHub):    5069bc2..0b4cee8  main -> main
[2026-08-31 19:31:23] SUCCESS: Pushed to GitHub!
[2026-08-31 19:31:23] --- Pushing to Gitee ---
[2026-08-31 19:31:23] Pulling latest from Gitee...
[2026-08-31 19:31:23] git pull (Gitee): error: cannot pull with rebase: You have unstaged changes.
[2026-08-31 19:31:23] git pull (Gitee): error: Please commit or stash them.
[2026-08-31 19:31:23] WARNING: Gitee pull may have conflicts (exit code: 128)
[2026-08-31 19:31:23] Pushing to Gitee...
[2026-08-31 19:31:25] git push (Gitee): remote: Powered by [01;33mGITEE.COM [0m[1.1.23]        
[2026-08-31 19:31:25] git push (Gitee): remote: Set trace flag aa49bf90        
[2026-08-31 19:31:25] git push (Gitee): To https://gitee.com/lsw0427/read-and-book-web.git
[2026-08-31 19:31:25] git push (Gitee):    5069bc2..0b4cee8  main -> main
[2026-08-31 19:31:25] SUCCESS: Pushed to Gitee!
[2026-08-31 19:31:25] ===== Sync Complete =====
[2026-08-31 21:00:51] ===== Start Auto Push Check (Dual Platform) =====
[2026-08-31 21:00:51] Project path: C:\Users\LSWli\Documents\Codex\2026-08-29\qin
[2026-08-31 21:00:51] File changes detected, starting sync...
[2026-08-31 21:00:51] Changed files:
[2026-08-31 21:00:51]    M git-auto-push.log
[2026-08-31 21:00:51] All changes added to staging area
[2026-08-31 21:00:51] git commit: [main 05366e1] Auto sync - 2026-08-31 21:00:51
[2026-08-31 21:00:51] git commit:  1 file changed, 29 insertions(+)
[2026-08-31 21:00:51] --- Pushing to GitHub ---
[2026-08-31 21:00:51] Pulling latest from GitHub...
[2026-08-31 21:00:52] git pull (GitHub): error: cannot pull with rebase: You have unstaged changes.
[2026-08-31 21:00:52] git pull (GitHub): error: Please commit or stash them.
[2026-08-31 21:00:52] WARNING: GitHub pull may have conflicts (exit code: 128)
[2026-08-31 21:00:52] Pushing to GitHub...
[2026-08-31 21:00:55] git push (GitHub): To https://github.com/lishiwen-ai/read-and-book-web.git
[2026-08-31 21:00:55] git push (GitHub):    0b4cee8..05366e1  main -> main
[2026-08-31 21:00:55] SUCCESS: Pushed to GitHub!
[2026-08-31 21:00:55] --- Pushing to Gitee ---
[2026-08-31 21:00:55] Pulling latest from Gitee...
[2026-08-31 21:00:56] git pull (Gitee): error: cannot pull with rebase: You have unstaged changes.
[2026-08-31 21:00:56] git pull (Gitee): error: Please commit or stash them.
[2026-08-31 21:00:56] WARNING: Gitee pull may have conflicts (exit code: 128)
[2026-08-31 21:00:56] Pushing to Gitee...
[2026-08-31 21:00:58] git push (Gitee): remote: Powered by [01;33mGITEE.COM [0m[1.1.23]        
[2026-08-31 21:00:58] git push (Gitee): remote: Set trace flag b1414089        
[2026-08-31 21:00:58] git push (Gitee): To https://gitee.com/lsw0427/read-and-book-web.git
[2026-08-31 21:00:58] git push (Gitee):    0b4cee8..05366e1  main -> main
[2026-08-31 21:00:58] SUCCESS: Pushed to Gitee!
[2026-08-31 21:00:58] ===== Sync Complete =====
[2026-08-31 21:02:28] ===== Start Auto Push Check (Dual Platform) =====
[2026-08-31 21:02:28] Project path: C:\Users\LSWli\Documents\Codex\2026-08-29\qin
[2026-08-31 21:02:28] File changes detected, starting sync...
[2026-08-31 21:02:28] Changed files:
[2026-08-31 21:02:28]    M git-auto-push.log
[2026-08-31 21:02:28] All changes added to staging area
[2026-08-31 21:02:28] git commit: [main 2ce35cc] Auto sync - 2026-08-31 21:02:28
[2026-08-31 21:02:28] git commit:  1 file changed, 29 insertions(+)
[2026-08-31 21:02:28] --- Pushing to GitHub ---
[2026-08-31 21:02:28] Pulling latest from GitHub...
[2026-08-31 21:02:28] git pull (GitHub): error: cannot pull with rebase: You have unstaged changes.
[2026-08-31 21:02:28] git pull (GitHub): error: Please commit or stash them.
[2026-08-31 21:02:28] WARNING: GitHub pull may have conflicts (exit code: 128)
[2026-08-31 21:02:28] Pushing to GitHub...
[2026-08-31 21:02:33] git push (GitHub): To https://github.com/lishiwen-ai/read-and-book-web.git
[2026-08-31 21:02:33] git push (GitHub):    05366e1..2ce35cc  main -> main
[2026-08-31 21:02:33] SUCCESS: Pushed to GitHub!
[2026-08-31 21:02:33] --- Pushing to Gitee ---
[2026-08-31 21:02:33] Pulling latest from Gitee...
[2026-08-31 21:02:33] git pull (Gitee): error: cannot pull with rebase: You have unstaged changes.
[2026-08-31 21:02:33] git pull (Gitee): error: Please commit or stash them.
[2026-08-31 21:02:33] WARNING: Gitee pull may have conflicts (exit code: 128)
[2026-08-31 21:02:33] Pushing to Gitee...
[2026-08-31 21:02:35] git push (Gitee): remote: Powered by [01;33mGITEE.COM [0m[1.1.23]        
[2026-08-31 21:02:35] git push (Gitee): remote: Set trace flag 58424dae        
[2026-08-31 21:02:35] git push (Gitee): To https://gitee.com/lsw0427/read-and-book-web.git
[2026-08-31 21:02:35] git push (Gitee):    05366e1..2ce35cc  main -> main
[2026-08-31 21:02:35] SUCCESS: Pushed to Gitee!
[2026-08-31 21:02:35] ===== Sync Complete =====
[2026-08-31 21:11:25] ===== Start Auto Push Check (Dual Platform) =====
[2026-08-31 21:11:25] Project path: C:\Users\LSWli\Documents\Codex\2026-08-29\qin
[2026-08-31 21:11:25] File changes detected, starting sync...
[2026-08-31 21:11:25] Changed files:
[2026-08-31 21:11:26]    M README.md
[2026-08-31 21:11:26]    M app/main.py
[2026-08-31 21:11:26]    M db/schema.sql
[2026-08-31 21:11:26]    M frontend/dashboard.css
[2026-08-31 21:11:26]    M frontend/dashboard.html
[2026-08-31 21:11:26]    M git-auto-push.log
[2026-08-31 21:11:26] git add: warning: in the working copy of 'README.md', LF will be replaced by CRLF the next time Git touches it
[2026-08-31 21:11:26] git add: warning: in the working copy of 'app/main.py', LF will be replaced by CRLF the next time Git touches it
[2026-08-31 21:11:26] git add: warning: in the working copy of 'db/schema.sql', LF will be replaced by CRLF the next time Git touches it
[2026-08-31 21:11:26] git add: warning: in the working copy of 'frontend/dashboard.css', LF will be replaced by CRLF the next time Git touches it
[2026-08-31 21:11:26] git add: warning: in the working copy of 'frontend/dashboard.html', LF will be replaced by CRLF the next time Git touches it
[2026-08-31 21:11:26] All changes added to staging area
[2026-08-31 21:11:26] git commit: [main a4fd9ce] Auto sync - 2026-08-31 21:11:26
[2026-08-31 21:11:26] git commit:  6 files changed, 396 insertions(+)
[2026-08-31 21:11:26] --- Pushing to GitHub ---
[2026-08-31 21:11:26] Pulling latest from GitHub...
[2026-08-31 21:11:26] git pull (GitHub): error: cannot pull with rebase: You have unstaged changes.
[2026-08-31 21:11:26] git pull (GitHub): error: Please commit or stash them.
[2026-08-31 21:11:26] WARNING: GitHub pull may have conflicts (exit code: 128)
[2026-08-31 21:11:26] Pushing to GitHub...
[2026-08-31 21:11:32] git push (GitHub): To https://github.com/lishiwen-ai/read-and-book-web.git
[2026-08-31 21:11:32] git push (GitHub):    2ce35cc..a4fd9ce  main -> main
[2026-08-31 21:11:32] SUCCESS: Pushed to GitHub!
[2026-08-31 21:11:32] --- Pushing to Gitee ---
[2026-08-31 21:11:32] Pulling latest from Gitee...
[2026-08-31 21:11:32] git pull (Gitee): error: cannot pull with rebase: You have unstaged changes.
[2026-08-31 21:11:32] git pull (Gitee): error: Please commit or stash them.
[2026-08-31 21:11:32] WARNING: Gitee pull may have conflicts (exit code: 128)
[2026-08-31 21:11:32] Pushing to Gitee...
[2026-08-31 21:11:34] git push (Gitee): remote: Powered by [01;33mGITEE.COM [0m[1.1.23]        
[2026-08-31 21:11:34] git push (Gitee): remote: Set trace flag 6b4ae0ab        
[2026-08-31 21:11:34] git push (Gitee): To https://gitee.com/lsw0427/read-and-book-web.git
[2026-08-31 21:11:34] git push (Gitee):    2ce35cc..a4fd9ce  main -> main
[2026-08-31 21:11:34] SUCCESS: Pushed to Gitee!
[2026-08-31 21:11:34] ===== Sync Complete =====
[2026-08-31 21:21:19] ===== Start Auto Push Check (Dual Platform) =====
[2026-08-31 21:21:19] Project path: C:\Users\LSWli\Documents\Codex\2026-08-29\qin
[2026-08-31 21:21:19] File changes detected, starting sync...
[2026-08-31 21:21:19] Changed files:
[2026-08-31 21:21:19]    M frontend/dashboard.css
[2026-08-31 21:21:19]    M frontend/dashboard.html
[2026-08-31 21:21:19]    M frontend/dashboard.js
[2026-08-31 21:21:20]    M git-auto-push.log
[2026-08-31 21:21:20] git add: warning: in the working copy of 'frontend/dashboard.css', LF will be replaced by CRLF the next time Git touches it
[2026-08-31 21:21:20] git add: warning: in the working copy of 'frontend/dashboard.html', LF will be replaced by CRLF the next time Git touches it
[2026-08-31 21:21:20] git add: warning: in the working copy of 'frontend/dashboard.js', LF will be replaced by CRLF the next time Git touches it
[2026-08-31 21:21:20] All changes added to staging area
[2026-08-31 21:21:20] git commit: [main f1bafad] Auto sync - 2026-08-31 21:21:20
[2026-08-31 21:21:20] git commit:  4 files changed, 257 insertions(+), 8 deletions(-)
[2026-08-31 21:21:20] --- Pushing to GitHub ---
[2026-08-31 21:21:20] Pulling latest from GitHub...
[2026-08-31 21:21:20] git pull (GitHub): error: cannot pull with rebase: You have unstaged changes.
[2026-08-31 21:21:20] git pull (GitHub): error: Please commit or stash them.
[2026-08-31 21:21:20] WARNING: GitHub pull may have conflicts (exit code: 128)
[2026-08-31 21:21:20] Pushing to GitHub...
[2026-08-31 21:21:24] git push (GitHub): To https://github.com/lishiwen-ai/read-and-book-web.git
[2026-08-31 21:21:24] git push (GitHub):    a4fd9ce..f1bafad  main -> main
[2026-08-31 21:21:24] SUCCESS: Pushed to GitHub!
[2026-08-31 21:21:24] --- Pushing to Gitee ---
[2026-08-31 21:21:24] Pulling latest from Gitee...
[2026-08-31 21:21:24] git pull (Gitee): error: cannot pull with rebase: You have unstaged changes.
[2026-08-31 21:21:24] git pull (Gitee): error: Please commit or stash them.
[2026-08-31 21:21:24] WARNING: Gitee pull may have conflicts (exit code: 128)
[2026-08-31 21:21:24] Pushing to Gitee...
[2026-08-31 21:21:26] git push (Gitee): remote: Powered by [01;33mGITEE.COM [0m[1.1.23]        
[2026-08-31 21:21:26] git push (Gitee): remote: Set trace flag 3c495f92        
[2026-08-31 21:21:26] git push (Gitee): To https://gitee.com/lsw0427/read-and-book-web.git
[2026-08-31 21:21:26] git push (Gitee):    a4fd9ce..f1bafad  main -> main
[2026-08-31 21:21:26] SUCCESS: Pushed to Gitee!
[2026-08-31 21:21:26] ===== Sync Complete =====
[2026-08-31 21:31:20] ===== Start Auto Push Check (Dual Platform) =====
[2026-08-31 21:31:20] Project path: C:\Users\LSWli\Documents\Codex\2026-08-29\qin
[2026-08-31 21:31:20] File changes detected, starting sync...
[2026-08-31 21:31:20] Changed files:
[2026-08-31 21:31:20]    M git-auto-push.log
[2026-08-31 21:31:20] All changes added to staging area
[2026-08-31 21:31:20] git commit: [main a570b39] Auto sync - 2026-08-31 21:31:20
[2026-08-31 21:31:20] git commit:  1 file changed, 32 insertions(+)
[2026-08-31 21:31:20] --- Pushing to GitHub ---
[2026-08-31 21:31:20] Pulling latest from GitHub...
[2026-08-31 21:31:20] git pull (GitHub): error: cannot pull with rebase: You have unstaged changes.
[2026-08-31 21:31:20] git pull (GitHub): error: Please commit or stash them.
[2026-08-31 21:31:20] WARNING: GitHub pull may have conflicts (exit code: 128)
[2026-08-31 21:31:20] Pushing to GitHub...
[2026-08-31 21:31:24] git push (GitHub): To https://github.com/lishiwen-ai/read-and-book-web.git
[2026-08-31 21:31:24] git push (GitHub):    f1bafad..a570b39  main -> main
[2026-08-31 21:31:24] SUCCESS: Pushed to GitHub!
[2026-08-31 21:31:24] --- Pushing to Gitee ---
[2026-08-31 21:31:24] Pulling latest from Gitee...
[2026-08-31 21:31:24] git pull (Gitee): error: cannot pull with rebase: You have unstaged changes.
[2026-08-31 21:31:24] git pull (Gitee): error: Please commit or stash them.
[2026-08-31 21:31:24] WARNING: Gitee pull may have conflicts (exit code: 128)
[2026-08-31 21:31:24] Pushing to Gitee...
[2026-08-31 21:31:26] git push (Gitee): remote: Powered by [01;33mGITEE.COM [0m[1.1.23]        
[2026-08-31 21:31:26] git push (Gitee): remote: Set trace flag 0e45ffb0        
[2026-08-31 21:31:26] git push (Gitee): To https://gitee.com/lsw0427/read-and-book-web.git
[2026-08-31 21:31:26] git push (Gitee):    f1bafad..a570b39  main -> main
[2026-08-31 21:31:26] SUCCESS: Pushed to Gitee!
[2026-08-31 21:31:26] ===== Sync Complete =====
[2026-08-31 21:41:24] ===== Start Auto Push Check (Dual Platform) =====
[2026-08-31 21:41:24] Project path: C:\Users\LSWli\Documents\Codex\2026-08-29\qin
[2026-08-31 21:41:24] File changes detected, starting sync...
[2026-08-31 21:41:24] Changed files:
[2026-08-31 21:41:24]    M git-auto-push.log
[2026-08-31 21:41:24] All changes added to staging area
[2026-08-31 21:41:25] git commit: [main 44273cd] Auto sync - 2026-08-31 21:41:24
[2026-08-31 21:41:25] git commit:  1 file changed, 29 insertions(+)
[2026-08-31 21:41:25] --- Pushing to GitHub ---
[2026-08-31 21:41:25] Pulling latest from GitHub...
[2026-08-31 21:41:25] git pull (GitHub): error: cannot pull with rebase: You have unstaged changes.
[2026-08-31 21:41:25] git pull (GitHub): error: Please commit or stash them.
[2026-08-31 21:41:25] WARNING: GitHub pull may have conflicts (exit code: 128)
[2026-08-31 21:41:25] Pushing to GitHub...
[2026-08-31 21:41:29] git push (GitHub): To https://github.com/lishiwen-ai/read-and-book-web.git
[2026-08-31 21:41:29] git push (GitHub):    a570b39..44273cd  main -> main
[2026-08-31 21:41:29] SUCCESS: Pushed to GitHub!
[2026-08-31 21:41:29] --- Pushing to Gitee ---
[2026-08-31 21:41:29] Pulling latest from Gitee...
[2026-08-31 21:41:29] git pull (Gitee): error: cannot pull with rebase: You have unstaged changes.
[2026-08-31 21:41:29] git pull (Gitee): error: Please commit or stash them.
[2026-08-31 21:41:29] WARNING: Gitee pull may have conflicts (exit code: 128)
[2026-08-31 21:41:29] Pushing to Gitee...
[2026-08-31 21:41:31] git push (Gitee): remote: Powered by [01;33mGITEE.COM [0m[1.1.23]        
[2026-08-31 21:41:31] git push (Gitee): remote: Set trace flag f74198a6        
[2026-08-31 21:41:31] git push (Gitee): To https://gitee.com/lsw0427/read-and-book-web.git
[2026-08-31 21:41:31] git push (Gitee):    a570b39..44273cd  main -> main
[2026-08-31 21:41:31] SUCCESS: Pushed to Gitee!
[2026-08-31 21:41:31] ===== Sync Complete =====
[2026-09-01 13:36:09] ===== Start Auto Push Check (Dual Platform) =====
[2026-09-01 13:36:09] Project path: C:\Users\LSWli\Documents\Codex\2026-08-29\qin
[2026-09-01 13:36:09] File changes detected, starting sync...
[2026-09-01 13:36:09] Changed files:
[2026-09-01 13:36:09]    M git-auto-push.log
[2026-09-01 13:36:09] All changes added to staging area
[2026-09-01 13:36:09] git commit: [main 05ab9f9] Auto sync - 2026-09-01 13:36:09
[2026-09-01 13:36:09] git commit:  1 file changed, 29 insertions(+)
[2026-09-01 13:36:09] --- Pushing to GitHub ---
[2026-09-01 13:36:09] Pulling latest from GitHub...
[2026-09-01 13:36:09] git pull (GitHub): error: cannot pull with rebase: You have unstaged changes.
[2026-09-01 13:36:09] git pull (GitHub): error: Please commit or stash them.
[2026-09-01 13:36:09] WARNING: GitHub pull may have conflicts (exit code: 128)
[2026-09-01 13:36:09] Pushing to GitHub...
[2026-09-01 13:36:13] git push (GitHub): To https://github.com/lishiwen-ai/read-and-book-web.git
[2026-09-01 13:36:13] git push (GitHub):    44273cd..05ab9f9  main -> main
[2026-09-01 13:36:13] SUCCESS: Pushed to GitHub!
[2026-09-01 13:36:13] --- Pushing to Gitee ---
[2026-09-01 13:36:13] Pulling latest from Gitee...
[2026-09-01 13:36:13] git pull (Gitee): error: cannot pull with rebase: You have unstaged changes.
[2026-09-01 13:36:13] git pull (Gitee): error: Please commit or stash them.
[2026-09-01 13:36:13] WARNING: Gitee pull may have conflicts (exit code: 128)
[2026-09-01 13:36:13] Pushing to Gitee...
[2026-09-01 13:36:16] git push (Gitee): remote: Powered by [01;33mGITEE.COM [0m[1.1.23]        
[2026-09-01 13:36:16] git push (Gitee): remote: Set trace flag e44c448f        
[2026-09-01 13:36:16] git push (Gitee): To https://gitee.com/lsw0427/read-and-book-web.git
[2026-09-01 13:36:16] git push (Gitee):    44273cd..05ab9f9  main -> main
[2026-09-01 13:36:16] SUCCESS: Pushed to Gitee!
[2026-09-01 13:36:16] ===== Sync Complete =====
[2026-09-01 13:41:26] ===== Start Auto Push Check (Dual Platform) =====
[2026-09-01 13:41:26] Project path: C:\Users\LSWli\Documents\Codex\2026-08-29\qin
[2026-09-01 13:41:26] File changes detected, starting sync...
[2026-09-01 13:41:26] Changed files:
[2026-09-01 13:41:26]    M git-auto-push.log
[2026-09-01 13:41:26] All changes added to staging area
[2026-09-01 13:41:26] git commit: [main 4326b95] Auto sync - 2026-09-01 13:41:26
[2026-09-01 13:41:26] git commit:  1 file changed, 29 insertions(+)
[2026-09-01 13:41:26] --- Pushing to GitHub ---
[2026-09-01 13:41:26] Pulling latest from GitHub...
[2026-09-01 13:41:26] git pull (GitHub): error: cannot pull with rebase: You have unstaged changes.
[2026-09-01 13:41:26] git pull (GitHub): error: Please commit or stash them.
[2026-09-01 13:41:26] WARNING: GitHub pull may have conflicts (exit code: 128)
[2026-09-01 13:41:26] Pushing to GitHub...
[2026-09-01 13:41:31] git push (GitHub): To https://github.com/lishiwen-ai/read-and-book-web.git
[2026-09-01 13:41:31] git push (GitHub):    05ab9f9..4326b95  main -> main
[2026-09-01 13:41:31] SUCCESS: Pushed to GitHub!
[2026-09-01 13:41:31] --- Pushing to Gitee ---
[2026-09-01 13:41:32] Pulling latest from Gitee...
[2026-09-01 13:41:32] git pull (Gitee): error: cannot pull with rebase: You have unstaged changes.
[2026-09-01 13:41:32] git pull (Gitee): error: Please commit or stash them.
[2026-09-01 13:41:32] WARNING: Gitee pull may have conflicts (exit code: 128)
[2026-09-01 13:41:32] Pushing to Gitee...
[2026-09-01 13:41:34] git push (Gitee): remote: Powered by [01;33mGITEE.COM [0m[1.1.23]        
[2026-09-01 13:41:34] git push (Gitee): remote: Set trace flag 374827a2        
[2026-09-01 13:41:34] git push (Gitee): To https://gitee.com/lsw0427/read-and-book-web.git
[2026-09-01 13:41:34] git push (Gitee):    05ab9f9..4326b95  main -> main
[2026-09-01 13:41:34] SUCCESS: Pushed to Gitee!
[2026-09-01 13:41:34] ===== Sync Complete =====
[2026-09-01 13:51:26] ===== Start Auto Push Check (Dual Platform) =====
[2026-09-01 13:51:26] Project path: C:\Users\LSWli\Documents\Codex\2026-08-29\qin
[2026-09-01 13:51:26] File changes detected, starting sync...
[2026-09-01 13:51:26] Changed files:
[2026-09-01 13:51:26]    M git-auto-push.log
[2026-09-01 13:51:26] All changes added to staging area
[2026-09-01 13:51:26] git commit: [main 9cfc99e] Auto sync - 2026-09-01 13:51:26
[2026-09-01 13:51:26] git commit:  1 file changed, 29 insertions(+)
[2026-09-01 13:51:26] --- Pushing to GitHub ---
[2026-09-01 13:51:26] Pulling latest from GitHub...
[2026-09-01 13:51:27] git pull (GitHub): error: cannot pull with rebase: You have unstaged changes.
[2026-09-01 13:51:27] git pull (GitHub): error: Please commit or stash them.
[2026-09-01 13:51:27] WARNING: GitHub pull may have conflicts (exit code: 128)
[2026-09-01 13:51:27] Pushing to GitHub...
[2026-09-01 13:51:34] git push (GitHub): To https://github.com/lishiwen-ai/read-and-book-web.git
[2026-09-01 13:51:34] git push (GitHub):    4326b95..9cfc99e  main -> main
[2026-09-01 13:51:34] SUCCESS: Pushed to GitHub!
[2026-09-01 13:51:34] --- Pushing to Gitee ---
[2026-09-01 13:51:34] Pulling latest from Gitee...
[2026-09-01 13:51:34] git pull (Gitee): error: cannot pull with rebase: You have unstaged changes.
[2026-09-01 13:51:34] git pull (Gitee): error: Please commit or stash them.
[2026-09-01 13:51:34] WARNING: Gitee pull may have conflicts (exit code: 128)
[2026-09-01 13:51:34] Pushing to Gitee...
[2026-09-01 13:51:36] git push (Gitee): remote: Powered by [01;33mGITEE.COM [0m[1.1.23]        
[2026-09-01 13:51:36] git push (Gitee): remote: Set trace flag 564a77a1        
[2026-09-01 13:51:36] git push (Gitee): To https://gitee.com/lsw0427/read-and-book-web.git
[2026-09-01 13:51:36] git push (Gitee):    4326b95..9cfc99e  main -> main
[2026-09-01 13:51:36] SUCCESS: Pushed to Gitee!
[2026-09-01 13:51:36] ===== Sync Complete =====
[2026-09-01 18:41:23] ===== Start Auto Push Check (Dual Platform) =====
[2026-09-01 18:41:23] Project path: C:\Users\LSWli\Documents\Codex\2026-08-29\qin
[2026-09-01 18:41:23] File changes detected, starting sync...
[2026-09-01 18:41:23] Changed files:
[2026-09-01 18:41:23]    M git-auto-push.log
[2026-09-01 18:41:24] All changes added to staging area
[2026-09-01 18:41:24] git commit: [main 8133c83] Auto sync - 2026-09-01 18:41:24
[2026-09-01 18:41:24] git commit:  1 file changed, 29 insertions(+)
[2026-09-01 18:41:24] --- Pushing to GitHub ---
[2026-09-01 18:41:24] Pulling latest from GitHub...
[2026-09-01 18:41:24] git pull (GitHub): error: cannot pull with rebase: You have unstaged changes.
[2026-09-01 18:41:24] git pull (GitHub): error: Please commit or stash them.
[2026-09-01 18:41:24] WARNING: GitHub pull may have conflicts (exit code: 128)
[2026-09-01 18:41:24] Pushing to GitHub...
[2026-09-01 18:41:29] git push (GitHub): To https://github.com/lishiwen-ai/read-and-book-web.git
[2026-09-01 18:41:29] git push (GitHub):    9cfc99e..8133c83  main -> main
[2026-09-01 18:41:29] SUCCESS: Pushed to GitHub!
[2026-09-01 18:41:29] --- Pushing to Gitee ---
[2026-09-01 18:41:29] Pulling latest from Gitee...
[2026-09-01 18:41:29] git pull (Gitee): error: cannot pull with rebase: You have unstaged changes.
[2026-09-01 18:41:29] git pull (Gitee): error: Please commit or stash them.
[2026-09-01 18:41:29] WARNING: Gitee pull may have conflicts (exit code: 128)
[2026-09-01 18:41:29] Pushing to Gitee...
[2026-09-01 18:41:31] git push (Gitee): remote: Powered by [01;33mGITEE.COM [0m[1.1.23]        
[2026-09-01 18:41:31] git push (Gitee): remote: Set trace flag a54ad880        
[2026-09-01 18:41:31] git push (Gitee): To https://gitee.com/lsw0427/read-and-book-web.git
[2026-09-01 18:41:31] git push (Gitee):    9cfc99e..8133c83  main -> main
[2026-09-01 18:41:31] SUCCESS: Pushed to Gitee!
[2026-09-01 18:41:31] ===== Sync Complete =====
[2026-09-01 18:51:59] ===== Start Auto Push Check (Dual Platform) =====
[2026-09-01 18:51:59] Project path: C:\Users\LSWli\Documents\Codex\2026-08-29\qin
[2026-09-01 18:51:59] File changes detected, starting sync...
[2026-09-01 18:51:59] Changed files:
[2026-09-01 18:51:59]    M git-auto-push.log
[2026-09-01 18:51:59] All changes added to staging area
[2026-09-01 18:51:59] git commit: [main bd7f04d] Auto sync - 2026-09-01 18:51:59
[2026-09-01 18:51:59] git commit:  1 file changed, 29 insertions(+)
[2026-09-01 18:51:59] --- Pushing to GitHub ---
[2026-09-01 18:51:59] Pulling latest from GitHub...
[2026-09-01 18:51:59] git pull (GitHub): error: cannot pull with rebase: You have unstaged changes.
[2026-09-01 18:51:59] git pull (GitHub): error: Please commit or stash them.
[2026-09-01 18:51:59] WARNING: GitHub pull may have conflicts (exit code: 128)
[2026-09-01 18:51:59] Pushing to GitHub...
[2026-09-01 18:52:03] git push (GitHub): To https://github.com/lishiwen-ai/read-and-book-web.git
[2026-09-01 18:52:03] git push (GitHub):    8133c83..bd7f04d  main -> main
[2026-09-01 18:52:03] SUCCESS: Pushed to GitHub!
[2026-09-01 18:52:03] --- Pushing to Gitee ---
[2026-09-01 18:52:04] Pulling latest from Gitee...
[2026-09-01 18:52:04] git pull (Gitee): error: cannot pull with rebase: You have unstaged changes.
[2026-09-01 18:52:04] git pull (Gitee): error: Please commit or stash them.
[2026-09-01 18:52:04] WARNING: Gitee pull may have conflicts (exit code: 128)
[2026-09-01 18:52:04] Pushing to Gitee...
[2026-09-01 18:52:06] git push (Gitee): remote: Powered by [01;33mGITEE.COM [0m[1.1.23]        
[2026-09-01 18:52:06] git push (Gitee): remote: Set trace flag da4b8791        
[2026-09-01 18:52:06] git push (Gitee): To https://gitee.com/lsw0427/read-and-book-web.git
[2026-09-01 18:52:06] git push (Gitee):    8133c83..bd7f04d  main -> main
[2026-09-01 18:52:06] SUCCESS: Pushed to Gitee!
[2026-09-01 18:52:06] ===== Sync Complete =====
[2026-09-01 19:01:23] ===== Start Auto Push Check (Dual Platform) =====
[2026-09-01 19:01:23] Project path: C:\Users\LSWli\Documents\Codex\2026-08-29\qin
[2026-09-01 19:01:24] File changes detected, starting sync...
[2026-09-01 19:01:24] Changed files:
[2026-09-01 19:01:24]    M git-auto-push.log
[2026-09-01 19:01:24] All changes added to staging area
[2026-09-01 19:01:24] git commit: [main e536a21] Auto sync - 2026-09-01 19:01:24
[2026-09-01 19:01:24] git commit:  1 file changed, 29 insertions(+)
[2026-09-01 19:01:24] --- Pushing to GitHub ---
[2026-09-01 19:01:24] Pulling latest from GitHub...
[2026-09-01 19:01:24] git pull (GitHub): error: cannot pull with rebase: You have unstaged changes.
[2026-09-01 19:01:24] git pull (GitHub): error: Please commit or stash them.
[2026-09-01 19:01:24] WARNING: GitHub pull may have conflicts (exit code: 128)
[2026-09-01 19:01:24] Pushing to GitHub...
[2026-09-01 19:01:28] git push (GitHub): To https://github.com/lishiwen-ai/read-and-book-web.git
[2026-09-01 19:01:28] git push (GitHub):    bd7f04d..e536a21  main -> main
[2026-09-01 19:01:28] SUCCESS: Pushed to GitHub!
[2026-09-01 19:01:28] --- Pushing to Gitee ---
[2026-09-01 19:01:28] Pulling latest from Gitee...
[2026-09-01 19:01:28] git pull (Gitee): error: cannot pull with rebase: You have unstaged changes.
[2026-09-01 19:01:28] git pull (Gitee): error: Please commit or stash them.
[2026-09-01 19:01:28] WARNING: Gitee pull may have conflicts (exit code: 128)
[2026-09-01 19:01:28] Pushing to Gitee...
[2026-09-01 19:01:30] git push (Gitee): remote: Powered by [01;33mGITEE.COM [0m[1.1.23]        
[2026-09-01 19:01:30] git push (Gitee): remote: Set trace flag 974497a6        
[2026-09-01 19:01:30] git push (Gitee): To https://gitee.com/lsw0427/read-and-book-web.git
[2026-09-01 19:01:30] git push (Gitee):    bd7f04d..e536a21  main -> main
[2026-09-01 19:01:30] SUCCESS: Pushed to Gitee!
[2026-09-01 19:01:30] ===== Sync Complete =====
[2026-09-01 19:11:46] ===== Start Auto Push Check (Dual Platform) =====
[2026-09-01 19:11:46] Project path: C:\Users\LSWli\Documents\Codex\2026-08-29\qin
[2026-09-01 19:11:46] File changes detected, starting sync...
[2026-09-01 19:11:46] Changed files:
[2026-09-01 19:11:46]    M git-auto-push.log
[2026-09-01 19:11:46] All changes added to staging area
[2026-09-01 19:11:46] git commit: [main 2c788e6] Auto sync - 2026-09-01 19:11:46
[2026-09-01 19:11:46] git commit:  1 file changed, 29 insertions(+)
[2026-09-01 19:11:46] --- Pushing to GitHub ---
[2026-09-01 19:11:46] Pulling latest from GitHub...
[2026-09-01 19:11:46] git pull (GitHub): error: cannot pull with rebase: You have unstaged changes.
[2026-09-01 19:11:46] git pull (GitHub): error: Please commit or stash them.
[2026-09-01 19:11:46] WARNING: GitHub pull may have conflicts (exit code: 128)
[2026-09-01 19:11:46] Pushing to GitHub...
[2026-09-01 19:11:51] git push (GitHub): To https://github.com/lishiwen-ai/read-and-book-web.git
[2026-09-01 19:11:51] git push (GitHub):    e536a21..2c788e6  main -> main
[2026-09-01 19:11:51] SUCCESS: Pushed to GitHub!
[2026-09-01 19:11:51] --- Pushing to Gitee ---
[2026-09-01 19:11:51] Pulling latest from Gitee...
[2026-09-01 19:11:52] git pull (Gitee): error: cannot pull with rebase: You have unstaged changes.
[2026-09-01 19:11:52] git pull (Gitee): error: Please commit or stash them.
[2026-09-01 19:11:52] WARNING: Gitee pull may have conflicts (exit code: 128)
[2026-09-01 19:11:52] Pushing to Gitee...
[2026-09-01 19:11:54] git push (Gitee): remote: Powered by [01;33mGITEE.COM [0m[1.1.23]        
[2026-09-01 19:11:54] git push (Gitee): remote: Set trace flag b7429f8b        
[2026-09-01 19:11:54] git push (Gitee): To https://gitee.com/lsw0427/read-and-book-web.git
[2026-09-01 19:11:54] git push (Gitee):    e536a21..2c788e6  main -> main
[2026-09-01 19:11:54] SUCCESS: Pushed to Gitee!
[2026-09-01 19:11:54] ===== Sync Complete =====
[2026-09-01 19:21:29] ===== Start Auto Push Check (Dual Platform) =====
[2026-09-01 19:21:29] Project path: C:\Users\LSWli\Documents\Codex\2026-08-29\qin
[2026-09-01 19:21:29] File changes detected, starting sync...
[2026-09-01 19:21:29] Changed files:
[2026-09-01 19:21:29]    M git-auto-push.log
[2026-09-01 19:21:29] All changes added to staging area
[2026-09-01 19:21:29] git commit: [main bc6b7b2] Auto sync - 2026-09-01 19:21:29
[2026-09-01 19:21:29] git commit:  1 file changed, 29 insertions(+)
[2026-09-01 19:21:29] --- Pushing to GitHub ---
[2026-09-01 19:21:29] Pulling latest from GitHub...
[2026-09-01 19:21:29] git pull (GitHub): error: cannot pull with rebase: You have unstaged changes.
[2026-09-01 19:21:29] git pull (GitHub): error: Please commit or stash them.
[2026-09-01 19:21:29] WARNING: GitHub pull may have conflicts (exit code: 128)
[2026-09-01 19:21:29] Pushing to GitHub...
[2026-09-01 19:21:33] git push (GitHub): To https://github.com/lishiwen-ai/read-and-book-web.git
[2026-09-01 19:21:33] git push (GitHub):    2c788e6..bc6b7b2  main -> main
[2026-09-01 19:21:33] SUCCESS: Pushed to GitHub!
[2026-09-01 19:21:33] --- Pushing to Gitee ---
[2026-09-01 19:21:33] Pulling latest from Gitee...
[2026-09-01 19:21:33] git pull (Gitee): error: cannot pull with rebase: You have unstaged changes.
[2026-09-01 19:21:33] git pull (Gitee): error: Please commit or stash them.
[2026-09-01 19:21:33] WARNING: Gitee pull may have conflicts (exit code: 128)
[2026-09-01 19:21:33] Pushing to Gitee...
[2026-09-01 19:21:36] git push (Gitee): remote: Powered by [01;33mGITEE.COM [0m[1.1.23]        
[2026-09-01 19:21:36] git push (Gitee): remote: Set trace flag 9b490398        
[2026-09-01 19:21:36] git push (Gitee): To https://gitee.com/lsw0427/read-and-book-web.git
[2026-09-01 19:21:36] git push (Gitee):    2c788e6..bc6b7b2  main -> main
[2026-09-01 19:21:36] SUCCESS: Pushed to Gitee!
[2026-09-01 19:21:36] ===== Sync Complete =====
[2026-09-01 19:32:04] ===== Start Auto Push Check (Dual Platform) =====
[2026-09-01 19:32:04] Project path: C:\Users\LSWli\Documents\Codex\2026-08-29\qin
[2026-09-01 19:32:04] File changes detected, starting sync...
[2026-09-01 19:32:04] Changed files:
[2026-09-01 19:32:04]    M git-auto-push.log
[2026-09-01 19:32:04] All changes added to staging area
[2026-09-01 19:32:04] git commit: [main 584f158] Auto sync - 2026-09-01 19:32:04
[2026-09-01 19:32:04] git commit:  1 file changed, 29 insertions(+)
[2026-09-01 19:32:04] --- Pushing to GitHub ---
[2026-09-01 19:32:04] Pulling latest from GitHub...
[2026-09-01 19:32:04] git pull (GitHub): error: cannot pull with rebase: You have unstaged changes.
[2026-09-01 19:32:04] git pull (GitHub): error: Please commit or stash them.
[2026-09-01 19:32:04] WARNING: GitHub pull may have conflicts (exit code: 128)
[2026-09-01 19:32:04] Pushing to GitHub...
[2026-09-01 19:32:08] git push (GitHub): To https://github.com/lishiwen-ai/read-and-book-web.git
[2026-09-01 19:32:08] git push (GitHub):    bc6b7b2..584f158  main -> main
[2026-09-01 19:32:08] SUCCESS: Pushed to GitHub!
[2026-09-01 19:32:08] --- Pushing to Gitee ---
[2026-09-01 19:32:08] Pulling latest from Gitee...
[2026-09-01 19:32:08] git pull (Gitee): error: cannot pull with rebase: You have unstaged changes.
[2026-09-01 19:32:08] git pull (Gitee): error: Please commit or stash them.
[2026-09-01 19:32:08] WARNING: Gitee pull may have conflicts (exit code: 128)
[2026-09-01 19:32:08] Pushing to Gitee...
[2026-09-01 19:32:10] git push (Gitee): remote: Powered by [01;33mGITEE.COM [0m[1.1.23]        
[2026-09-01 19:32:10] git push (Gitee): remote: Set trace flag 3b436aa4        
[2026-09-01 19:32:10] git push (Gitee): To https://gitee.com/lsw0427/read-and-book-web.git
[2026-09-01 19:32:10] git push (Gitee):    bc6b7b2..584f158  main -> main
[2026-09-01 19:32:10] SUCCESS: Pushed to Gitee!
[2026-09-01 19:32:10] ===== Sync Complete =====
[2026-09-01 19:41:19] ===== Start Auto Push Check (Dual Platform) =====
[2026-09-01 19:41:19] Project path: C:\Users\LSWli\Documents\Codex\2026-08-29\qin
[2026-09-01 19:41:20] File changes detected, starting sync...
[2026-09-01 19:41:20] Changed files:
[2026-09-01 19:41:20]    M git-auto-push.log
[2026-09-01 19:41:20] All changes added to staging area
[2026-09-01 19:41:20] git commit: [main b9c84b1] Auto sync - 2026-09-01 19:41:20
[2026-09-01 19:41:20] git commit:  1 file changed, 29 insertions(+)
[2026-09-01 19:41:20] --- Pushing to GitHub ---
[2026-09-01 19:41:20] Pulling latest from GitHub...
[2026-09-01 19:41:20] git pull (GitHub): error: cannot pull with rebase: You have unstaged changes.
[2026-09-01 19:41:20] git pull (GitHub): error: Please commit or stash them.
[2026-09-01 19:41:20] WARNING: GitHub pull may have conflicts (exit code: 128)
[2026-09-01 19:41:20] Pushing to GitHub...
[2026-09-01 19:41:25] git push (GitHub): To https://github.com/lishiwen-ai/read-and-book-web.git
[2026-09-01 19:41:25] git push (GitHub):    584f158..b9c84b1  main -> main
[2026-09-01 19:41:25] SUCCESS: Pushed to GitHub!
[2026-09-01 19:41:25] --- Pushing to Gitee ---
[2026-09-01 19:41:25] Pulling latest from Gitee...
[2026-09-01 19:41:25] git pull (Gitee): error: cannot pull with rebase: You have unstaged changes.
[2026-09-01 19:41:25] git pull (Gitee): error: Please commit or stash them.
[2026-09-01 19:41:25] WARNING: Gitee pull may have conflicts (exit code: 128)
[2026-09-01 19:41:25] Pushing to Gitee...
[2026-09-01 19:41:27] git push (Gitee): remote: Powered by [01;33mGITEE.COM [0m[1.1.23]        
[2026-09-01 19:41:27] git push (Gitee): remote: Set trace flag 6445a384        
[2026-09-01 19:41:27] git push (Gitee): To https://gitee.com/lsw0427/read-and-book-web.git
[2026-09-01 19:41:27] git push (Gitee):    584f158..b9c84b1  main -> main
[2026-09-01 19:41:27] SUCCESS: Pushed to Gitee!
[2026-09-01 19:41:27] ===== Sync Complete =====
[2026-09-01 19:51:35] ===== Start Auto Push Check (Dual Platform) =====
[2026-09-01 19:51:35] Project path: C:\Users\LSWli\Documents\Codex\2026-08-29\qin
[2026-09-01 19:51:35] File changes detected, starting sync...
[2026-09-01 19:51:35] Changed files:
[2026-09-01 19:51:35]    M git-auto-push.log
[2026-09-01 19:51:35] All changes added to staging area
[2026-09-01 19:51:36] git commit: [main 535dc0f] Auto sync - 2026-09-01 19:51:35
[2026-09-01 19:51:36] git commit:  1 file changed, 29 insertions(+)
[2026-09-01 19:51:36] --- Pushing to GitHub ---
[2026-09-01 19:51:36] Pulling latest from GitHub...
[2026-09-01 19:51:36] git pull (GitHub): error: cannot pull with rebase: You have unstaged changes.
[2026-09-01 19:51:36] git pull (GitHub): error: Please commit or stash them.
[2026-09-01 19:51:36] WARNING: GitHub pull may have conflicts (exit code: 128)
[2026-09-01 19:51:36] Pushing to GitHub...
[2026-09-01 19:51:40] git push (GitHub): To https://github.com/lishiwen-ai/read-and-book-web.git
[2026-09-01 19:51:40] git push (GitHub):    b9c84b1..535dc0f  main -> main
[2026-09-01 19:51:40] SUCCESS: Pushed to GitHub!
[2026-09-01 19:51:40] --- Pushing to Gitee ---
[2026-09-01 19:51:40] Pulling latest from Gitee...
[2026-09-01 19:51:40] git pull (Gitee): error: cannot pull with rebase: You have unstaged changes.
[2026-09-01 19:51:40] git pull (Gitee): error: Please commit or stash them.
[2026-09-01 19:51:40] WARNING: Gitee pull may have conflicts (exit code: 128)
[2026-09-01 19:51:40] Pushing to Gitee...
[2026-09-01 19:51:42] git push (Gitee): remote: Powered by [01;33mGITEE.COM [0m[1.1.23]        
[2026-09-01 19:51:42] git push (Gitee): remote: Set trace flag 9d41f198        
[2026-09-01 19:51:42] git push (Gitee): To https://gitee.com/lsw0427/read-and-book-web.git
[2026-09-01 19:51:42] git push (Gitee):    b9c84b1..535dc0f  main -> main
[2026-09-01 19:51:42] SUCCESS: Pushed to Gitee!
[2026-09-01 19:51:42] ===== Sync Complete =====
[2026-09-01 21:44:38] ===== Start Auto Push Check (Dual Platform) =====
[2026-09-01 21:44:38] Project path: C:\Users\LSWli\Documents\Codex\2026-08-29\qin
[2026-09-01 21:44:38] File changes detected, starting sync...
[2026-09-01 21:44:38] Changed files:
[2026-09-01 21:44:38]    M git-auto-push.log
[2026-09-01 21:44:39] All changes added to staging area
[2026-09-01 21:44:39] git commit: [main 7f72643] Auto sync - 2026-09-01 21:44:39
[2026-09-01 21:44:39] git commit:  1 file changed, 29 insertions(+)
[2026-09-01 21:44:39] --- Pushing to GitHub ---
[2026-09-01 21:44:39] Pulling latest from GitHub...
[2026-09-01 21:44:39] git pull (GitHub): error: cannot pull with rebase: You have unstaged changes.
[2026-09-01 21:44:39] git pull (GitHub): error: Please commit or stash them.
[2026-09-01 21:44:39] WARNING: GitHub pull may have conflicts (exit code: 128)
[2026-09-01 21:44:39] Pushing to GitHub...
[2026-09-01 21:44:46] git push (GitHub): To https://github.com/lishiwen-ai/read-and-book-web.git
[2026-09-01 21:44:46] git push (GitHub):    535dc0f..7f72643  main -> main
[2026-09-01 21:44:46] SUCCESS: Pushed to GitHub!
[2026-09-01 21:44:46] --- Pushing to Gitee ---
[2026-09-01 21:44:46] Pulling latest from Gitee...
[2026-09-01 21:44:46] git pull (Gitee): error: cannot pull with rebase: You have unstaged changes.
[2026-09-01 21:44:46] git pull (Gitee): error: Please commit or stash them.
[2026-09-01 21:44:46] WARNING: Gitee pull may have conflicts (exit code: 128)
[2026-09-01 21:44:46] Pushing to Gitee...
[2026-09-01 21:44:49] git push (Gitee): remote: Powered by [01;33mGITEE.COM [0m[1.1.23]        
[2026-09-01 21:44:49] git push (Gitee): remote: Set trace flag 774b468e        
[2026-09-01 21:44:49] git push (Gitee): To https://gitee.com/lsw0427/read-and-book-web.git
[2026-09-01 21:44:49] git push (Gitee):    535dc0f..7f72643  main -> main
[2026-09-01 21:44:49] SUCCESS: Pushed to Gitee!
[2026-09-01 21:44:49] ===== Sync Complete =====
[2026-09-01 21:45:21] ===== Start Auto Push Check (Dual Platform) =====
[2026-09-01 21:45:21] Project path: C:\Users\LSWli\Documents\Codex\2026-08-29\qin
[2026-09-01 21:45:21] File changes detected, starting sync...
[2026-09-01 21:45:21] Changed files:
[2026-09-01 21:45:22]    M git-auto-push.log
[2026-09-01 21:45:22] All changes added to staging area
[2026-09-01 21:45:22] git commit: [main 9a9f296] Auto sync - 2026-09-01 21:45:22
[2026-09-01 21:45:22] git commit:  1 file changed, 29 insertions(+)
[2026-09-01 21:45:22] --- Pushing to GitHub ---
[2026-09-01 21:45:22] Pulling latest from GitHub...
[2026-09-01 21:45:22] git pull (GitHub): error: cannot pull with rebase: You have unstaged changes.
[2026-09-01 21:45:22] git pull (GitHub): error: Please commit or stash them.
[2026-09-01 21:45:22] WARNING: GitHub pull may have conflicts (exit code: 128)
[2026-09-01 21:45:22] Pushing to GitHub...
[2026-09-01 21:45:26] git push (GitHub): To https://github.com/lishiwen-ai/read-and-book-web.git
[2026-09-01 21:45:26] git push (GitHub):    7f72643..9a9f296  main -> main
[2026-09-01 21:45:26] SUCCESS: Pushed to GitHub!
[2026-09-01 21:45:26] --- Pushing to Gitee ---
[2026-09-01 21:45:26] Pulling latest from Gitee...
[2026-09-01 21:45:27] git pull (Gitee): error: cannot pull with rebase: You have unstaged changes.
[2026-09-01 21:45:27] git pull (Gitee): error: Please commit or stash them.
[2026-09-01 21:45:27] WARNING: Gitee pull may have conflicts (exit code: 128)
[2026-09-01 21:45:27] Pushing to Gitee...
[2026-09-01 21:45:29] git push (Gitee): remote: Powered by [01;33mGITEE.COM [0m[1.1.23]        
[2026-09-01 21:45:29] git push (Gitee): remote: Set trace flag fd4417aa        
[2026-09-01 21:45:29] git push (Gitee): To https://gitee.com/lsw0427/read-and-book-web.git
[2026-09-01 21:45:29] git push (Gitee):    7f72643..9a9f296  main -> main
[2026-09-01 21:45:29] SUCCESS: Pushed to Gitee!
[2026-09-01 21:45:29] ===== Sync Complete =====
[2026-09-01 21:51:58] ===== Start Auto Push Check (Dual Platform) =====
[2026-09-01 21:51:58] Project path: C:\Users\LSWli\Documents\Codex\2026-08-29\qin
[2026-09-01 21:51:58] File changes detected, starting sync...
[2026-09-01 21:51:58] Changed files:
[2026-09-01 21:51:58]    M git-auto-push.log
[2026-09-01 21:51:58] All changes added to staging area
[2026-09-01 21:51:58] git commit: [main e40ef28] Auto sync - 2026-09-01 21:51:58
[2026-09-01 21:51:58] git commit:  1 file changed, 29 insertions(+)
[2026-09-01 21:51:58] --- Pushing to GitHub ---
[2026-09-01 21:51:58] Pulling latest from GitHub...
[2026-09-01 21:51:58] git pull (GitHub): error: cannot pull with rebase: You have unstaged changes.
[2026-09-01 21:51:58] git pull (GitHub): error: Please commit or stash them.
[2026-09-01 21:51:58] WARNING: GitHub pull may have conflicts (exit code: 128)
[2026-09-01 21:51:58] Pushing to GitHub...
[2026-09-01 21:52:02] git push (GitHub): To https://github.com/lishiwen-ai/read-and-book-web.git
[2026-09-01 21:52:02] git push (GitHub):    9a9f296..e40ef28  main -> main
[2026-09-01 21:52:02] SUCCESS: Pushed to GitHub!
[2026-09-01 21:52:02] --- Pushing to Gitee ---
[2026-09-01 21:52:02] Pulling latest from Gitee...
[2026-09-01 21:52:02] git pull (Gitee): error: cannot pull with rebase: You have unstaged changes.
[2026-09-01 21:52:02] git pull (Gitee): error: Please commit or stash them.
[2026-09-01 21:52:02] WARNING: Gitee pull may have conflicts (exit code: 128)
[2026-09-01 21:52:02] Pushing to Gitee...
[2026-09-01 21:52:04] git push (Gitee): remote: Powered by [01;33mGITEE.COM [0m[1.1.23]        
[2026-09-01 21:52:04] git push (Gitee): remote: Set trace flag 344a069c        
[2026-09-01 21:52:04] git push (Gitee): To https://gitee.com/lsw0427/read-and-book-web.git
[2026-09-01 21:52:04] git push (Gitee):    9a9f296..e40ef28  main -> main
[2026-09-01 21:52:04] SUCCESS: Pushed to Gitee!
[2026-09-01 21:52:04] ===== Sync Complete =====
[2026-09-01 22:02:26] ===== Start Auto Push Check (Dual Platform) =====
[2026-09-01 22:02:26] Project path: C:\Users\LSWli\Documents\Codex\2026-08-29\qin
[2026-09-01 22:02:27] File changes detected, starting sync...
[2026-09-01 22:02:27] Changed files:
[2026-09-01 22:02:27]    M git-auto-push.log
[2026-09-01 22:02:27] All changes added to staging area
[2026-09-01 22:02:27] git commit: [main 1584770] Auto sync - 2026-09-01 22:02:27
[2026-09-01 22:02:27] git commit:  1 file changed, 29 insertions(+)
[2026-09-01 22:02:27] --- Pushing to GitHub ---
[2026-09-01 22:02:27] Pulling latest from GitHub...
[2026-09-01 22:02:27] git pull (GitHub): error: cannot pull with rebase: You have unstaged changes.
[2026-09-01 22:02:27] git pull (GitHub): error: Please commit or stash them.
[2026-09-01 22:02:27] WARNING: GitHub pull may have conflicts (exit code: 128)
[2026-09-01 22:02:27] Pushing to GitHub...
[2026-09-01 22:02:31] git push (GitHub): To https://github.com/lishiwen-ai/read-and-book-web.git
[2026-09-01 22:02:31] git push (GitHub):    e40ef28..1584770  main -> main
[2026-09-01 22:02:31] SUCCESS: Pushed to GitHub!
[2026-09-01 22:02:31] --- Pushing to Gitee ---
[2026-09-01 22:02:32] Pulling latest from Gitee...
[2026-09-01 22:02:32] git pull (Gitee): error: cannot pull with rebase: You have unstaged changes.
[2026-09-01 22:02:32] git pull (Gitee): error: Please commit or stash them.
[2026-09-01 22:02:32] WARNING: Gitee pull may have conflicts (exit code: 128)
[2026-09-01 22:02:32] Pushing to Gitee...
[2026-09-01 22:02:34] git push (Gitee): remote: Powered by [01;33mGITEE.COM [0m[1.1.23]        
[2026-09-01 22:02:34] git push (Gitee): remote: Set trace flag 0146cc8e        
[2026-09-01 22:02:34] git push (Gitee): To https://gitee.com/lsw0427/read-and-book-web.git
[2026-09-01 22:02:34] git push (Gitee):    e40ef28..1584770  main -> main
[2026-09-01 22:02:34] SUCCESS: Pushed to Gitee!
[2026-09-01 22:02:34] ===== Sync Complete =====
[2026-09-01 22:12:31] ===== Start Auto Push Check (Dual Platform) =====
[2026-09-01 22:12:31] Project path: C:\Users\LSWli\Documents\Codex\2026-08-29\qin
[2026-09-01 22:12:31] File changes detected, starting sync...
[2026-09-01 22:12:31] Changed files:
[2026-09-01 22:12:31]    M git-auto-push.log
[2026-09-01 22:12:31] All changes added to staging area
[2026-09-01 22:12:31] git commit: [main dbcc7ec] Auto sync - 2026-09-01 22:12:31
[2026-09-01 22:12:31] git commit:  1 file changed, 29 insertions(+)
[2026-09-01 22:12:31] --- Pushing to GitHub ---
[2026-09-01 22:12:31] Pulling latest from GitHub...
[2026-09-01 22:12:31] git pull (GitHub): error: cannot pull with rebase: You have unstaged changes.
[2026-09-01 22:12:31] git pull (GitHub): error: Please commit or stash them.
[2026-09-01 22:12:31] WARNING: GitHub pull may have conflicts (exit code: 128)
[2026-09-01 22:12:31] Pushing to GitHub...
[2026-09-01 22:12:35] git push (GitHub): To https://github.com/lishiwen-ai/read-and-book-web.git
[2026-09-01 22:12:35] git push (GitHub):    1584770..dbcc7ec  main -> main
[2026-09-01 22:12:35] SUCCESS: Pushed to GitHub!
[2026-09-01 22:12:35] --- Pushing to Gitee ---
[2026-09-01 22:12:35] Pulling latest from Gitee...
[2026-09-01 22:12:35] git pull (Gitee): error: cannot pull with rebase: You have unstaged changes.
[2026-09-01 22:12:35] git pull (Gitee): error: Please commit or stash them.
[2026-09-01 22:12:35] WARNING: Gitee pull may have conflicts (exit code: 128)
[2026-09-01 22:12:35] Pushing to Gitee...
[2026-09-01 22:12:37] git push (Gitee): remote: Powered by [01;33mGITEE.COM [0m[1.1.23]        
[2026-09-01 22:12:37] git push (Gitee): remote: Set trace flag 15473cab        
[2026-09-01 22:12:37] git push (Gitee): To https://gitee.com/lsw0427/read-and-book-web.git
[2026-09-01 22:12:37] git push (Gitee):    1584770..dbcc7ec  main -> main
[2026-09-01 22:12:37] SUCCESS: Pushed to Gitee!
[2026-09-01 22:12:37] ===== Sync Complete =====
[2026-09-01 22:22:12] ===== Start Auto Push Check (Dual Platform) =====
[2026-09-01 22:22:12] Project path: C:\Users\LSWli\Documents\Codex\2026-08-29\qin
[2026-09-01 22:22:12] File changes detected, starting sync...
[2026-09-01 22:22:12] Changed files:
[2026-09-01 22:22:12]    M git-auto-push.log
[2026-09-01 22:22:12] All changes added to staging area
[2026-09-01 22:22:13] git commit: [main 6eecdb3] Auto sync - 2026-09-01 22:22:12
[2026-09-01 22:22:13] git commit:  1 file changed, 29 insertions(+)
[2026-09-01 22:22:13] --- Pushing to GitHub ---
[2026-09-01 22:22:13] Pulling latest from GitHub...
[2026-09-01 22:22:13] git pull (GitHub): error: cannot pull with rebase: You have unstaged changes.
[2026-09-01 22:22:13] git pull (GitHub): error: Please commit or stash them.
[2026-09-01 22:22:13] WARNING: GitHub pull may have conflicts (exit code: 128)
[2026-09-01 22:22:13] Pushing to GitHub...
[2026-09-01 22:22:17] git push (GitHub): To https://github.com/lishiwen-ai/read-and-book-web.git
[2026-09-01 22:22:17] git push (GitHub):    dbcc7ec..6eecdb3  main -> main
[2026-09-01 22:22:17] SUCCESS: Pushed to GitHub!
[2026-09-01 22:22:17] --- Pushing to Gitee ---
[2026-09-01 22:22:17] Pulling latest from Gitee...
[2026-09-01 22:22:17] git pull (Gitee): error: cannot pull with rebase: You have unstaged changes.
[2026-09-01 22:22:17] git pull (Gitee): error: Please commit or stash them.
[2026-09-01 22:22:17] WARNING: Gitee pull may have conflicts (exit code: 128)
[2026-09-01 22:22:17] Pushing to Gitee...
[2026-09-01 22:22:19] git push (Gitee): remote: Powered by [01;33mGITEE.COM [0m[1.1.23]        
[2026-09-01 22:22:19] git push (Gitee): remote: Set trace flag e345529f        
[2026-09-01 22:22:19] git push (Gitee): To https://gitee.com/lsw0427/read-and-book-web.git
[2026-09-01 22:22:19] git push (Gitee):    dbcc7ec..6eecdb3  main -> main
[2026-09-01 22:22:19] SUCCESS: Pushed to Gitee!
[2026-09-01 22:22:19] ===== Sync Complete =====
[2026-09-01 22:51:55] ===== Start Auto Push Check (Dual Platform) =====
[2026-09-01 22:51:55] Project path: C:\Users\LSWli\Documents\Codex\2026-08-29\qin
[2026-09-01 22:51:55] File changes detected, starting sync...
[2026-09-01 22:51:55] Changed files:
[2026-09-01 22:51:55]    M git-auto-push.log
[2026-09-01 22:51:55] All changes added to staging area
[2026-09-01 22:51:56] git commit: [main f5ce5be] Auto sync - 2026-09-01 22:51:55
[2026-09-01 22:51:56] git commit:  1 file changed, 29 insertions(+)
[2026-09-01 22:51:56] --- Pushing to GitHub ---
[2026-09-01 22:51:56] Pulling latest from GitHub...
[2026-09-01 22:51:56] git pull (GitHub): error: cannot pull with rebase: You have unstaged changes.
[2026-09-01 22:51:56] git pull (GitHub): error: Please commit or stash them.
[2026-09-01 22:51:56] WARNING: GitHub pull may have conflicts (exit code: 128)
[2026-09-01 22:51:56] Pushing to GitHub...
[2026-09-01 22:52:00] git push (GitHub): To https://github.com/lishiwen-ai/read-and-book-web.git
[2026-09-01 22:52:00] git push (GitHub):    6eecdb3..f5ce5be  main -> main
[2026-09-01 22:52:00] SUCCESS: Pushed to GitHub!
[2026-09-01 22:52:00] --- Pushing to Gitee ---
[2026-09-01 22:52:00] Pulling latest from Gitee...
[2026-09-01 22:52:01] git pull (Gitee): error: cannot pull with rebase: You have unstaged changes.
[2026-09-01 22:52:01] git pull (Gitee): error: Please commit or stash them.
[2026-09-01 22:52:01] WARNING: Gitee pull may have conflicts (exit code: 128)
[2026-09-01 22:52:01] Pushing to Gitee...
[2026-09-01 22:52:03] git push (Gitee): remote: Powered by [01;33mGITEE.COM [0m[1.1.23]        
[2026-09-01 22:52:03] git push (Gitee): remote: Set trace flag eb4be2ad        
[2026-09-01 22:52:03] git push (Gitee): To https://gitee.com/lsw0427/read-and-book-web.git
[2026-09-01 22:52:03] git push (Gitee):    6eecdb3..f5ce5be  main -> main
[2026-09-01 22:52:03] SUCCESS: Pushed to Gitee!
[2026-09-01 22:52:03] ===== Sync Complete =====
[2026-09-01 23:02:10] ===== Start Auto Push Check (Dual Platform) =====
[2026-09-01 23:02:10] Project path: C:\Users\LSWli\Documents\Codex\2026-08-29\qin
[2026-09-01 23:02:10] File changes detected, starting sync...
[2026-09-01 23:02:10] Changed files:
[2026-09-01 23:02:10]    M git-auto-push.log
[2026-09-01 23:02:10] All changes added to staging area
[2026-09-01 23:02:11] git commit: [main 8bb154f] Auto sync - 2026-09-01 23:02:10
[2026-09-01 23:02:11] git commit:  1 file changed, 29 insertions(+)
[2026-09-01 23:02:11] --- Pushing to GitHub ---
[2026-09-01 23:02:11] Pulling latest from GitHub...
[2026-09-01 23:02:11] git pull (GitHub): error: cannot pull with rebase: You have unstaged changes.
[2026-09-01 23:02:11] git pull (GitHub): error: Please commit or stash them.
[2026-09-01 23:02:11] WARNING: GitHub pull may have conflicts (exit code: 128)
[2026-09-01 23:02:11] Pushing to GitHub...
[2026-09-01 23:02:17] git push (GitHub): To https://github.com/lishiwen-ai/read-and-book-web.git
[2026-09-01 23:02:17] git push (GitHub):    f5ce5be..8bb154f  main -> main
[2026-09-01 23:02:17] SUCCESS: Pushed to GitHub!
[2026-09-01 23:02:17] --- Pushing to Gitee ---
[2026-09-01 23:02:17] Pulling latest from Gitee...
[2026-09-01 23:02:17] git pull (Gitee): error: cannot pull with rebase: You have unstaged changes.
[2026-09-01 23:02:17] git pull (Gitee): error: Please commit or stash them.
[2026-09-01 23:02:17] WARNING: Gitee pull may have conflicts (exit code: 128)
[2026-09-01 23:02:17] Pushing to Gitee...
[2026-09-01 23:02:19] git push (Gitee): remote: Powered by [01;33mGITEE.COM [0m[1.1.23]        
[2026-09-01 23:02:19] git push (Gitee): remote: Set trace flag a142538b        
[2026-09-01 23:02:19] git push (Gitee): To https://gitee.com/lsw0427/read-and-book-web.git
[2026-09-01 23:02:19] git push (Gitee):    f5ce5be..8bb154f  main -> main
[2026-09-01 23:02:19] SUCCESS: Pushed to Gitee!
[2026-09-01 23:02:19] ===== Sync Complete =====
[2026-09-02 16:20:30] ===== Start Auto Push Check (Dual Platform) =====
[2026-09-02 16:20:30] Project path: C:\Users\LSWli\Documents\Codex\2026-08-29\qin
[2026-09-02 16:20:30] File changes detected, starting sync...
[2026-09-02 16:20:30] Changed files:
[2026-09-02 16:20:30]    M git-auto-push.log
[2026-09-02 16:20:30] All changes added to staging area
[2026-09-02 16:20:30] git commit: [main 1886dce] Auto sync - 2026-09-02 16:20:30
[2026-09-02 16:20:30] git commit:  1 file changed, 29 insertions(+)
[2026-09-02 16:20:30] --- Pushing to GitHub ---
[2026-09-02 16:20:30] Pulling latest from GitHub...
[2026-09-02 16:20:30] git pull (GitHub): error: cannot pull with rebase: You have unstaged changes.
[2026-09-02 16:20:30] git pull (GitHub): error: Please commit or stash them.
[2026-09-02 16:20:30] WARNING: GitHub pull may have conflicts (exit code: 128)
[2026-09-02 16:20:30] Pushing to GitHub...
[2026-09-02 16:20:33] git push (GitHub): fatal: unable to access 'https://github.com/lishiwen-ai/read-and-book-web.git/': Failed to connect to github.com:443 over proxy 127.0.0.1 after 2052 ms: Could not connect to server
[2026-09-02 16:20:33] FAILED: GitHub push failed (exit code: 128)
[2026-09-02 16:20:33] --- Pushing to Gitee ---
[2026-09-02 16:20:33] Pulling latest from Gitee...
[2026-09-02 16:20:33] git pull (Gitee): error: cannot pull with rebase: You have unstaged changes.
[2026-09-02 16:20:33] git pull (Gitee): error: Please commit or stash them.
[2026-09-02 16:20:33] WARNING: Gitee pull may have conflicts (exit code: 128)
[2026-09-02 16:20:33] Pushing to Gitee...
[2026-09-02 16:20:35] git push (Gitee): fatal: unable to access 'https://gitee.com/lsw0427/read-and-book-web.git/': Failed to connect to gitee.com:443 over proxy 127.0.0.1 after 2062 ms: Could not connect to server
[2026-09-02 16:20:35] FAILED: Gitee push failed (exit code: 128)
[2026-09-02 16:20:35] ===== Sync Complete =====
[2026-09-02 16:41:29] ===== Start Auto Push Check (Dual Platform) =====
[2026-09-02 16:41:29] Project path: C:\Users\LSWli\Documents\Codex\2026-08-29\qin
[2026-09-02 16:41:29] File changes detected, starting sync...
[2026-09-02 16:41:29] Changed files:
[2026-09-02 16:41:29]    M git-auto-push.log
[2026-09-02 16:41:30] All changes added to staging area
[2026-09-02 16:41:30] git commit: [main a52bd67] Auto sync - 2026-09-02 16:41:30
[2026-09-02 16:41:30] git commit:  1 file changed, 25 insertions(+)
[2026-09-02 16:41:30] --- Pushing to GitHub ---
[2026-09-02 16:41:30] Pulling latest from GitHub...
[2026-09-02 16:41:30] git pull (GitHub): error: cannot pull with rebase: You have unstaged changes.
[2026-09-02 16:41:30] git pull (GitHub): error: Please commit or stash them.
[2026-09-02 16:41:30] WARNING: GitHub pull may have conflicts (exit code: 128)
[2026-09-02 16:41:30] Pushing to GitHub...
[2026-09-02 16:41:32] git push (GitHub): fatal: unable to access 'https://github.com/lishiwen-ai/read-and-book-web.git/': Failed to connect to github.com:443 over proxy 127.0.0.1 after 2056 ms: Could not connect to server
[2026-09-02 16:41:32] FAILED: GitHub push failed (exit code: 128)
[2026-09-02 16:41:32] --- Pushing to Gitee ---
[2026-09-02 16:41:32] Pulling latest from Gitee...
[2026-09-02 16:41:32] git pull (Gitee): error: cannot pull with rebase: You have unstaged changes.
[2026-09-02 16:41:32] git pull (Gitee): error: Please commit or stash them.
[2026-09-02 16:41:32] WARNING: Gitee pull may have conflicts (exit code: 128)
[2026-09-02 16:41:32] Pushing to Gitee...
[2026-09-02 16:41:34] git push (Gitee): fatal: unable to access 'https://gitee.com/lsw0427/read-and-book-web.git/': Failed to connect to gitee.com:443 over proxy 127.0.0.1 after 2055 ms: Could not connect to server
[2026-09-02 16:41:34] FAILED: Gitee push failed (exit code: 128)
[2026-09-02 16:41:34] ===== Sync Complete =====
[2026-09-02 16:51:31] ===== Start Auto Push Check (Dual Platform) =====
[2026-09-02 16:51:31] Project path: C:\Users\LSWli\Documents\Codex\2026-08-29\qin
[2026-09-02 16:51:31] File changes detected, starting sync...
[2026-09-02 16:51:31] Changed files:
[2026-09-02 16:51:31]    M git-auto-push.log
[2026-09-02 16:51:31] All changes added to staging area
[2026-09-02 16:51:32] git commit: [main f628915] Auto sync - 2026-09-02 16:51:31
[2026-09-02 16:51:32] git commit:  1 file changed, 25 insertions(+)
[2026-09-02 16:51:32] --- Pushing to GitHub ---
[2026-09-02 16:51:32] Pulling latest from GitHub...
[2026-09-02 16:51:32] git pull (GitHub): error: cannot pull with rebase: You have unstaged changes.
[2026-09-02 16:51:32] git pull (GitHub): error: Please commit or stash them.
[2026-09-02 16:51:32] WARNING: GitHub pull may have conflicts (exit code: 128)
[2026-09-02 16:51:32] Pushing to GitHub...
[2026-09-02 16:51:35] git push (GitHub): fatal: unable to access 'https://github.com/lishiwen-ai/read-and-book-web.git/': Failed to connect to github.com:443 over proxy 127.0.0.1 after 2041 ms: Could not connect to server
[2026-09-02 16:51:35] FAILED: GitHub push failed (exit code: 128)
[2026-09-02 16:51:35] --- Pushing to Gitee ---
[2026-09-02 16:51:35] Pulling latest from Gitee...
[2026-09-02 16:51:35] git pull (Gitee): error: cannot pull with rebase: You have unstaged changes.
[2026-09-02 16:51:35] git pull (Gitee): error: Please commit or stash them.
[2026-09-02 16:51:35] WARNING: Gitee pull may have conflicts (exit code: 128)
[2026-09-02 16:51:35] Pushing to Gitee...
[2026-09-02 16:51:37] git push (Gitee): fatal: unable to access 'https://gitee.com/lsw0427/read-and-book-web.git/': Failed to connect to gitee.com:443 over proxy 127.0.0.1 after 2068 ms: Could not connect to server
[2026-09-02 16:51:37] FAILED: Gitee push failed (exit code: 128)
[2026-09-02 16:51:37] ===== Sync Complete =====
[2026-09-02 21:22:08] ===== Start Auto Push Check (Dual Platform) =====
[2026-09-02 21:22:08] Project path: C:\Users\LSWli\Documents\Codex\2026-08-29\qin
[2026-09-02 21:22:09] File changes detected, starting sync...
[2026-09-02 21:22:09] Changed files:
[2026-09-02 21:22:09]    M git-auto-push.log
[2026-09-02 21:22:09] All changes added to staging area
[2026-09-02 21:22:09] git commit: [main 9e080b2] Auto sync - 2026-09-02 21:22:09
[2026-09-02 21:22:09] git commit:  1 file changed, 25 insertions(+)
[2026-09-02 21:22:09] --- Pushing to GitHub ---
[2026-09-02 21:22:09] Pulling latest from GitHub...
[2026-09-02 21:22:09] git pull (GitHub): error: cannot pull with rebase: You have unstaged changes.
[2026-09-02 21:22:09] git pull (GitHub): error: Please commit or stash them.
[2026-09-02 21:22:09] WARNING: GitHub pull may have conflicts (exit code: 128)
[2026-09-02 21:22:09] Pushing to GitHub...
[2026-09-02 21:22:13] git push (GitHub): To https://github.com/lishiwen-ai/read-and-book-web.git
[2026-09-02 21:22:13] git push (GitHub):    1886dce..9e080b2  main -> main
[2026-09-02 21:22:13] SUCCESS: Pushed to GitHub!
[2026-09-02 21:22:13] --- Pushing to Gitee ---
[2026-09-02 21:22:13] Pulling latest from Gitee...
[2026-09-02 21:22:13] git pull (Gitee): error: cannot pull with rebase: You have unstaged changes.
[2026-09-02 21:22:13] git pull (Gitee): error: Please commit or stash them.
[2026-09-02 21:22:13] WARNING: Gitee pull may have conflicts (exit code: 128)
[2026-09-02 21:22:13] Pushing to Gitee...
[2026-09-02 21:22:20] git push (Gitee): remote: Powered by [01;33mGITEE.COM [0m[1.1.23]        
[2026-09-02 21:22:20] git push (Gitee): remote: Set trace flag 494d01a6        
[2026-09-02 21:22:20] git push (Gitee): To https://gitee.com/lsw0427/read-and-book-web.git
[2026-09-02 21:22:20] git push (Gitee):    1886dce..9e080b2  main -> main
[2026-09-02 21:22:20] SUCCESS: Pushed to Gitee!
[2026-09-02 21:22:20] ===== Sync Complete =====
[2026-09-02 21:31:41] ===== Start Auto Push Check (Dual Platform) =====
[2026-09-02 21:31:41] Project path: C:\Users\LSWli\Documents\Codex\2026-08-29\qin
[2026-09-02 21:31:41] File changes detected, starting sync...
[2026-09-02 21:31:41] Changed files:
[2026-09-02 21:31:41]    M git-auto-push.log
[2026-09-02 21:31:41] All changes added to staging area
[2026-09-02 21:31:41] git commit: [main 66318e8] Auto sync - 2026-09-02 21:31:41
[2026-09-02 21:31:41] git commit:  1 file changed, 29 insertions(+)
[2026-09-02 21:31:41] --- Pushing to GitHub ---
[2026-09-02 21:31:41] Pulling latest from GitHub...
[2026-09-02 21:31:41] git pull (GitHub): error: cannot pull with rebase: You have unstaged changes.
[2026-09-02 21:31:41] git pull (GitHub): error: Please commit or stash them.
[2026-09-02 21:31:41] WARNING: GitHub pull may have conflicts (exit code: 128)
[2026-09-02 21:31:41] Pushing to GitHub...
[2026-09-02 21:31:45] git push (GitHub): To https://github.com/lishiwen-ai/read-and-book-web.git
[2026-09-02 21:31:45] git push (GitHub):    9e080b2..66318e8  main -> main
[2026-09-02 21:31:45] SUCCESS: Pushed to GitHub!
[2026-09-02 21:31:45] --- Pushing to Gitee ---
[2026-09-02 21:31:45] Pulling latest from Gitee...
[2026-09-02 21:31:45] git pull (Gitee): error: cannot pull with rebase: You have unstaged changes.
[2026-09-02 21:31:45] git pull (Gitee): error: Please commit or stash them.
[2026-09-02 21:31:45] WARNING: Gitee pull may have conflicts (exit code: 128)
[2026-09-02 21:31:45] Pushing to Gitee...
[2026-09-02 21:31:47] git push (Gitee): remote: Powered by [01;33mGITEE.COM [0m[1.1.23]        
[2026-09-02 21:31:47] git push (Gitee): remote: Set trace flag 8046fb84        
[2026-09-02 21:31:47] git push (Gitee): To https://gitee.com/lsw0427/read-and-book-web.git
[2026-09-02 21:31:47] git push (Gitee):    9e080b2..66318e8  main -> main
[2026-09-02 21:31:47] SUCCESS: Pushed to Gitee!
[2026-09-02 21:31:47] ===== Sync Complete =====
[2026-09-02 21:41:29] ===== Start Auto Push Check (Dual Platform) =====
[2026-09-02 21:41:29] Project path: C:\Users\LSWli\Documents\Codex\2026-08-29\qin
[2026-09-02 21:41:29] File changes detected, starting sync...
[2026-09-02 21:41:29] Changed files:
[2026-09-02 21:41:29]    M git-auto-push.log
[2026-09-02 21:41:29] All changes added to staging area
[2026-09-02 21:41:29] git commit: [main c641dfb] Auto sync - 2026-09-02 21:41:29
[2026-09-02 21:41:29] git commit:  1 file changed, 29 insertions(+)
[2026-09-02 21:41:29] --- Pushing to GitHub ---
[2026-09-02 21:41:29] Pulling latest from GitHub...
[2026-09-02 21:41:29] git pull (GitHub): error: cannot pull with rebase: You have unstaged changes.
[2026-09-02 21:41:29] git pull (GitHub): error: Please commit or stash them.
[2026-09-02 21:41:29] WARNING: GitHub pull may have conflicts (exit code: 128)
[2026-09-02 21:41:29] Pushing to GitHub...
[2026-09-02 21:41:33] git push (GitHub): To https://github.com/lishiwen-ai/read-and-book-web.git
[2026-09-02 21:41:33] git push (GitHub):    66318e8..c641dfb  main -> main
[2026-09-02 21:41:33] SUCCESS: Pushed to GitHub!
[2026-09-02 21:41:33] --- Pushing to Gitee ---
[2026-09-02 21:41:33] Pulling latest from Gitee...
[2026-09-02 21:41:33] git pull (Gitee): error: cannot pull with rebase: You have unstaged changes.
[2026-09-02 21:41:33] git pull (Gitee): error: Please commit or stash them.
[2026-09-02 21:41:33] WARNING: Gitee pull may have conflicts (exit code: 128)
[2026-09-02 21:41:33] Pushing to Gitee...
[2026-09-02 21:41:35] git push (Gitee): remote: Powered by [01;33mGITEE.COM [0m[1.1.23]        
[2026-09-02 21:41:35] git push (Gitee): remote: Set trace flag c14cfdaa        
[2026-09-02 21:41:35] git push (Gitee): To https://gitee.com/lsw0427/read-and-book-web.git
[2026-09-02 21:41:35] git push (Gitee):    66318e8..c641dfb  main -> main
[2026-09-02 21:41:35] SUCCESS: Pushed to Gitee!
[2026-09-02 21:41:35] ===== Sync Complete =====
[2026-09-02 21:51:26] ===== Start Auto Push Check (Dual Platform) =====
[2026-09-02 21:51:26] Project path: C:\Users\LSWli\Documents\Codex\2026-08-29\qin
[2026-09-02 21:51:26] File changes detected, starting sync...
[2026-09-02 21:51:26] Changed files:
[2026-09-02 21:51:26]    M git-auto-push.log
[2026-09-02 21:51:26] All changes added to staging area
[2026-09-02 21:51:26] git commit: [main 086b2a7] Auto sync - 2026-09-02 21:51:26
[2026-09-02 21:51:26] git commit:  1 file changed, 29 insertions(+)
[2026-09-02 21:51:26] --- Pushing to GitHub ---
[2026-09-02 21:51:26] Pulling latest from GitHub...
[2026-09-02 21:51:26] git pull (GitHub): error: cannot pull with rebase: You have unstaged changes.
[2026-09-02 21:51:26] git pull (GitHub): error: Please commit or stash them.
[2026-09-02 21:51:26] WARNING: GitHub pull may have conflicts (exit code: 128)
[2026-09-02 21:51:26] Pushing to GitHub...
[2026-09-02 21:51:32] git push (GitHub): To https://github.com/lishiwen-ai/read-and-book-web.git
[2026-09-02 21:51:32] git push (GitHub):    c641dfb..086b2a7  main -> main
[2026-09-02 21:51:32] SUCCESS: Pushed to GitHub!
[2026-09-02 21:51:32] --- Pushing to Gitee ---
[2026-09-02 21:51:32] Pulling latest from Gitee...
[2026-09-02 21:51:32] git pull (Gitee): error: cannot pull with rebase: You have unstaged changes.
[2026-09-02 21:51:32] git pull (Gitee): error: Please commit or stash them.
[2026-09-02 21:51:32] WARNING: Gitee pull may have conflicts (exit code: 128)
[2026-09-02 21:51:32] Pushing to Gitee...
[2026-09-02 21:51:34] git push (Gitee): remote: Powered by [01;33mGITEE.COM [0m[1.1.23]        
[2026-09-02 21:51:34] git push (Gitee): remote: Set trace flag 01478181        
[2026-09-02 21:51:34] git push (Gitee): To https://gitee.com/lsw0427/read-and-book-web.git
[2026-09-02 21:51:34] git push (Gitee):    c641dfb..086b2a7  main -> main
[2026-09-02 21:51:34] SUCCESS: Pushed to Gitee!
[2026-09-02 21:51:34] ===== Sync Complete =====
[2026-09-02 22:01:27] ===== Start Auto Push Check (Dual Platform) =====
[2026-09-02 22:01:27] Project path: C:\Users\LSWli\Documents\Codex\2026-08-29\qin
[2026-09-02 22:01:27] File changes detected, starting sync...
[2026-09-02 22:01:27] Changed files:
[2026-09-02 22:01:27]    M git-auto-push.log
[2026-09-02 22:01:27] All changes added to staging area
[2026-09-02 22:01:27] git commit: [main 5358536] Auto sync - 2026-09-02 22:01:27
[2026-09-02 22:01:27] git commit:  1 file changed, 29 insertions(+)
[2026-09-02 22:01:27] --- Pushing to GitHub ---
[2026-09-02 22:01:28] Pulling latest from GitHub...
[2026-09-02 22:01:28] git pull (GitHub): error: cannot pull with rebase: You have unstaged changes.
[2026-09-02 22:01:28] git pull (GitHub): error: Please commit or stash them.
[2026-09-02 22:01:28] WARNING: GitHub pull may have conflicts (exit code: 128)
[2026-09-02 22:01:28] Pushing to GitHub...
[2026-09-02 22:01:32] git push (GitHub): To https://github.com/lishiwen-ai/read-and-book-web.git
[2026-09-02 22:01:32] git push (GitHub):    086b2a7..5358536  main -> main
[2026-09-02 22:01:32] SUCCESS: Pushed to GitHub!
[2026-09-02 22:01:32] --- Pushing to Gitee ---
[2026-09-02 22:01:32] Pulling latest from Gitee...
[2026-09-02 22:01:32] git pull (Gitee): error: cannot pull with rebase: You have unstaged changes.
[2026-09-02 22:01:32] git pull (Gitee): error: Please commit or stash them.
[2026-09-02 22:01:32] WARNING: Gitee pull may have conflicts (exit code: 128)
[2026-09-02 22:01:32] Pushing to Gitee...
[2026-09-02 22:01:34] git push (Gitee): remote: Powered by [01;33mGITEE.COM [0m[1.1.23]        
[2026-09-02 22:01:34] git push (Gitee): remote: Set trace flag fc4cc6b9        
[2026-09-02 22:01:34] git push (Gitee): To https://gitee.com/lsw0427/read-and-book-web.git
[2026-09-02 22:01:34] git push (Gitee):    086b2a7..5358536  main -> main
[2026-09-02 22:01:34] SUCCESS: Pushed to Gitee!
[2026-09-02 22:01:34] ===== Sync Complete =====
[2026-09-02 22:11:36] ===== Start Auto Push Check (Dual Platform) =====
[2026-09-02 22:11:36] Project path: C:\Users\LSWli\Documents\Codex\2026-08-29\qin
[2026-09-02 22:11:36] File changes detected, starting sync...
[2026-09-02 22:11:36] Changed files:
[2026-09-02 22:11:36]    M git-auto-push.log
[2026-09-02 22:11:36] All changes added to staging area
[2026-09-02 22:11:36] git commit: [main 265e11d] Auto sync - 2026-09-02 22:11:36
[2026-09-02 22:11:36] git commit:  1 file changed, 29 insertions(+)
[2026-09-02 22:11:36] --- Pushing to GitHub ---
[2026-09-02 22:11:36] Pulling latest from GitHub...
[2026-09-02 22:11:36] git pull (GitHub): error: cannot pull with rebase: You have unstaged changes.
[2026-09-02 22:11:36] git pull (GitHub): error: Please commit or stash them.
[2026-09-02 22:11:36] WARNING: GitHub pull may have conflicts (exit code: 128)
[2026-09-02 22:11:36] Pushing to GitHub...
[2026-09-02 22:11:40] git push (GitHub): To https://github.com/lishiwen-ai/read-and-book-web.git
[2026-09-02 22:11:40] git push (GitHub):    5358536..265e11d  main -> main
[2026-09-02 22:11:40] SUCCESS: Pushed to GitHub!
[2026-09-02 22:11:40] --- Pushing to Gitee ---
[2026-09-02 22:11:40] Pulling latest from Gitee...
[2026-09-02 22:11:40] git pull (Gitee): error: cannot pull with rebase: You have unstaged changes.
[2026-09-02 22:11:40] git pull (Gitee): error: Please commit or stash them.
[2026-09-02 22:11:40] WARNING: Gitee pull may have conflicts (exit code: 128)
[2026-09-02 22:11:40] Pushing to Gitee...
[2026-09-02 22:11:42] git push (Gitee): remote: Powered by [01;33mGITEE.COM [0m[1.1.23]        
[2026-09-02 22:11:42] git push (Gitee): remote: Set trace flag 5840e2b1        
[2026-09-02 22:11:42] git push (Gitee): To https://gitee.com/lsw0427/read-and-book-web.git
[2026-09-02 22:11:42] git push (Gitee):    5358536..265e11d  main -> main
[2026-09-02 22:11:42] SUCCESS: Pushed to Gitee!
[2026-09-02 22:11:42] ===== Sync Complete =====
[2026-09-02 22:21:49] ===== Start Auto Push Check (Dual Platform) =====
[2026-09-02 22:21:49] Project path: C:\Users\LSWli\Documents\Codex\2026-08-29\qin
[2026-09-02 22:21:49] File changes detected, starting sync...
[2026-09-02 22:21:49] Changed files:
[2026-09-02 22:21:49]    M git-auto-push.log
[2026-09-02 22:21:49] All changes added to staging area
[2026-09-02 22:21:49] git commit: [main 3a43f0d] Auto sync - 2026-09-02 22:21:49
[2026-09-02 22:21:49] git commit:  1 file changed, 29 insertions(+)
[2026-09-02 22:21:49] --- Pushing to GitHub ---
[2026-09-02 22:21:49] Pulling latest from GitHub...
[2026-09-02 22:21:49] git pull (GitHub): error: cannot pull with rebase: You have unstaged changes.
[2026-09-02 22:21:49] git pull (GitHub): error: Please commit or stash them.
[2026-09-02 22:21:49] WARNING: GitHub pull may have conflicts (exit code: 128)
[2026-09-02 22:21:49] Pushing to GitHub...
[2026-09-02 22:21:54] git push (GitHub): To https://github.com/lishiwen-ai/read-and-book-web.git
[2026-09-02 22:21:54] git push (GitHub):    265e11d..3a43f0d  main -> main
[2026-09-02 22:21:54] SUCCESS: Pushed to GitHub!
[2026-09-02 22:21:54] --- Pushing to Gitee ---
[2026-09-02 22:21:54] Pulling latest from Gitee...
[2026-09-02 22:21:54] git pull (Gitee): error: cannot pull with rebase: You have unstaged changes.
[2026-09-02 22:21:54] git pull (Gitee): error: Please commit or stash them.
[2026-09-02 22:21:54] WARNING: Gitee pull may have conflicts (exit code: 128)
[2026-09-02 22:21:54] Pushing to Gitee...
[2026-09-02 22:21:56] git push (Gitee): remote: Powered by [01;33mGITEE.COM [0m[1.1.23]        
[2026-09-02 22:21:56] git push (Gitee): remote: Set trace flag e449e1b4        
[2026-09-02 22:21:56] git push (Gitee): To https://gitee.com/lsw0427/read-and-book-web.git
[2026-09-02 22:21:56] git push (Gitee):    265e11d..3a43f0d  main -> main
[2026-09-02 22:21:56] SUCCESS: Pushed to Gitee!
[2026-09-02 22:21:56] ===== Sync Complete =====
[2026-09-02 22:31:55] ===== Start Auto Push Check (Dual Platform) =====
[2026-09-02 22:31:55] Project path: C:\Users\LSWli\Documents\Codex\2026-08-29\qin
[2026-09-02 22:31:55] File changes detected, starting sync...
[2026-09-02 22:31:55] Changed files:
[2026-09-02 22:31:55]    M git-auto-push.log
[2026-09-02 22:31:55] All changes added to staging area
[2026-09-02 22:31:55] git commit: [main 71aafd5] Auto sync - 2026-09-02 22:31:55
[2026-09-02 22:31:55] git commit:  1 file changed, 29 insertions(+)
[2026-09-02 22:31:55] --- Pushing to GitHub ---
[2026-09-02 22:31:56] Pulling latest from GitHub...
[2026-09-02 22:31:56] git pull (GitHub): error: cannot pull with rebase: You have unstaged changes.
[2026-09-02 22:31:56] git pull (GitHub): error: Please commit or stash them.
[2026-09-02 22:31:56] WARNING: GitHub pull may have conflicts (exit code: 128)
[2026-09-02 22:31:56] Pushing to GitHub...
[2026-09-02 22:32:00] git push (GitHub): To https://github.com/lishiwen-ai/read-and-book-web.git
[2026-09-02 22:32:00] git push (GitHub):    3a43f0d..71aafd5  main -> main
[2026-09-02 22:32:00] SUCCESS: Pushed to GitHub!
[2026-09-02 22:32:00] --- Pushing to Gitee ---
[2026-09-02 22:32:00] Pulling latest from Gitee...
[2026-09-02 22:32:00] git pull (Gitee): error: cannot pull with rebase: You have unstaged changes.
[2026-09-02 22:32:00] git pull (Gitee): error: Please commit or stash them.
[2026-09-02 22:32:00] WARNING: Gitee pull may have conflicts (exit code: 128)
[2026-09-02 22:32:00] Pushing to Gitee...
[2026-09-02 22:32:02] git push (Gitee): remote: Powered by [01;33mGITEE.COM [0m[1.1.23]        
[2026-09-02 22:32:02] git push (Gitee): remote: Set trace flag dc4d62b7        
[2026-09-02 22:32:02] git push (Gitee): To https://gitee.com/lsw0427/read-and-book-web.git
[2026-09-02 22:32:02] git push (Gitee):    3a43f0d..71aafd5  main -> main
[2026-09-02 22:32:02] SUCCESS: Pushed to Gitee!
[2026-09-02 22:32:02] ===== Sync Complete =====
[2026-09-02 22:41:46] ===== Start Auto Push Check (Dual Platform) =====
[2026-09-02 22:41:46] Project path: C:\Users\LSWli\Documents\Codex\2026-08-29\qin
[2026-09-02 22:41:46] File changes detected, starting sync...
[2026-09-02 22:41:46] Changed files:
[2026-09-02 22:41:46]    M git-auto-push.log
[2026-09-02 22:41:46] All changes added to staging area
[2026-09-02 22:41:46] git commit: [main 27d9a5b] Auto sync - 2026-09-02 22:41:46
[2026-09-02 22:41:46] git commit:  1 file changed, 29 insertions(+)
[2026-09-02 22:41:46] --- Pushing to GitHub ---
[2026-09-02 22:41:46] Pulling latest from GitHub...
[2026-09-02 22:41:47] git pull (GitHub): error: cannot pull with rebase: You have unstaged changes.
[2026-09-02 22:41:47] git pull (GitHub): error: Please commit or stash them.
[2026-09-02 22:41:47] WARNING: GitHub pull may have conflicts (exit code: 128)
[2026-09-02 22:41:47] Pushing to GitHub...
[2026-09-02 22:41:51] git push (GitHub): To https://github.com/lishiwen-ai/read-and-book-web.git
[2026-09-02 22:41:51] git push (GitHub):    71aafd5..27d9a5b  main -> main
[2026-09-02 22:41:51] SUCCESS: Pushed to GitHub!
[2026-09-02 22:41:51] --- Pushing to Gitee ---
[2026-09-02 22:41:51] Pulling latest from Gitee...
[2026-09-02 22:41:51] git pull (Gitee): error: cannot pull with rebase: You have unstaged changes.
[2026-09-02 22:41:51] git pull (Gitee): error: Please commit or stash them.
[2026-09-02 22:41:51] WARNING: Gitee pull may have conflicts (exit code: 128)
[2026-09-02 22:41:51] Pushing to Gitee...
[2026-09-02 22:41:53] git push (Gitee): remote: Powered by [01;33mGITEE.COM [0m[1.1.23]        
[2026-09-02 22:41:53] git push (Gitee): remote: Set trace flag 9c40f4ba        
[2026-09-02 22:41:53] git push (Gitee): To https://gitee.com/lsw0427/read-and-book-web.git
[2026-09-02 22:41:53] git push (Gitee):    71aafd5..27d9a5b  main -> main
[2026-09-02 22:41:53] SUCCESS: Pushed to Gitee!
[2026-09-02 22:41:53] ===== Sync Complete =====
[2026-09-03 10:47:25] ===== Start Auto Push Check (Dual Platform) =====
[2026-09-03 10:47:25] Project path: C:\Users\LSWli\Documents\Codex\2026-08-29\qin
[2026-09-03 10:47:25] File changes detected, starting sync...
[2026-09-03 10:47:25] Changed files:
[2026-09-03 10:47:25]    M git-auto-push.log
[2026-09-03 10:47:25] All changes added to staging area
[2026-09-03 10:47:25] git commit: [main b4b2a72] Auto sync - 2026-09-03 10:47:25
[2026-09-03 10:47:25] git commit:  1 file changed, 29 insertions(+)
[2026-09-03 10:47:25] --- Pushing to GitHub ---
[2026-09-03 10:47:25] Pulling latest from GitHub...
[2026-09-03 10:47:25] git pull (GitHub): error: cannot pull with rebase: You have unstaged changes.
[2026-09-03 10:47:25] git pull (GitHub): error: Please commit or stash them.
[2026-09-03 10:47:25] WARNING: GitHub pull may have conflicts (exit code: 128)
[2026-09-03 10:47:25] Pushing to GitHub...
[2026-09-03 10:47:29] git push (GitHub): To https://github.com/lishiwen-ai/read-and-book-web.git
[2026-09-03 10:47:29] git push (GitHub):    27d9a5b..b4b2a72  main -> main
[2026-09-03 10:47:29] SUCCESS: Pushed to GitHub!
[2026-09-03 10:47:29] --- Pushing to Gitee ---
[2026-09-03 10:47:29] Pulling latest from Gitee...
[2026-09-03 10:47:29] git pull (Gitee): error: cannot pull with rebase: You have unstaged changes.
[2026-09-03 10:47:29] git pull (Gitee): error: Please commit or stash them.
[2026-09-03 10:47:29] WARNING: Gitee pull may have conflicts (exit code: 128)
[2026-09-03 10:47:29] Pushing to Gitee...
[2026-09-03 10:47:32] git push (Gitee): remote: Powered by [01;33mGITEE.COM [0m[1.1.23]        
[2026-09-03 10:47:32] git push (Gitee): remote: Set trace flag 564293a0        
[2026-09-03 10:47:32] git push (Gitee): To https://gitee.com/lsw0427/read-and-book-web.git
[2026-09-03 10:47:32] git push (Gitee):    27d9a5b..b4b2a72  main -> main
[2026-09-03 10:47:32] SUCCESS: Pushed to Gitee!
[2026-09-03 10:47:32] ===== Sync Complete =====
[2026-09-03 10:51:27] ===== Start Auto Push Check (Dual Platform) =====
[2026-09-03 10:51:27] Project path: C:\Users\LSWli\Documents\Codex\2026-08-29\qin
[2026-09-03 10:51:27] File changes detected, starting sync...
[2026-09-03 10:51:27] Changed files:
[2026-09-03 10:51:27]    M git-auto-push.log
[2026-09-03 10:51:28] All changes added to staging area
[2026-09-03 10:51:28] git commit: [main 87fcb31] Auto sync - 2026-09-03 10:51:28
[2026-09-03 10:51:28] git commit:  1 file changed, 29 insertions(+)
[2026-09-03 10:51:28] --- Pushing to GitHub ---
[2026-09-03 10:51:28] Pulling latest from GitHub...
[2026-09-03 10:51:28] git pull (GitHub): error: cannot pull with rebase: You have unstaged changes.
[2026-09-03 10:51:28] git pull (GitHub): error: Please commit or stash them.
[2026-09-03 10:51:28] WARNING: GitHub pull may have conflicts (exit code: 128)
[2026-09-03 10:51:28] Pushing to GitHub...
[2026-09-03 10:51:33] git push (GitHub): To https://github.com/lishiwen-ai/read-and-book-web.git
[2026-09-03 10:51:33] git push (GitHub):    b4b2a72..87fcb31  main -> main
[2026-09-03 10:51:33] SUCCESS: Pushed to GitHub!
[2026-09-03 10:51:33] --- Pushing to Gitee ---
[2026-09-03 10:51:33] Pulling latest from Gitee...
[2026-09-03 10:51:33] git pull (Gitee): error: cannot pull with rebase: You have unstaged changes.
[2026-09-03 10:51:33] git pull (Gitee): error: Please commit or stash them.
[2026-09-03 10:51:33] WARNING: Gitee pull may have conflicts (exit code: 128)
[2026-09-03 10:51:33] Pushing to Gitee...
[2026-09-03 10:51:36] git push (Gitee): remote: Powered by [01;33mGITEE.COM [0m[1.1.23]        
[2026-09-03 10:51:36] git push (Gitee): remote: Set trace flag 034612bd        
[2026-09-03 10:51:36] git push (Gitee): To https://gitee.com/lsw0427/read-and-book-web.git
[2026-09-03 10:51:36] git push (Gitee):    b4b2a72..87fcb31  main -> main
[2026-09-03 10:51:36] SUCCESS: Pushed to Gitee!
[2026-09-03 10:51:36] ===== Sync Complete =====
[2026-09-03 11:01:55] ===== Start Auto Push Check (Dual Platform) =====
[2026-09-03 11:01:55] Project path: C:\Users\LSWli\Documents\Codex\2026-08-29\qin
[2026-09-03 11:01:56] File changes detected, starting sync...
[2026-09-03 11:01:56] Changed files:
[2026-09-03 11:01:56]    M git-auto-push.log
[2026-09-03 11:01:56] All changes added to staging area
[2026-09-03 11:01:56] git commit: [main 7ef8546] Auto sync - 2026-09-03 11:01:56
[2026-09-03 11:01:56] git commit:  1 file changed, 29 insertions(+)
[2026-09-03 11:01:56] --- Pushing to GitHub ---
[2026-09-03 11:01:56] Pulling latest from GitHub...
[2026-09-03 11:01:56] git pull (GitHub): error: cannot pull with rebase: You have unstaged changes.
[2026-09-03 11:01:56] git pull (GitHub): error: Please commit or stash them.
[2026-09-03 11:01:56] WARNING: GitHub pull may have conflicts (exit code: 128)
[2026-09-03 11:01:56] Pushing to GitHub...
[2026-09-03 11:02:00] git push (GitHub): To https://github.com/lishiwen-ai/read-and-book-web.git
[2026-09-03 11:02:00] git push (GitHub):    87fcb31..7ef8546  main -> main
[2026-09-03 11:02:00] SUCCESS: Pushed to GitHub!
[2026-09-03 11:02:00] --- Pushing to Gitee ---
[2026-09-03 11:02:00] Pulling latest from Gitee...
[2026-09-03 11:02:00] git pull (Gitee): error: cannot pull with rebase: You have unstaged changes.
[2026-09-03 11:02:00] git pull (Gitee): error: Please commit or stash them.
[2026-09-03 11:02:00] WARNING: Gitee pull may have conflicts (exit code: 128)
[2026-09-03 11:02:00] Pushing to Gitee...
[2026-09-03 11:02:02] git push (Gitee): remote: Powered by [01;33mGITEE.COM [0m[1.1.23]        
[2026-09-03 11:02:02] git push (Gitee): remote: Set trace flag 8d4a00bd        
[2026-09-03 11:02:02] git push (Gitee): To https://gitee.com/lsw0427/read-and-book-web.git
[2026-09-03 11:02:02] git push (Gitee):    87fcb31..7ef8546  main -> main
[2026-09-03 11:02:02] SUCCESS: Pushed to Gitee!
[2026-09-03 11:02:02] ===== Sync Complete =====
[2026-09-03 11:11:46] ===== Start Auto Push Check (Dual Platform) =====
[2026-09-03 11:11:46] Project path: C:\Users\LSWli\Documents\Codex\2026-08-29\qin
[2026-09-03 11:11:46] File changes detected, starting sync...
[2026-09-03 11:11:46] Changed files:
[2026-09-03 11:11:46]    M git-auto-push.log
[2026-09-03 11:11:46] All changes added to staging area
[2026-09-03 11:11:46] git commit: [main 69f2e20] Auto sync - 2026-09-03 11:11:46
[2026-09-03 11:11:46] git commit:  1 file changed, 29 insertions(+)
[2026-09-03 11:11:46] --- Pushing to GitHub ---
[2026-09-03 11:11:46] Pulling latest from GitHub...
[2026-09-03 11:11:46] git pull (GitHub): error: cannot pull with rebase: You have unstaged changes.
[2026-09-03 11:11:46] git pull (GitHub): error: Please commit or stash them.
[2026-09-03 11:11:46] WARNING: GitHub pull may have conflicts (exit code: 128)
[2026-09-03 11:11:46] Pushing to GitHub...
[2026-09-03 11:11:55] git push (GitHub): To https://github.com/lishiwen-ai/read-and-book-web.git
[2026-09-03 11:11:55] git push (GitHub):    7ef8546..69f2e20  main -> main
[2026-09-03 11:11:55] SUCCESS: Pushed to GitHub!
[2026-09-03 11:11:55] --- Pushing to Gitee ---
[2026-09-03 11:11:55] Pulling latest from Gitee...
[2026-09-03 11:11:55] git pull (Gitee): error: cannot pull with rebase: You have unstaged changes.
[2026-09-03 11:11:55] git pull (Gitee): error: Please commit or stash them.
[2026-09-03 11:11:55] WARNING: Gitee pull may have conflicts (exit code: 128)
[2026-09-03 11:11:55] Pushing to Gitee...
[2026-09-03 11:11:58] git push (Gitee): remote: Powered by [01;33mGITEE.COM [0m[1.1.23]        
[2026-09-03 11:11:58] git push (Gitee): remote: Set trace flag d34d22b7        
[2026-09-03 11:11:58] git push (Gitee): To https://gitee.com/lsw0427/read-and-book-web.git
[2026-09-03 11:11:58] git push (Gitee):    7ef8546..69f2e20  main -> main
[2026-09-03 11:11:58] SUCCESS: Pushed to Gitee!
[2026-09-03 11:11:58] ===== Sync Complete =====
[2026-09-03 11:21:33] ===== Start Auto Push Check (Dual Platform) =====
[2026-09-03 11:21:33] Project path: C:\Users\LSWli\Documents\Codex\2026-08-29\qin
[2026-09-03 11:21:33] File changes detected, starting sync...
[2026-09-03 11:21:33] Changed files:
[2026-09-03 11:21:33]    M git-auto-push.log
[2026-09-03 11:21:33] All changes added to staging area
[2026-09-03 11:21:34] git commit: [main 700543f] Auto sync - 2026-09-03 11:21:33
[2026-09-03 11:21:34] git commit:  1 file changed, 29 insertions(+)
[2026-09-03 11:21:34] --- Pushing to GitHub ---
[2026-09-03 11:21:34] Pulling latest from GitHub...
[2026-09-03 11:21:34] git pull (GitHub): error: cannot pull with rebase: You have unstaged changes.
[2026-09-03 11:21:34] git pull (GitHub): error: Please commit or stash them.
[2026-09-03 11:21:34] WARNING: GitHub pull may have conflicts (exit code: 128)
[2026-09-03 11:21:34] Pushing to GitHub...
[2026-09-03 11:21:41] git push (GitHub): To https://github.com/lishiwen-ai/read-and-book-web.git
[2026-09-03 11:21:41] git push (GitHub):    69f2e20..700543f  main -> main
[2026-09-03 11:21:41] SUCCESS: Pushed to GitHub!
[2026-09-03 11:21:41] --- Pushing to Gitee ---
[2026-09-03 11:21:41] Pulling latest from Gitee...
[2026-09-03 11:21:41] git pull (Gitee): error: cannot pull with rebase: You have unstaged changes.
[2026-09-03 11:21:41] git pull (Gitee): error: Please commit or stash them.
[2026-09-03 11:21:41] WARNING: Gitee pull may have conflicts (exit code: 128)
[2026-09-03 11:21:41] Pushing to Gitee...
[2026-09-03 11:21:43] git push (Gitee): remote: Powered by [01;33mGITEE.COM [0m[1.1.23]        
[2026-09-03 11:21:43] git push (Gitee): remote: Set trace flag c34b70bd        
[2026-09-03 11:21:43] git push (Gitee): To https://gitee.com/lsw0427/read-and-book-web.git
[2026-09-03 11:21:43] git push (Gitee):    69f2e20..700543f  main -> main
[2026-09-03 11:21:43] SUCCESS: Pushed to Gitee!
[2026-09-03 11:21:43] ===== Sync Complete =====
[2026-09-03 11:31:31] ===== Start Auto Push Check (Dual Platform) =====
[2026-09-03 11:31:31] Project path: C:\Users\LSWli\Documents\Codex\2026-08-29\qin
[2026-09-03 11:31:32] File changes detected, starting sync...
[2026-09-03 11:31:32] Changed files:
[2026-09-03 11:31:32]    M git-auto-push.log
[2026-09-03 11:31:32] All changes added to staging area
[2026-09-03 11:31:32] git commit: [main 953ff8d] Auto sync - 2026-09-03 11:31:32
[2026-09-03 11:31:32] git commit:  1 file changed, 29 insertions(+)
[2026-09-03 11:31:32] --- Pushing to GitHub ---
[2026-09-03 11:31:32] Pulling latest from GitHub...
[2026-09-03 11:31:32] git pull (GitHub): error: cannot pull with rebase: You have unstaged changes.
[2026-09-03 11:31:32] git pull (GitHub): error: Please commit or stash them.
[2026-09-03 11:31:32] WARNING: GitHub pull may have conflicts (exit code: 128)
[2026-09-03 11:31:32] Pushing to GitHub...
[2026-09-03 11:31:37] git push (GitHub): To https://github.com/lishiwen-ai/read-and-book-web.git
[2026-09-03 11:31:37] git push (GitHub):    700543f..953ff8d  main -> main
[2026-09-03 11:31:37] SUCCESS: Pushed to GitHub!
[2026-09-03 11:31:37] --- Pushing to Gitee ---
[2026-09-03 11:31:37] Pulling latest from Gitee...
[2026-09-03 11:31:37] git pull (Gitee): error: cannot pull with rebase: You have unstaged changes.
[2026-09-03 11:31:37] git pull (Gitee): error: Please commit or stash them.
[2026-09-03 11:31:37] WARNING: Gitee pull may have conflicts (exit code: 128)
[2026-09-03 11:31:37] Pushing to Gitee...
[2026-09-03 11:31:39] git push (Gitee): remote: Powered by [01;33mGITEE.COM [0m[1.1.23]        
[2026-09-03 11:31:39] git push (Gitee): remote: Set trace flag d44d9289        
[2026-09-03 11:31:39] git push (Gitee): To https://gitee.com/lsw0427/read-and-book-web.git
[2026-09-03 11:31:39] git push (Gitee):    700543f..953ff8d  main -> main
[2026-09-03 11:31:39] SUCCESS: Pushed to Gitee!
[2026-09-03 11:31:39] ===== Sync Complete =====
[2026-09-03 11:41:26] ===== Start Auto Push Check (Dual Platform) =====
[2026-09-03 11:41:26] Project path: C:\Users\LSWli\Documents\Codex\2026-08-29\qin
[2026-09-03 11:41:27] File changes detected, starting sync...
[2026-09-03 11:41:27] Changed files:
[2026-09-03 11:41:27]    M git-auto-push.log
[2026-09-03 11:41:27] All changes added to staging area
[2026-09-03 11:41:27] git commit: [main f1d8dd9] Auto sync - 2026-09-03 11:41:27
[2026-09-03 11:41:27] git commit:  1 file changed, 29 insertions(+)
[2026-09-03 11:41:27] --- Pushing to GitHub ---
[2026-09-03 11:41:27] Pulling latest from GitHub...
[2026-09-03 11:41:27] git pull (GitHub): error: cannot pull with rebase: You have unstaged changes.
[2026-09-03 11:41:27] git pull (GitHub): error: Please commit or stash them.
[2026-09-03 11:41:27] WARNING: GitHub pull may have conflicts (exit code: 128)
[2026-09-03 11:41:27] Pushing to GitHub...
[2026-09-03 11:41:32] git push (GitHub): To https://github.com/lishiwen-ai/read-and-book-web.git
[2026-09-03 11:41:32] git push (GitHub):    953ff8d..f1d8dd9  main -> main
[2026-09-03 11:41:32] SUCCESS: Pushed to GitHub!
[2026-09-03 11:41:32] --- Pushing to Gitee ---
[2026-09-03 11:41:32] Pulling latest from Gitee...
[2026-09-03 11:41:32] git pull (Gitee): error: cannot pull with rebase: You have unstaged changes.
[2026-09-03 11:41:32] git pull (Gitee): error: Please commit or stash them.
[2026-09-03 11:41:32] WARNING: Gitee pull may have conflicts (exit code: 128)
[2026-09-03 11:41:32] Pushing to Gitee...
[2026-09-03 11:41:35] git push (Gitee): remote: Powered by [01;33mGITEE.COM [0m[1.1.23]        
[2026-09-03 11:41:35] git push (Gitee): remote: Set trace flag e14461b4        
[2026-09-03 11:41:35] git push (Gitee): To https://gitee.com/lsw0427/read-and-book-web.git
[2026-09-03 11:41:35] git push (Gitee):    953ff8d..f1d8dd9  main -> main
[2026-09-03 11:41:35] SUCCESS: Pushed to Gitee!
[2026-09-03 11:41:35] ===== Sync Complete =====
[2026-09-03 11:51:38] ===== Start Auto Push Check (Dual Platform) =====
[2026-09-03 11:51:38] Project path: C:\Users\LSWli\Documents\Codex\2026-08-29\qin
[2026-09-03 11:51:38] File changes detected, starting sync...
[2026-09-03 11:51:38] Changed files:
[2026-09-03 11:51:38]    M git-auto-push.log
[2026-09-03 11:51:39] All changes added to staging area
[2026-09-03 11:51:39] git commit: [main 2c92255] Auto sync - 2026-09-03 11:51:39
[2026-09-03 11:51:39] git commit:  1 file changed, 29 insertions(+)
[2026-09-03 11:51:39] --- Pushing to GitHub ---
[2026-09-03 11:51:39] Pulling latest from GitHub...
[2026-09-03 11:51:39] git pull (GitHub): error: cannot pull with rebase: You have unstaged changes.
[2026-09-03 11:51:39] git pull (GitHub): error: Please commit or stash them.
[2026-09-03 11:51:39] WARNING: GitHub pull may have conflicts (exit code: 128)
[2026-09-03 11:51:39] Pushing to GitHub...
[2026-09-03 11:51:46] git push (GitHub): To https://github.com/lishiwen-ai/read-and-book-web.git
[2026-09-03 11:51:46] git push (GitHub):    f1d8dd9..2c92255  main -> main
[2026-09-03 11:51:46] SUCCESS: Pushed to GitHub!
[2026-09-03 11:51:46] --- Pushing to Gitee ---
[2026-09-03 11:51:46] Pulling latest from Gitee...
[2026-09-03 11:51:46] git pull (Gitee): error: cannot pull with rebase: You have unstaged changes.
[2026-09-03 11:51:46] git pull (Gitee): error: Please commit or stash them.
[2026-09-03 11:51:46] WARNING: Gitee pull may have conflicts (exit code: 128)
[2026-09-03 11:51:46] Pushing to Gitee...
[2026-09-03 11:51:48] git push (Gitee): remote: Powered by [01;33mGITEE.COM [0m[1.1.23]        
[2026-09-03 11:51:48] git push (Gitee): remote: Set trace flag 2c4ef6a7        
[2026-09-03 11:51:48] git push (Gitee): To https://gitee.com/lsw0427/read-and-book-web.git
[2026-09-03 11:51:48] git push (Gitee):    f1d8dd9..2c92255  main -> main
[2026-09-03 11:51:48] SUCCESS: Pushed to Gitee!
[2026-09-03 11:51:48] ===== Sync Complete =====
[2026-09-03 12:57:58] ===== Start Auto Push Check (Dual Platform) =====
[2026-09-03 12:57:58] Project path: C:\Users\LSWli\Documents\Codex\2026-08-29\qin
[2026-09-03 12:57:58] File changes detected, starting sync...
[2026-09-03 12:57:58] Changed files:
[2026-09-03 12:57:58]    M git-auto-push.log
[2026-09-03 12:57:58] All changes added to staging area
[2026-09-03 12:57:59] git commit: [main 4973ba6] Auto sync - 2026-09-03 12:57:58
[2026-09-03 12:57:59] git commit:  1 file changed, 29 insertions(+)
[2026-09-03 12:57:59] --- Pushing to GitHub ---
[2026-09-03 12:57:59] Pulling latest from GitHub...
[2026-09-03 12:57:59] git pull (GitHub): error: cannot pull with rebase: You have unstaged changes.
[2026-09-03 12:57:59] git pull (GitHub): error: Please commit or stash them.
[2026-09-03 12:57:59] WARNING: GitHub pull may have conflicts (exit code: 128)
[2026-09-03 12:57:59] Pushing to GitHub...
[2026-09-03 12:58:03] git push (GitHub): To https://github.com/lishiwen-ai/read-and-book-web.git
[2026-09-03 12:58:03] git push (GitHub):    2c92255..4973ba6  main -> main
[2026-09-03 12:58:03] SUCCESS: Pushed to GitHub!
[2026-09-03 12:58:03] --- Pushing to Gitee ---
[2026-09-03 12:58:03] Pulling latest from Gitee...
[2026-09-03 12:58:03] git pull (Gitee): error: cannot pull with rebase: You have unstaged changes.
[2026-09-03 12:58:03] git pull (Gitee): error: Please commit or stash them.
[2026-09-03 12:58:03] WARNING: Gitee pull may have conflicts (exit code: 128)
[2026-09-03 12:58:03] Pushing to Gitee...
[2026-09-03 12:58:05] git push (Gitee): remote: Powered by [01;33mGITEE.COM [0m[1.1.23]        
[2026-09-03 12:58:05] git push (Gitee): remote: Set trace flag 6d49f292        
[2026-09-03 12:58:05] git push (Gitee): To https://gitee.com/lsw0427/read-and-book-web.git
[2026-09-03 12:58:05] git push (Gitee):    2c92255..4973ba6  main -> main
[2026-09-03 12:58:05] SUCCESS: Pushed to Gitee!
[2026-09-03 12:58:05] ===== Sync Complete =====
[2026-09-03 13:01:28] ===== Start Auto Push Check (Dual Platform) =====
[2026-09-03 13:01:28] Project path: C:\Users\LSWli\Documents\Codex\2026-08-29\qin
[2026-09-03 13:01:28] File changes detected, starting sync...
[2026-09-03 13:01:28] Changed files:
[2026-09-03 13:01:28]    M git-auto-push.log
[2026-09-03 13:01:28] All changes added to staging area
[2026-09-03 13:01:28] git commit: [main 9b850e8] Auto sync - 2026-09-03 13:01:28
[2026-09-03 13:01:28] git commit:  1 file changed, 29 insertions(+)
[2026-09-03 13:01:28] --- Pushing to GitHub ---
[2026-09-03 13:01:28] Pulling latest from GitHub...
[2026-09-03 13:01:28] git pull (GitHub): error: cannot pull with rebase: You have unstaged changes.
[2026-09-03 13:01:28] git pull (GitHub): error: Please commit or stash them.
[2026-09-03 13:01:28] WARNING: GitHub pull may have conflicts (exit code: 128)
[2026-09-03 13:01:28] Pushing to GitHub...
[2026-09-03 13:01:33] git push (GitHub): To https://github.com/lishiwen-ai/read-and-book-web.git
[2026-09-03 13:01:33] git push (GitHub):    4973ba6..9b850e8  main -> main
[2026-09-03 13:01:33] SUCCESS: Pushed to GitHub!
[2026-09-03 13:01:33] --- Pushing to Gitee ---
[2026-09-03 13:01:33] Pulling latest from Gitee...
[2026-09-03 13:01:33] git pull (Gitee): error: cannot pull with rebase: You have unstaged changes.
[2026-09-03 13:01:33] git pull (Gitee): error: Please commit or stash them.
[2026-09-03 13:01:33] WARNING: Gitee pull may have conflicts (exit code: 128)
[2026-09-03 13:01:33] Pushing to Gitee...
[2026-09-03 13:01:35] git push (Gitee): remote: Powered by [01;33mGITEE.COM [0m[1.1.23]        
[2026-09-03 13:01:35] git push (Gitee): remote: Set trace flag d44407bf        
[2026-09-03 13:01:35] git push (Gitee): To https://gitee.com/lsw0427/read-and-book-web.git
[2026-09-03 13:01:35] git push (Gitee):    4973ba6..9b850e8  main -> main
[2026-09-03 13:01:35] SUCCESS: Pushed to Gitee!
[2026-09-03 13:01:35] ===== Sync Complete =====
[2026-09-03 13:11:38] ===== Start Auto Push Check (Dual Platform) =====
[2026-09-03 13:11:38] Project path: C:\Users\LSWli\Documents\Codex\2026-08-29\qin
[2026-09-03 13:11:38] File changes detected, starting sync...
[2026-09-03 13:11:38] Changed files:
[2026-09-03 13:11:38]    M git-auto-push.log
[2026-09-03 13:11:38] All changes added to staging area
[2026-09-03 13:11:38] git commit: [main 44fb9a6] Auto sync - 2026-09-03 13:11:38
[2026-09-03 13:11:38] git commit:  1 file changed, 29 insertions(+)
[2026-09-03 13:11:38] --- Pushing to GitHub ---
[2026-09-03 13:11:38] Pulling latest from GitHub...
[2026-09-03 13:11:39] git pull (GitHub): error: cannot pull with rebase: You have unstaged changes.
[2026-09-03 13:11:39] git pull (GitHub): error: Please commit or stash them.
[2026-09-03 13:11:39] WARNING: GitHub pull may have conflicts (exit code: 128)
[2026-09-03 13:11:39] Pushing to GitHub...
[2026-09-03 13:11:44] git push (GitHub): To https://github.com/lishiwen-ai/read-and-book-web.git
[2026-09-03 13:11:44] git push (GitHub):    9b850e8..44fb9a6  main -> main
[2026-09-03 13:11:44] SUCCESS: Pushed to GitHub!
[2026-09-03 13:11:44] --- Pushing to Gitee ---
[2026-09-03 13:11:44] Pulling latest from Gitee...
[2026-09-03 13:11:44] git pull (Gitee): error: cannot pull with rebase: You have unstaged changes.
[2026-09-03 13:11:44] git pull (Gitee): error: Please commit or stash them.
[2026-09-03 13:11:44] WARNING: Gitee pull may have conflicts (exit code: 128)
[2026-09-03 13:11:44] Pushing to Gitee...
[2026-09-03 13:11:46] git push (Gitee): remote: Powered by [01;33mGITEE.COM [0m[1.1.23]        
[2026-09-03 13:11:46] git push (Gitee): remote: Set trace flag e443b5ba        
[2026-09-03 13:11:46] git push (Gitee): To https://gitee.com/lsw0427/read-and-book-web.git
[2026-09-03 13:11:46] git push (Gitee):    9b850e8..44fb9a6  main -> main
[2026-09-03 13:11:46] SUCCESS: Pushed to Gitee!
[2026-09-03 13:11:46] ===== Sync Complete =====
[2026-09-03 13:21:31] ===== Start Auto Push Check (Dual Platform) =====
[2026-09-03 13:21:31] Project path: C:\Users\LSWli\Documents\Codex\2026-08-29\qin
[2026-09-03 13:21:31] File changes detected, starting sync...
[2026-09-03 13:21:31] Changed files:
[2026-09-03 13:21:31]    M git-auto-push.log
[2026-09-03 13:21:32] All changes added to staging area
[2026-09-03 13:21:32] git commit: [main d82e1a4] Auto sync - 2026-09-03 13:21:32
[2026-09-03 13:21:32] git commit:  1 file changed, 29 insertions(+)
[2026-09-03 13:21:32] --- Pushing to GitHub ---
[2026-09-03 13:21:32] Pulling latest from GitHub...
[2026-09-03 13:21:32] git pull (GitHub): error: cannot pull with rebase: You have unstaged changes.
[2026-09-03 13:21:32] git pull (GitHub): error: Please commit or stash them.
[2026-09-03 13:21:32] WARNING: GitHub pull may have conflicts (exit code: 128)
[2026-09-03 13:21:32] Pushing to GitHub...
[2026-09-03 13:21:36] git push (GitHub): To https://github.com/lishiwen-ai/read-and-book-web.git
[2026-09-03 13:21:36] git push (GitHub):    44fb9a6..d82e1a4  main -> main
[2026-09-03 13:21:36] SUCCESS: Pushed to GitHub!
[2026-09-03 13:21:36] --- Pushing to Gitee ---
[2026-09-03 13:21:36] Pulling latest from Gitee...
[2026-09-03 13:21:36] git pull (Gitee): error: cannot pull with rebase: You have unstaged changes.
[2026-09-03 13:21:36] git pull (Gitee): error: Please commit or stash them.
[2026-09-03 13:21:36] WARNING: Gitee pull may have conflicts (exit code: 128)
[2026-09-03 13:21:36] Pushing to Gitee...
[2026-09-03 13:21:38] git push (Gitee): remote: Powered by [01;33mGITEE.COM [0m[1.1.23]        
[2026-09-03 13:21:38] git push (Gitee): remote: Set trace flag 34475b8c        
[2026-09-03 13:21:38] git push (Gitee): To https://gitee.com/lsw0427/read-and-book-web.git
[2026-09-03 13:21:38] git push (Gitee):    44fb9a6..d82e1a4  main -> main
[2026-09-03 13:21:38] SUCCESS: Pushed to Gitee!
[2026-09-03 13:21:38] ===== Sync Complete =====
[2026-09-03 13:31:32] ===== Start Auto Push Check (Dual Platform) =====
[2026-09-03 13:31:32] Project path: C:\Users\LSWli\Documents\Codex\2026-08-29\qin
[2026-09-03 13:31:32] File changes detected, starting sync...
[2026-09-03 13:31:32] Changed files:
[2026-09-03 13:31:32]    M git-auto-push.log
[2026-09-03 13:31:32] All changes added to staging area
[2026-09-03 13:31:32] git commit: [main d91c94f] Auto sync - 2026-09-03 13:31:32
[2026-09-03 13:31:32] git commit:  1 file changed, 29 insertions(+)
[2026-09-03 13:31:32] --- Pushing to GitHub ---
[2026-09-03 13:31:33] Pulling latest from GitHub...
[2026-09-03 13:31:33] git pull (GitHub): error: cannot pull with rebase: You have unstaged changes.
[2026-09-03 13:31:33] git pull (GitHub): error: Please commit or stash them.
[2026-09-03 13:31:33] WARNING: GitHub pull may have conflicts (exit code: 128)
[2026-09-03 13:31:33] Pushing to GitHub...
[2026-09-03 13:31:37] git push (GitHub): To https://github.com/lishiwen-ai/read-and-book-web.git
[2026-09-03 13:31:37] git push (GitHub):    d82e1a4..d91c94f  main -> main
[2026-09-03 13:31:37] SUCCESS: Pushed to GitHub!
[2026-09-03 13:31:37] --- Pushing to Gitee ---
[2026-09-03 13:31:37] Pulling latest from Gitee...
[2026-09-03 13:31:37] git pull (Gitee): error: cannot pull with rebase: You have unstaged changes.
[2026-09-03 13:31:37] git pull (Gitee): error: Please commit or stash them.
[2026-09-03 13:31:37] WARNING: Gitee pull may have conflicts (exit code: 128)
[2026-09-03 13:31:37] Pushing to Gitee...
[2026-09-03 13:31:39] git push (Gitee): remote: Powered by [01;33mGITEE.COM [0m[1.1.23]        
[2026-09-03 13:31:39] git push (Gitee): remote: Set trace flag 72482fa9        
[2026-09-03 13:31:40] git push (Gitee): To https://gitee.com/lsw0427/read-and-book-web.git
[2026-09-03 13:31:40] git push (Gitee):    d82e1a4..d91c94f  main -> main
[2026-09-03 13:31:40] SUCCESS: Pushed to Gitee!
[2026-09-03 13:31:40] ===== Sync Complete =====
[2026-09-03 13:41:40] ===== Start Auto Push Check (Dual Platform) =====
[2026-09-03 13:41:40] Project path: C:\Users\LSWli\Documents\Codex\2026-08-29\qin
[2026-09-03 13:41:40] File changes detected, starting sync...
[2026-09-03 13:41:40] Changed files:
[2026-09-03 13:41:40]    M git-auto-push.log
[2026-09-03 13:41:40] All changes added to staging area
[2026-09-03 13:41:40] git commit: [main 254041e] Auto sync - 2026-09-03 13:41:40
[2026-09-03 13:41:40] git commit:  1 file changed, 29 insertions(+)
[2026-09-03 13:41:40] --- Pushing to GitHub ---
[2026-09-03 13:41:40] Pulling latest from GitHub...
[2026-09-03 13:41:40] git pull (GitHub): error: cannot pull with rebase: You have unstaged changes.
[2026-09-03 13:41:40] git pull (GitHub): error: Please commit or stash them.
[2026-09-03 13:41:40] WARNING: GitHub pull may have conflicts (exit code: 128)
[2026-09-03 13:41:40] Pushing to GitHub...
[2026-09-03 13:41:45] git push (GitHub): To https://github.com/lishiwen-ai/read-and-book-web.git
[2026-09-03 13:41:45] git push (GitHub):    d91c94f..254041e  main -> main
[2026-09-03 13:41:45] SUCCESS: Pushed to GitHub!
[2026-09-03 13:41:45] --- Pushing to Gitee ---
[2026-09-03 13:41:45] Pulling latest from Gitee...
[2026-09-03 13:41:45] git pull (Gitee): error: cannot pull with rebase: You have unstaged changes.
[2026-09-03 13:41:45] git pull (Gitee): error: Please commit or stash them.
[2026-09-03 13:41:45] WARNING: Gitee pull may have conflicts (exit code: 128)
[2026-09-03 13:41:45] Pushing to Gitee...
[2026-09-03 13:41:47] git push (Gitee): remote: Powered by [01;33mGITEE.COM [0m[1.1.23]        
[2026-09-03 13:41:47] git push (Gitee): remote: Set trace flag 704e4d82        
[2026-09-03 13:41:47] git push (Gitee): To https://gitee.com/lsw0427/read-and-book-web.git
[2026-09-03 13:41:47] git push (Gitee):    d91c94f..254041e  main -> main
[2026-09-03 13:41:47] SUCCESS: Pushed to Gitee!
[2026-09-03 13:41:47] ===== Sync Complete =====
[2026-09-03 13:51:22] ===== Start Auto Push Check (Dual Platform) =====
[2026-09-03 13:51:22] Project path: C:\Users\LSWli\Documents\Codex\2026-08-29\qin
[2026-09-03 13:51:22] File changes detected, starting sync...
[2026-09-03 13:51:22] Changed files:
[2026-09-03 13:51:22]    M git-auto-push.log
[2026-09-03 13:51:22] All changes added to staging area
[2026-09-03 13:51:22] git commit: [main 6755e73] Auto sync - 2026-09-03 13:51:22
[2026-09-03 13:51:22] git commit:  1 file changed, 29 insertions(+)
[2026-09-03 13:51:22] --- Pushing to GitHub ---
[2026-09-03 13:51:22] Pulling latest from GitHub...
[2026-09-03 13:51:22] git pull (GitHub): error: cannot pull with rebase: You have unstaged changes.
[2026-09-03 13:51:22] git pull (GitHub): error: Please commit or stash them.
[2026-09-03 13:51:22] WARNING: GitHub pull may have conflicts (exit code: 128)
[2026-09-03 13:51:22] Pushing to GitHub...
[2026-09-03 13:51:27] git push (GitHub): To https://github.com/lishiwen-ai/read-and-book-web.git
[2026-09-03 13:51:27] git push (GitHub):    254041e..6755e73  main -> main
[2026-09-03 13:51:27] SUCCESS: Pushed to GitHub!
[2026-09-03 13:51:27] --- Pushing to Gitee ---
[2026-09-03 13:51:27] Pulling latest from Gitee...
[2026-09-03 13:51:27] git pull (Gitee): error: cannot pull with rebase: You have unstaged changes.
[2026-09-03 13:51:27] git pull (Gitee): error: Please commit or stash them.
[2026-09-03 13:51:27] WARNING: Gitee pull may have conflicts (exit code: 128)
[2026-09-03 13:51:27] Pushing to Gitee...
[2026-09-03 13:51:29] git push (Gitee): remote: Powered by [01;33mGITEE.COM [0m[1.1.23]        
[2026-09-03 13:51:29] git push (Gitee): remote: Set trace flag dc437f8f        
[2026-09-03 13:51:29] git push (Gitee): To https://gitee.com/lsw0427/read-and-book-web.git
[2026-09-03 13:51:29] git push (Gitee):    254041e..6755e73  main -> main
[2026-09-03 13:51:29] SUCCESS: Pushed to Gitee!
[2026-09-03 13:51:29] ===== Sync Complete =====
[2026-09-03 14:02:14] ===== Start Auto Push Check (Dual Platform) =====
[2026-09-03 14:02:14] Project path: C:\Users\LSWli\Documents\Codex\2026-08-29\qin
[2026-09-03 14:02:14] File changes detected, starting sync...
[2026-09-03 14:02:14] Changed files:
[2026-09-03 14:02:14]    M git-auto-push.log
[2026-09-03 14:02:14] All changes added to staging area
[2026-09-03 14:02:14] git commit: [main 7fb503e] Auto sync - 2026-09-03 14:02:14
[2026-09-03 14:02:14] git commit:  1 file changed, 29 insertions(+)
[2026-09-03 14:02:14] --- Pushing to GitHub ---
[2026-09-03 14:02:15] Pulling latest from GitHub...
[2026-09-03 14:02:15] git pull (GitHub): error: cannot pull with rebase: You have unstaged changes.
[2026-09-03 14:02:15] git pull (GitHub): error: Please commit or stash them.
[2026-09-03 14:02:15] WARNING: GitHub pull may have conflicts (exit code: 128)
[2026-09-03 14:02:15] Pushing to GitHub...
[2026-09-03 14:02:19] git push (GitHub): To https://github.com/lishiwen-ai/read-and-book-web.git
[2026-09-03 14:02:19] git push (GitHub):    6755e73..7fb503e  main -> main
[2026-09-03 14:02:19] SUCCESS: Pushed to GitHub!
[2026-09-03 14:02:19] --- Pushing to Gitee ---
[2026-09-03 14:02:19] Pulling latest from Gitee...
[2026-09-03 14:02:19] git pull (Gitee): error: cannot pull with rebase: You have unstaged changes.
[2026-09-03 14:02:19] git pull (Gitee): error: Please commit or stash them.
[2026-09-03 14:02:19] WARNING: Gitee pull may have conflicts (exit code: 128)
[2026-09-03 14:02:19] Pushing to Gitee...
[2026-09-03 14:02:21] git push (Gitee): remote: Powered by [01;33mGITEE.COM [0m[1.1.23]        
[2026-09-03 14:02:21] git push (Gitee): remote: Set trace flag fe4f5187        
[2026-09-03 14:02:21] git push (Gitee): To https://gitee.com/lsw0427/read-and-book-web.git
[2026-09-03 14:02:21] git push (Gitee):    6755e73..7fb503e  main -> main
[2026-09-03 14:02:21] SUCCESS: Pushed to Gitee!
[2026-09-03 14:02:21] ===== Sync Complete =====
[2026-09-03 14:11:33] ===== Start Auto Push Check (Dual Platform) =====
[2026-09-03 14:11:33] Project path: C:\Users\LSWli\Documents\Codex\2026-08-29\qin
[2026-09-03 14:11:34] File changes detected, starting sync...
[2026-09-03 14:11:34] Changed files:
[2026-09-03 14:11:34]    M git-auto-push.log
[2026-09-03 14:11:34] All changes added to staging area
[2026-09-03 14:11:34] git commit: [main d330451] Auto sync - 2026-09-03 14:11:34
[2026-09-03 14:11:34] git commit:  1 file changed, 29 insertions(+)
[2026-09-03 14:11:34] --- Pushing to GitHub ---
[2026-09-03 14:11:34] Pulling latest from GitHub...
[2026-09-03 14:11:34] git pull (GitHub): error: cannot pull with rebase: You have unstaged changes.
[2026-09-03 14:11:34] git pull (GitHub): error: Please commit or stash them.
[2026-09-03 14:11:34] WARNING: GitHub pull may have conflicts (exit code: 128)
[2026-09-03 14:11:34] Pushing to GitHub...
[2026-09-03 14:11:40] git push (GitHub): To https://github.com/lishiwen-ai/read-and-book-web.git
[2026-09-03 14:11:40] git push (GitHub):    7fb503e..d330451  main -> main
[2026-09-03 14:11:40] SUCCESS: Pushed to GitHub!
[2026-09-03 14:11:40] --- Pushing to Gitee ---
[2026-09-03 14:11:40] Pulling latest from Gitee...
[2026-09-03 14:11:40] git pull (Gitee): error: cannot pull with rebase: You have unstaged changes.
[2026-09-03 14:11:40] git pull (Gitee): error: Please commit or stash them.
[2026-09-03 14:11:40] WARNING: Gitee pull may have conflicts (exit code: 128)
[2026-09-03 14:11:40] Pushing to Gitee...
[2026-09-03 14:11:42] git push (Gitee): remote: Powered by [01;33mGITEE.COM [0m[1.1.23]        
[2026-09-03 14:11:42] git push (Gitee): remote: Set trace flag 8143d19c        
[2026-09-03 14:11:42] git push (Gitee): To https://gitee.com/lsw0427/read-and-book-web.git
[2026-09-03 14:11:42] git push (Gitee):    7fb503e..d330451  main -> main
[2026-09-03 14:11:42] SUCCESS: Pushed to Gitee!
[2026-09-03 14:11:42] ===== Sync Complete =====
[2026-09-03 14:22:01] ===== Start Auto Push Check (Dual Platform) =====
[2026-09-03 14:22:01] Project path: C:\Users\LSWli\Documents\Codex\2026-08-29\qin
[2026-09-03 14:22:01] File changes detected, starting sync...
[2026-09-03 14:22:01] Changed files:
[2026-09-03 14:22:01]    M git-auto-push.log
[2026-09-03 14:22:01] All changes added to staging area
[2026-09-03 14:22:01] git commit: [main 4a342bc] Auto sync - 2026-09-03 14:22:01
[2026-09-03 14:22:01] git commit:  1 file changed, 29 insertions(+)
[2026-09-03 14:22:01] --- Pushing to GitHub ---
[2026-09-03 14:22:01] Pulling latest from GitHub...
[2026-09-03 14:22:01] git pull (GitHub): error: cannot pull with rebase: You have unstaged changes.
[2026-09-03 14:22:01] git pull (GitHub): error: Please commit or stash them.
[2026-09-03 14:22:01] WARNING: GitHub pull may have conflicts (exit code: 128)
[2026-09-03 14:22:01] Pushing to GitHub...
[2026-09-03 14:22:06] git push (GitHub): To https://github.com/lishiwen-ai/read-and-book-web.git
[2026-09-03 14:22:06] git push (GitHub):    d330451..4a342bc  main -> main
[2026-09-03 14:22:06] SUCCESS: Pushed to GitHub!
[2026-09-03 14:22:06] --- Pushing to Gitee ---
[2026-09-03 14:22:06] Pulling latest from Gitee...
[2026-09-03 14:22:06] git pull (Gitee): error: cannot pull with rebase: You have unstaged changes.
[2026-09-03 14:22:06] git pull (Gitee): error: Please commit or stash them.
[2026-09-03 14:22:06] WARNING: Gitee pull may have conflicts (exit code: 128)
[2026-09-03 14:22:06] Pushing to Gitee...
[2026-09-03 14:22:08] git push (Gitee): remote: Powered by [01;33mGITEE.COM [0m[1.1.23]        
[2026-09-03 14:22:08] git push (Gitee): remote: Set trace flag fe435aac        
[2026-09-03 14:22:08] git push (Gitee): To https://gitee.com/lsw0427/read-and-book-web.git
[2026-09-03 14:22:08] git push (Gitee):    d330451..4a342bc  main -> main
[2026-09-03 14:22:08] SUCCESS: Pushed to Gitee!
[2026-09-03 14:22:08] ===== Sync Complete =====
[2026-09-03 14:31:34] ===== Start Auto Push Check (Dual Platform) =====
[2026-09-03 14:31:34] Project path: C:\Users\LSWli\Documents\Codex\2026-08-29\qin
[2026-09-03 14:31:34] File changes detected, starting sync...
[2026-09-03 14:31:34] Changed files:
[2026-09-03 14:31:34]    M git-auto-push.log
[2026-09-03 14:31:34] All changes added to staging area
[2026-09-03 14:31:34] git commit: [main 9699b92] Auto sync - 2026-09-03 14:31:34
[2026-09-03 14:31:34] git commit:  1 file changed, 29 insertions(+)
[2026-09-03 14:31:34] --- Pushing to GitHub ---
[2026-09-03 14:31:34] Pulling latest from GitHub...
[2026-09-03 14:31:34] git pull (GitHub): error: cannot pull with rebase: You have unstaged changes.
[2026-09-03 14:31:34] git pull (GitHub): error: Please commit or stash them.
[2026-09-03 14:31:34] WARNING: GitHub pull may have conflicts (exit code: 128)
[2026-09-03 14:31:34] Pushing to GitHub...
[2026-09-03 14:31:41] git push (GitHub): To https://github.com/lishiwen-ai/read-and-book-web.git
[2026-09-03 14:31:41] git push (GitHub):    4a342bc..9699b92  main -> main
[2026-09-03 14:31:41] SUCCESS: Pushed to GitHub!
[2026-09-03 14:31:41] --- Pushing to Gitee ---
[2026-09-03 14:31:41] Pulling latest from Gitee...
[2026-09-03 14:31:41] git pull (Gitee): error: cannot pull with rebase: You have unstaged changes.
[2026-09-03 14:31:41] git pull (Gitee): error: Please commit or stash them.
[2026-09-03 14:31:41] WARNING: Gitee pull may have conflicts (exit code: 128)
[2026-09-03 14:31:41] Pushing to Gitee...
[2026-09-03 14:31:43] git push (Gitee): remote: Powered by [01;33mGITEE.COM [0m[1.1.23]        
[2026-09-03 14:31:43] git push (Gitee): remote: Set trace flag 7f42418c        
[2026-09-03 14:31:43] git push (Gitee): To https://gitee.com/lsw0427/read-and-book-web.git
[2026-09-03 14:31:43] git push (Gitee):    4a342bc..9699b92  main -> main
[2026-09-03 14:31:43] SUCCESS: Pushed to Gitee!
[2026-09-03 14:31:43] ===== Sync Complete =====
[2026-09-03 14:41:29] ===== Start Auto Push Check (Dual Platform) =====
[2026-09-03 14:41:29] Project path: C:\Users\LSWli\Documents\Codex\2026-08-29\qin
[2026-09-03 14:41:29] File changes detected, starting sync...
[2026-09-03 14:41:29] Changed files:
[2026-09-03 14:41:29]    M git-auto-push.log
[2026-09-03 14:41:29] All changes added to staging area
[2026-09-03 14:41:30] git commit: [main 17b40a2] Auto sync - 2026-09-03 14:41:29
[2026-09-03 14:41:30] git commit:  1 file changed, 29 insertions(+)
[2026-09-03 14:41:30] --- Pushing to GitHub ---
[2026-09-03 14:41:30] Pulling latest from GitHub...
[2026-09-03 14:41:30] git pull (GitHub): error: cannot pull with rebase: You have unstaged changes.
[2026-09-03 14:41:30] git pull (GitHub): error: Please commit or stash them.
[2026-09-03 14:41:30] WARNING: GitHub pull may have conflicts (exit code: 128)
[2026-09-03 14:41:30] Pushing to GitHub...
[2026-09-03 14:41:34] git push (GitHub): To https://github.com/lishiwen-ai/read-and-book-web.git
[2026-09-03 14:41:34] git push (GitHub):    9699b92..17b40a2  main -> main
[2026-09-03 14:41:34] SUCCESS: Pushed to GitHub!
[2026-09-03 14:41:34] --- Pushing to Gitee ---
[2026-09-03 14:41:34] Pulling latest from Gitee...
[2026-09-03 14:41:34] git pull (Gitee): error: cannot pull with rebase: You have unstaged changes.
[2026-09-03 14:41:34] git pull (Gitee): error: Please commit or stash them.
[2026-09-03 14:41:34] WARNING: Gitee pull may have conflicts (exit code: 128)
[2026-09-03 14:41:34] Pushing to Gitee...
[2026-09-03 14:41:36] git push (Gitee): remote: Powered by [01;33mGITEE.COM [0m[1.1.23]        
[2026-09-03 14:41:36] git push (Gitee): remote: Set trace flag 0b448c8b        
[2026-09-03 14:41:36] git push (Gitee): To https://gitee.com/lsw0427/read-and-book-web.git
[2026-09-03 14:41:36] git push (Gitee):    9699b92..17b40a2  main -> main
[2026-09-03 14:41:36] SUCCESS: Pushed to Gitee!
[2026-09-03 14:41:36] ===== Sync Complete =====
[2026-09-03 14:51:36] ===== Start Auto Push Check (Dual Platform) =====
[2026-09-03 14:51:36] Project path: C:\Users\LSWli\Documents\Codex\2026-08-29\qin
[2026-09-03 14:51:36] File changes detected, starting sync...
[2026-09-03 14:51:36] Changed files:
[2026-09-03 14:51:36]    M git-auto-push.log
[2026-09-03 14:51:36] All changes added to staging area
[2026-09-03 14:51:37] git commit: [main 5a84e0b] Auto sync - 2026-09-03 14:51:36
[2026-09-03 14:51:37] git commit:  1 file changed, 29 insertions(+)
[2026-09-03 14:51:37] --- Pushing to GitHub ---
[2026-09-03 14:51:37] Pulling latest from GitHub...
[2026-09-03 14:51:37] git pull (GitHub): error: cannot pull with rebase: You have unstaged changes.
[2026-09-03 14:51:37] git pull (GitHub): error: Please commit or stash them.
[2026-09-03 14:51:37] WARNING: GitHub pull may have conflicts (exit code: 128)
[2026-09-03 14:51:37] Pushing to GitHub...
[2026-09-03 14:51:43] git push (GitHub): To https://github.com/lishiwen-ai/read-and-book-web.git
[2026-09-03 14:51:43] git push (GitHub):    17b40a2..5a84e0b  main -> main
[2026-09-03 14:51:43] SUCCESS: Pushed to GitHub!
[2026-09-03 14:51:43] --- Pushing to Gitee ---
[2026-09-03 14:51:43] Pulling latest from Gitee...
[2026-09-03 14:51:43] git pull (Gitee): error: cannot pull with rebase: You have unstaged changes.
[2026-09-03 14:51:43] git pull (Gitee): error: Please commit or stash them.
[2026-09-03 14:51:43] WARNING: Gitee pull may have conflicts (exit code: 128)
[2026-09-03 14:51:43] Pushing to Gitee...
[2026-09-03 14:51:45] git push (Gitee): remote: Powered by [01;33mGITEE.COM [0m[1.1.23]        
[2026-09-03 14:51:45] git push (Gitee): remote: Set trace flag ae4e0196        
[2026-09-03 14:51:45] git push (Gitee): To https://gitee.com/lsw0427/read-and-book-web.git
[2026-09-03 14:51:45] git push (Gitee):    17b40a2..5a84e0b  main -> main
[2026-09-03 14:51:46] SUCCESS: Pushed to Gitee!
[2026-09-03 14:51:46] ===== Sync Complete =====
[2026-09-03 15:01:34] ===== Start Auto Push Check (Dual Platform) =====
[2026-09-03 15:01:34] Project path: C:\Users\LSWli\Documents\Codex\2026-08-29\qin
[2026-09-03 15:01:34] File changes detected, starting sync...
[2026-09-03 15:01:34] Changed files:
[2026-09-03 15:01:34]    M git-auto-push.log
[2026-09-03 15:01:34] All changes added to staging area
[2026-09-03 15:01:34] git commit: [main a1eb3ad] Auto sync - 2026-09-03 15:01:34
[2026-09-03 15:01:34] git commit:  1 file changed, 29 insertions(+)
[2026-09-03 15:01:34] --- Pushing to GitHub ---
[2026-09-03 15:01:34] Pulling latest from GitHub...
[2026-09-03 15:01:34] git pull (GitHub): error: cannot pull with rebase: You have unstaged changes.
[2026-09-03 15:01:34] git pull (GitHub): error: Please commit or stash them.
[2026-09-03 15:01:34] WARNING: GitHub pull may have conflicts (exit code: 128)
[2026-09-03 15:01:34] Pushing to GitHub...
[2026-09-03 15:01:39] git push (GitHub): To https://github.com/lishiwen-ai/read-and-book-web.git
[2026-09-03 15:01:39] git push (GitHub):    5a84e0b..a1eb3ad  main -> main
[2026-09-03 15:01:39] SUCCESS: Pushed to GitHub!
[2026-09-03 15:01:39] --- Pushing to Gitee ---
[2026-09-03 15:01:39] Pulling latest from Gitee...
[2026-09-03 15:01:39] git pull (Gitee): error: cannot pull with rebase: You have unstaged changes.
[2026-09-03 15:01:39] git pull (Gitee): error: Please commit or stash them.
[2026-09-03 15:01:39] WARNING: Gitee pull may have conflicts (exit code: 128)
[2026-09-03 15:01:39] Pushing to Gitee...
[2026-09-03 15:01:41] git push (Gitee): remote: Powered by [01;33mGITEE.COM [0m[1.1.23]        
[2026-09-03 15:01:41] git push (Gitee): remote: Set trace flag c1471e91        
[2026-09-03 15:01:41] git push (Gitee): To https://gitee.com/lsw0427/read-and-book-web.git
[2026-09-03 15:01:41] git push (Gitee):    5a84e0b..a1eb3ad  main -> main
[2026-09-03 15:01:41] SUCCESS: Pushed to Gitee!
[2026-09-03 15:01:41] ===== Sync Complete =====
[2026-09-03 15:11:50] ===== Start Auto Push Check (Dual Platform) =====
[2026-09-03 15:11:50] Project path: C:\Users\LSWli\Documents\Codex\2026-08-29\qin
[2026-09-03 15:11:50] File changes detected, starting sync...
[2026-09-03 15:11:50] Changed files:
[2026-09-03 15:11:50]    M git-auto-push.log
[2026-09-03 15:11:50] All changes added to staging area
[2026-09-03 15:11:50] git commit: [main 9ae5915] Auto sync - 2026-09-03 15:11:50
[2026-09-03 15:11:50] git commit:  1 file changed, 29 insertions(+)
[2026-09-03 15:11:50] --- Pushing to GitHub ---
[2026-09-03 15:11:50] Pulling latest from GitHub...
[2026-09-03 15:11:51] git pull (GitHub): error: cannot pull with rebase: You have unstaged changes.
[2026-09-03 15:11:51] git pull (GitHub): error: Please commit or stash them.
[2026-09-03 15:11:51] WARNING: GitHub pull may have conflicts (exit code: 128)
[2026-09-03 15:11:51] Pushing to GitHub...
[2026-09-03 15:11:55] git push (GitHub): To https://github.com/lishiwen-ai/read-and-book-web.git
[2026-09-03 15:11:55] git push (GitHub):    a1eb3ad..9ae5915  main -> main
[2026-09-03 15:11:55] SUCCESS: Pushed to GitHub!
[2026-09-03 15:11:55] --- Pushing to Gitee ---
[2026-09-03 15:11:55] Pulling latest from Gitee...
[2026-09-03 15:11:55] git pull (Gitee): error: cannot pull with rebase: You have unstaged changes.
[2026-09-03 15:11:55] git pull (Gitee): error: Please commit or stash them.
[2026-09-03 15:11:55] WARNING: Gitee pull may have conflicts (exit code: 128)
[2026-09-03 15:11:55] Pushing to Gitee...
[2026-09-03 15:11:57] git push (Gitee): remote: Powered by [01;33mGITEE.COM [0m[1.1.23]        
[2026-09-03 15:11:57] git push (Gitee): remote: Set trace flag fc4b25a8        
[2026-09-03 15:11:57] git push (Gitee): To https://gitee.com/lsw0427/read-and-book-web.git
[2026-09-03 15:11:57] git push (Gitee):    a1eb3ad..9ae5915  main -> main
[2026-09-03 15:11:57] SUCCESS: Pushed to Gitee!
[2026-09-03 15:11:57] ===== Sync Complete =====
[2026-09-03 15:21:32] ===== Start Auto Push Check (Dual Platform) =====
[2026-09-03 15:21:32] Project path: C:\Users\LSWli\Documents\Codex\2026-08-29\qin
[2026-09-03 15:21:32] File changes detected, starting sync...
[2026-09-03 15:21:32] Changed files:
[2026-09-03 15:21:32]    M git-auto-push.log
[2026-09-03 15:21:32] All changes added to staging area
[2026-09-03 15:21:32] git commit: [main 3ceab16] Auto sync - 2026-09-03 15:21:32
[2026-09-03 15:21:32] git commit:  1 file changed, 29 insertions(+)
[2026-09-03 15:21:32] --- Pushing to GitHub ---
[2026-09-03 15:21:32] Pulling latest from GitHub...
[2026-09-03 15:21:32] git pull (GitHub): error: cannot pull with rebase: You have unstaged changes.
[2026-09-03 15:21:32] git pull (GitHub): error: Please commit or stash them.
[2026-09-03 15:21:32] WARNING: GitHub pull may have conflicts (exit code: 128)
[2026-09-03 15:21:32] Pushing to GitHub...
[2026-09-03 15:21:38] git push (GitHub): To https://github.com/lishiwen-ai/read-and-book-web.git
[2026-09-03 15:21:38] git push (GitHub):    9ae5915..3ceab16  main -> main
[2026-09-03 15:21:38] SUCCESS: Pushed to GitHub!
[2026-09-03 15:21:38] --- Pushing to Gitee ---
[2026-09-03 15:21:38] Pulling latest from Gitee...
[2026-09-03 15:21:38] git pull (Gitee): error: cannot pull with rebase: You have unstaged changes.
[2026-09-03 15:21:38] git pull (Gitee): error: Please commit or stash them.
[2026-09-03 15:21:38] WARNING: Gitee pull may have conflicts (exit code: 128)
[2026-09-03 15:21:38] Pushing to Gitee...
[2026-09-03 15:21:40] git push (Gitee): remote: Powered by [01;33mGITEE.COM [0m[1.1.23]        
[2026-09-03 15:21:40] git push (Gitee): remote: Set trace flag d74da4ad        
[2026-09-03 15:21:40] git push (Gitee): To https://gitee.com/lsw0427/read-and-book-web.git
[2026-09-03 15:21:40] git push (Gitee):    9ae5915..3ceab16  main -> main
[2026-09-03 15:21:40] SUCCESS: Pushed to Gitee!
[2026-09-03 15:21:40] ===== Sync Complete =====
[2026-09-03 15:32:04] ===== Start Auto Push Check (Dual Platform) =====
[2026-09-03 15:32:04] Project path: C:\Users\LSWli\Documents\Codex\2026-08-29\qin
[2026-09-03 15:32:04] File changes detected, starting sync...
[2026-09-03 15:32:04] Changed files:
[2026-09-03 15:32:04]    M git-auto-push.log
[2026-09-03 15:32:04] All changes added to staging area
[2026-09-03 15:32:04] git commit: [main 3210b3d] Auto sync - 2026-09-03 15:32:04
[2026-09-03 15:32:04] git commit:  1 file changed, 29 insertions(+)
[2026-09-03 15:32:04] --- Pushing to GitHub ---
[2026-09-03 15:32:05] Pulling latest from GitHub...
[2026-09-03 15:32:05] git pull (GitHub): error: cannot pull with rebase: You have unstaged changes.
[2026-09-03 15:32:05] git pull (GitHub): error: Please commit or stash them.
[2026-09-03 15:32:05] WARNING: GitHub pull may have conflicts (exit code: 128)
[2026-09-03 15:32:05] Pushing to GitHub...
[2026-09-03 15:32:12] git push (GitHub): To https://github.com/lishiwen-ai/read-and-book-web.git
[2026-09-03 15:32:12] git push (GitHub):    3ceab16..3210b3d  main -> main
[2026-09-03 15:32:12] SUCCESS: Pushed to GitHub!
[2026-09-03 15:32:12] --- Pushing to Gitee ---
[2026-09-03 15:32:12] Pulling latest from Gitee...
[2026-09-03 15:32:13] git pull (Gitee): error: cannot pull with rebase: You have unstaged changes.
[2026-09-03 15:32:13] git pull (Gitee): error: Please commit or stash them.
[2026-09-03 15:32:13] WARNING: Gitee pull may have conflicts (exit code: 128)
[2026-09-03 15:32:13] Pushing to Gitee...
[2026-09-03 15:32:15] git push (Gitee): remote: Powered by [01;33mGITEE.COM [0m[1.1.23]        
[2026-09-03 15:32:15] git push (Gitee): remote: Set trace flag f14e6893        
[2026-09-03 15:32:15] git push (Gitee): To https://gitee.com/lsw0427/read-and-book-web.git
[2026-09-03 15:32:15] git push (Gitee):    3ceab16..3210b3d  main -> main
[2026-09-03 15:32:15] SUCCESS: Pushed to Gitee!
[2026-09-03 15:32:15] ===== Sync Complete =====
[2026-09-03 15:41:24] ===== Start Auto Push Check (Dual Platform) =====
[2026-09-03 15:41:24] Project path: C:\Users\LSWli\Documents\Codex\2026-08-29\qin
[2026-09-03 15:41:25] File changes detected, starting sync...
[2026-09-03 15:41:25] Changed files:
[2026-09-03 15:41:25]    M git-auto-push.log
[2026-09-03 15:41:25] All changes added to staging area
[2026-09-03 15:41:25] git commit: [main c9101f2] Auto sync - 2026-09-03 15:41:25
[2026-09-03 15:41:25] git commit:  1 file changed, 29 insertions(+)
[2026-09-03 15:41:25] --- Pushing to GitHub ---
[2026-09-03 15:41:25] Pulling latest from GitHub...
[2026-09-03 15:41:25] git pull (GitHub): error: cannot pull with rebase: You have unstaged changes.
[2026-09-03 15:41:25] git pull (GitHub): error: Please commit or stash them.
[2026-09-03 15:41:25] WARNING: GitHub pull may have conflicts (exit code: 128)
[2026-09-03 15:41:25] Pushing to GitHub...
[2026-09-03 15:41:29] git push (GitHub): To https://github.com/lishiwen-ai/read-and-book-web.git
[2026-09-03 15:41:29] git push (GitHub):    3210b3d..c9101f2  main -> main
[2026-09-03 15:41:29] SUCCESS: Pushed to GitHub!
[2026-09-03 15:41:29] --- Pushing to Gitee ---
[2026-09-03 15:41:29] Pulling latest from Gitee...
[2026-09-03 15:41:29] git pull (Gitee): error: cannot pull with rebase: You have unstaged changes.
[2026-09-03 15:41:29] git pull (Gitee): error: Please commit or stash them.
[2026-09-03 15:41:29] WARNING: Gitee pull may have conflicts (exit code: 128)
[2026-09-03 15:41:29] Pushing to Gitee...
[2026-09-03 15:41:31] git push (Gitee): remote: Powered by [01;33mGITEE.COM [0m[1.1.23]        
[2026-09-03 15:41:31] git push (Gitee): remote: Set trace flag 774eadb4        
[2026-09-03 15:41:31] git push (Gitee): To https://gitee.com/lsw0427/read-and-book-web.git
[2026-09-03 15:41:31] git push (Gitee):    3210b3d..c9101f2  main -> main
[2026-09-03 15:41:31] SUCCESS: Pushed to Gitee!
[2026-09-03 15:41:31] ===== Sync Complete =====
[2026-09-03 15:51:25] ===== Start Auto Push Check (Dual Platform) =====
[2026-09-03 15:51:25] Project path: C:\Users\LSWli\Documents\Codex\2026-08-29\qin
[2026-09-03 15:51:25] File changes detected, starting sync...
[2026-09-03 15:51:25] Changed files:
[2026-09-03 15:51:25]    M git-auto-push.log
[2026-09-03 15:51:25] All changes added to staging area
[2026-09-03 15:51:25] git commit: [main e0c1cbe] Auto sync - 2026-09-03 15:51:25
[2026-09-03 15:51:25] git commit:  1 file changed, 29 insertions(+)
[2026-09-03 15:51:25] --- Pushing to GitHub ---
[2026-09-03 15:51:25] Pulling latest from GitHub...
[2026-09-03 15:51:25] git pull (GitHub): error: cannot pull with rebase: You have unstaged changes.
[2026-09-03 15:51:25] git pull (GitHub): error: Please commit or stash them.
[2026-09-03 15:51:25] WARNING: GitHub pull may have conflicts (exit code: 128)
[2026-09-03 15:51:25] Pushing to GitHub...
[2026-09-03 15:51:31] git push (GitHub): To https://github.com/lishiwen-ai/read-and-book-web.git
[2026-09-03 15:51:31] git push (GitHub):    c9101f2..e0c1cbe  main -> main
[2026-09-03 15:51:31] SUCCESS: Pushed to GitHub!
[2026-09-03 15:51:31] --- Pushing to Gitee ---
[2026-09-03 15:51:31] Pulling latest from Gitee...
[2026-09-03 15:51:31] git pull (Gitee): error: cannot pull with rebase: You have unstaged changes.
[2026-09-03 15:51:31] git pull (Gitee): error: Please commit or stash them.
[2026-09-03 15:51:31] WARNING: Gitee pull may have conflicts (exit code: 128)
[2026-09-03 15:51:31] Pushing to Gitee...
[2026-09-03 15:51:33] git push (Gitee): remote: Powered by [01;33mGITEE.COM [0m[1.1.23]        
[2026-09-03 15:51:33] git push (Gitee): remote: Set trace flag 584a9688        
[2026-09-03 15:51:33] git push (Gitee): To https://gitee.com/lsw0427/read-and-book-web.git
[2026-09-03 15:51:33] git push (Gitee):    c9101f2..e0c1cbe  main -> main
[2026-09-03 15:51:33] SUCCESS: Pushed to Gitee!
[2026-09-03 15:51:33] ===== Sync Complete =====
[2026-09-03 16:01:57] ===== Start Auto Push Check (Dual Platform) =====
[2026-09-03 16:01:57] Project path: C:\Users\LSWli\Documents\Codex\2026-08-29\qin
[2026-09-03 16:01:57] File changes detected, starting sync...
[2026-09-03 16:01:57] Changed files:
[2026-09-03 16:01:57]    M git-auto-push.log
[2026-09-03 16:01:57] All changes added to staging area
[2026-09-03 16:01:57] git commit: [main 98d9823] Auto sync - 2026-09-03 16:01:57
[2026-09-03 16:01:57] git commit:  1 file changed, 29 insertions(+)
[2026-09-03 16:01:57] --- Pushing to GitHub ---
[2026-09-03 16:01:57] Pulling latest from GitHub...
[2026-09-03 16:01:57] git pull (GitHub): error: cannot pull with rebase: You have unstaged changes.
[2026-09-03 16:01:57] git pull (GitHub): error: Please commit or stash them.
[2026-09-03 16:01:57] WARNING: GitHub pull may have conflicts (exit code: 128)
[2026-09-03 16:01:57] Pushing to GitHub...
[2026-09-03 16:02:02] git push (GitHub): To https://github.com/lishiwen-ai/read-and-book-web.git
[2026-09-03 16:02:02] git push (GitHub):    e0c1cbe..98d9823  main -> main
[2026-09-03 16:02:02] SUCCESS: Pushed to GitHub!
[2026-09-03 16:02:02] --- Pushing to Gitee ---
[2026-09-03 16:02:02] Pulling latest from Gitee...
[2026-09-03 16:02:02] git pull (Gitee): error: cannot pull with rebase: You have unstaged changes.
[2026-09-03 16:02:02] git pull (Gitee): error: Please commit or stash them.
[2026-09-03 16:02:02] WARNING: Gitee pull may have conflicts (exit code: 128)
[2026-09-03 16:02:02] Pushing to Gitee...
[2026-09-03 16:02:04] git push (Gitee): remote: Powered by [01;33mGITEE.COM [0m[1.1.23]        
[2026-09-03 16:02:04] git push (Gitee): remote: Set trace flag 844eaba6        
[2026-09-03 16:02:04] git push (Gitee): To https://gitee.com/lsw0427/read-and-book-web.git
[2026-09-03 16:02:04] git push (Gitee):    e0c1cbe..98d9823  main -> main
[2026-09-03 16:02:04] SUCCESS: Pushed to Gitee!
[2026-09-03 16:02:04] ===== Sync Complete =====
[2026-09-03 16:11:33] ===== Start Auto Push Check (Dual Platform) =====
[2026-09-03 16:11:33] Project path: C:\Users\LSWli\Documents\Codex\2026-08-29\qin
[2026-09-03 16:11:34] File changes detected, starting sync...
[2026-09-03 16:11:34] Changed files:
[2026-09-03 16:11:34]    M git-auto-push.log
[2026-09-03 16:11:34] All changes added to staging area
[2026-09-03 16:11:34] git commit: [main 18ede33] Auto sync - 2026-09-03 16:11:34
[2026-09-03 16:11:34] git commit:  1 file changed, 29 insertions(+)
[2026-09-03 16:11:34] --- Pushing to GitHub ---
[2026-09-03 16:11:34] Pulling latest from GitHub...
[2026-09-03 16:11:34] git pull (GitHub): error: cannot pull with rebase: You have unstaged changes.
[2026-09-03 16:11:34] git pull (GitHub): error: Please commit or stash them.
[2026-09-03 16:11:34] WARNING: GitHub pull may have conflicts (exit code: 128)
[2026-09-03 16:11:34] Pushing to GitHub...
[2026-09-03 16:11:40] git push (GitHub): To https://github.com/lishiwen-ai/read-and-book-web.git
[2026-09-03 16:11:40] git push (GitHub):    98d9823..18ede33  main -> main
[2026-09-03 16:11:40] SUCCESS: Pushed to GitHub!
[2026-09-03 16:11:40] --- Pushing to Gitee ---
[2026-09-03 16:11:40] Pulling latest from Gitee...
[2026-09-03 16:11:40] git pull (Gitee): error: cannot pull with rebase: You have unstaged changes.
[2026-09-03 16:11:40] git pull (Gitee): error: Please commit or stash them.
[2026-09-03 16:11:40] WARNING: Gitee pull may have conflicts (exit code: 128)
[2026-09-03 16:11:40] Pushing to Gitee...
[2026-09-03 16:11:42] git push (Gitee): remote: Powered by [01;33mGITEE.COM [0m[1.1.23]        
[2026-09-03 16:11:42] git push (Gitee): remote: Set trace flag 134de3ac        
[2026-09-03 16:11:42] git push (Gitee): To https://gitee.com/lsw0427/read-and-book-web.git
[2026-09-03 16:11:42] git push (Gitee):    98d9823..18ede33  main -> main
[2026-09-03 16:11:42] SUCCESS: Pushed to Gitee!
[2026-09-03 16:11:42] ===== Sync Complete =====
[2026-09-03 16:21:37] ===== Start Auto Push Check (Dual Platform) =====
[2026-09-03 16:21:37] Project path: C:\Users\LSWli\Documents\Codex\2026-08-29\qin
[2026-09-03 16:21:37] File changes detected, starting sync...
[2026-09-03 16:21:37] Changed files:
[2026-09-03 16:21:37]    M git-auto-push.log
[2026-09-03 16:21:38] All changes added to staging area
[2026-09-03 16:21:38] git commit: [main 1bd6733] Auto sync - 2026-09-03 16:21:38
[2026-09-03 16:21:38] git commit:  1 file changed, 29 insertions(+)
[2026-09-03 16:21:38] --- Pushing to GitHub ---
[2026-09-03 16:21:38] Pulling latest from GitHub...
[2026-09-03 16:21:38] git pull (GitHub): error: cannot pull with rebase: You have unstaged changes.
[2026-09-03 16:21:38] git pull (GitHub): error: Please commit or stash them.
[2026-09-03 16:21:38] WARNING: GitHub pull may have conflicts (exit code: 128)
[2026-09-03 16:21:38] Pushing to GitHub...
[2026-09-03 16:21:45] git push (GitHub): To https://github.com/lishiwen-ai/read-and-book-web.git
[2026-09-03 16:21:45] git push (GitHub):    18ede33..1bd6733  main -> main
[2026-09-03 16:21:45] SUCCESS: Pushed to GitHub!
[2026-09-03 16:21:45] --- Pushing to Gitee ---
[2026-09-03 16:21:45] Pulling latest from Gitee...
[2026-09-03 16:21:45] git pull (Gitee): error: cannot pull with rebase: You have unstaged changes.
[2026-09-03 16:21:45] git pull (Gitee): error: Please commit or stash them.
[2026-09-03 16:21:45] WARNING: Gitee pull may have conflicts (exit code: 128)
[2026-09-03 16:21:45] Pushing to Gitee...
[2026-09-03 16:21:48] git push (Gitee): remote: Powered by [01;33mGITEE.COM [0m[1.1.23]        
[2026-09-03 16:21:48] git push (Gitee): remote: Set trace flag eb44058e        
[2026-09-03 16:21:48] git push (Gitee): To https://gitee.com/lsw0427/read-and-book-web.git
[2026-09-03 16:21:48] git push (Gitee):    18ede33..1bd6733  main -> main
[2026-09-03 16:21:48] SUCCESS: Pushed to Gitee!
[2026-09-03 16:21:48] ===== Sync Complete =====
[2026-09-03 16:31:42] ===== Start Auto Push Check (Dual Platform) =====
[2026-09-03 16:31:42] Project path: C:\Users\LSWli\Documents\Codex\2026-08-29\qin
[2026-09-03 16:31:42] File changes detected, starting sync...
[2026-09-03 16:31:42] Changed files:
[2026-09-03 16:31:42]    M git-auto-push.log
[2026-09-03 16:31:42] All changes added to staging area
[2026-09-03 16:31:42] git commit: [main f899e46] Auto sync - 2026-09-03 16:31:42
[2026-09-03 16:31:42] git commit:  1 file changed, 29 insertions(+)
[2026-09-03 16:31:42] --- Pushing to GitHub ---
[2026-09-03 16:31:42] Pulling latest from GitHub...
[2026-09-03 16:31:43] git pull (GitHub): error: cannot pull with rebase: You have unstaged changes.
[2026-09-03 16:31:43] git pull (GitHub): error: Please commit or stash them.
[2026-09-03 16:31:43] WARNING: GitHub pull may have conflicts (exit code: 128)
[2026-09-03 16:31:43] Pushing to GitHub...
[2026-09-03 16:31:49] git push (GitHub): To https://github.com/lishiwen-ai/read-and-book-web.git
[2026-09-03 16:31:49] git push (GitHub):    1bd6733..f899e46  main -> main
[2026-09-03 16:31:49] SUCCESS: Pushed to GitHub!
[2026-09-03 16:31:49] --- Pushing to Gitee ---
[2026-09-03 16:31:49] Pulling latest from Gitee...
[2026-09-03 16:31:49] git pull (Gitee): error: cannot pull with rebase: You have unstaged changes.
[2026-09-03 16:31:49] git pull (Gitee): error: Please commit or stash them.
[2026-09-03 16:31:49] WARNING: Gitee pull may have conflicts (exit code: 128)
[2026-09-03 16:31:49] Pushing to Gitee...
[2026-09-03 16:31:52] git push (Gitee): remote: Powered by [01;33mGITEE.COM [0m[1.1.23]        
[2026-09-03 16:31:52] git push (Gitee): remote: Set trace flag 2d4e0f94        
[2026-09-03 16:31:52] git push (Gitee): To https://gitee.com/lsw0427/read-and-book-web.git
[2026-09-03 16:31:52] git push (Gitee):    1bd6733..f899e46  main -> main
[2026-09-03 16:31:52] SUCCESS: Pushed to Gitee!
[2026-09-03 16:31:52] ===== Sync Complete =====
[2026-09-03 21:21:23] ===== Start Auto Push Check (Dual Platform) =====
[2026-09-03 21:21:23] Project path: C:\Users\LSWli\Documents\Codex\2026-08-29\qin
[2026-09-03 21:21:23] File changes detected, starting sync...
[2026-09-03 21:21:23] Changed files:
[2026-09-03 21:21:23]    M git-auto-push.log
[2026-09-03 21:21:24] All changes added to staging area
[2026-09-03 21:21:24] git commit: [main c3889e1] Auto sync - 2026-09-03 21:21:24
[2026-09-03 21:21:24] git commit:  1 file changed, 29 insertions(+)
[2026-09-03 21:21:24] --- Pushing to GitHub ---
[2026-09-03 21:21:24] Pulling latest from GitHub...
[2026-09-03 21:21:24] git pull (GitHub): error: cannot pull with rebase: You have unstaged changes.
[2026-09-03 21:21:24] git pull (GitHub): error: Please commit or stash them.
[2026-09-03 21:21:24] WARNING: GitHub pull may have conflicts (exit code: 128)
[2026-09-03 21:21:24] Pushing to GitHub...
[2026-09-03 21:21:31] git push (GitHub): To https://github.com/lishiwen-ai/read-and-book-web.git
[2026-09-03 21:21:31] git push (GitHub):    f899e46..c3889e1  main -> main
[2026-09-03 21:21:31] SUCCESS: Pushed to GitHub!
[2026-09-03 21:21:31] --- Pushing to Gitee ---
[2026-09-03 21:21:31] Pulling latest from Gitee...
[2026-09-03 21:21:31] git pull (Gitee): error: cannot pull with rebase: You have unstaged changes.
[2026-09-03 21:21:31] git pull (Gitee): error: Please commit or stash them.
[2026-09-03 21:21:31] WARNING: Gitee pull may have conflicts (exit code: 128)
[2026-09-03 21:21:31] Pushing to Gitee...
[2026-09-03 21:21:34] git push (Gitee): remote: Powered by [01;33mGITEE.COM [0m[1.1.23]        
[2026-09-03 21:21:34] git push (Gitee): remote: Set trace flag f849d893        
[2026-09-03 21:21:34] git push (Gitee): To https://gitee.com/lsw0427/read-and-book-web.git
[2026-09-03 21:21:34] git push (Gitee):    f899e46..c3889e1  main -> main
[2026-09-03 21:21:34] SUCCESS: Pushed to Gitee!
[2026-09-03 21:21:34] ===== Sync Complete =====
[2026-09-03 21:22:26] ===== Start Auto Push Check (Dual Platform) =====
[2026-09-03 21:22:26] Project path: C:\Users\LSWli\Documents\Codex\2026-08-29\qin
[2026-09-03 21:22:26] File changes detected, starting sync...
[2026-09-03 21:22:26] Changed files:
[2026-09-03 21:22:26]    M git-auto-push.log
[2026-09-03 21:22:27] All changes added to staging area
[2026-09-03 21:22:27] git commit: [main efbcb2e] Auto sync - 2026-09-03 21:22:27
[2026-09-03 21:22:27] git commit:  1 file changed, 29 insertions(+)
[2026-09-03 21:22:27] --- Pushing to GitHub ---
[2026-09-03 21:22:27] Pulling latest from GitHub...
[2026-09-03 21:22:27] git pull (GitHub): error: cannot pull with rebase: You have unstaged changes.
[2026-09-03 21:22:27] git pull (GitHub): error: Please commit or stash them.
[2026-09-03 21:22:27] WARNING: GitHub pull may have conflicts (exit code: 128)
[2026-09-03 21:22:27] Pushing to GitHub...
[2026-09-03 21:22:31] git push (GitHub): To https://github.com/lishiwen-ai/read-and-book-web.git
[2026-09-03 21:22:31] git push (GitHub):    c3889e1..efbcb2e  main -> main
[2026-09-03 21:22:31] SUCCESS: Pushed to GitHub!
[2026-09-03 21:22:31] --- Pushing to Gitee ---
[2026-09-03 21:22:31] Pulling latest from Gitee...
[2026-09-03 21:22:31] git pull (Gitee): error: cannot pull with rebase: You have unstaged changes.
[2026-09-03 21:22:31] git pull (Gitee): error: Please commit or stash them.
[2026-09-03 21:22:31] WARNING: Gitee pull may have conflicts (exit code: 128)
[2026-09-03 21:22:31] Pushing to Gitee...
[2026-09-03 21:22:36] git push (Gitee): remote: Powered by [01;33mGITEE.COM [0m[1.1.23]        
[2026-09-03 21:22:36] git push (Gitee): remote: Set trace flag b848d3a0        
[2026-09-03 21:22:36] git push (Gitee): To https://gitee.com/lsw0427/read-and-book-web.git
[2026-09-03 21:22:36] git push (Gitee):    c3889e1..efbcb2e  main -> main
[2026-09-03 21:22:36] SUCCESS: Pushed to Gitee!
[2026-09-03 21:22:36] ===== Sync Complete =====
[2026-09-03 21:31:38] ===== Start Auto Push Check (Dual Platform) =====
[2026-09-03 21:31:38] Project path: C:\Users\LSWli\Documents\Codex\2026-08-29\qin
[2026-09-03 21:31:38] File changes detected, starting sync...
[2026-09-03 21:31:38] Changed files:
[2026-09-03 21:31:38]    M git-auto-push.log
[2026-09-03 21:31:39] All changes added to staging area
[2026-09-03 21:31:39] git commit: [main 9dae5bb] Auto sync - 2026-09-03 21:31:39
[2026-09-03 21:31:39] git commit:  1 file changed, 29 insertions(+)
[2026-09-03 21:31:39] --- Pushing to GitHub ---
[2026-09-03 21:31:39] Pulling latest from GitHub...
[2026-09-03 21:31:39] git pull (GitHub): error: cannot pull with rebase: You have unstaged changes.
[2026-09-03 21:31:39] git pull (GitHub): error: Please commit or stash them.
[2026-09-03 21:31:39] WARNING: GitHub pull may have conflicts (exit code: 128)
[2026-09-03 21:31:39] Pushing to GitHub...
[2026-09-03 21:31:45] git push (GitHub): To https://github.com/lishiwen-ai/read-and-book-web.git
[2026-09-03 21:31:45] git push (GitHub):    efbcb2e..9dae5bb  main -> main
[2026-09-03 21:31:45] SUCCESS: Pushed to GitHub!
[2026-09-03 21:31:45] --- Pushing to Gitee ---
[2026-09-03 21:31:45] Pulling latest from Gitee...
[2026-09-03 21:31:45] git pull (Gitee): error: cannot pull with rebase: You have unstaged changes.
[2026-09-03 21:31:45] git pull (Gitee): error: Please commit or stash them.
[2026-09-03 21:31:45] WARNING: Gitee pull may have conflicts (exit code: 128)
[2026-09-03 21:31:45] Pushing to Gitee...
[2026-09-03 21:31:48] git push (Gitee): remote: Powered by [01;33mGITEE.COM [0m[1.1.23]        
[2026-09-03 21:31:48] git push (Gitee): remote: Set trace flag 7a43bf90        
[2026-09-03 21:31:48] git push (Gitee): To https://gitee.com/lsw0427/read-and-book-web.git
[2026-09-03 21:31:48] git push (Gitee):    efbcb2e..9dae5bb  main -> main
[2026-09-03 21:31:48] SUCCESS: Pushed to Gitee!
[2026-09-03 21:31:48] ===== Sync Complete =====
[2026-09-03 21:44:32] ===== Start Auto Push Check (Dual Platform) =====
[2026-09-03 21:44:32] Project path: C:\Users\LSWli\Documents\Codex\2026-08-29\qin
[2026-09-03 21:44:32] File changes detected, starting sync...
[2026-09-03 21:44:32] Changed files:
[2026-09-03 21:44:32]    M git-auto-push.log
[2026-09-03 21:44:32] All changes added to staging area
[2026-09-03 21:44:32] git commit: [main 32cdb11] Auto sync - 2026-09-03 21:44:32
[2026-09-03 21:44:32] git commit:  1 file changed, 29 insertions(+)
[2026-09-03 21:44:32] --- Pushing to GitHub ---
[2026-09-03 21:44:32] Pulling latest from GitHub...
[2026-09-03 21:44:32] git pull (GitHub): error: cannot pull with rebase: You have unstaged changes.
[2026-09-03 21:44:32] git pull (GitHub): error: Please commit or stash them.
[2026-09-03 21:44:32] WARNING: GitHub pull may have conflicts (exit code: 128)
[2026-09-03 21:44:32] Pushing to GitHub...
[2026-09-03 21:44:38] git push (GitHub): To https://github.com/lishiwen-ai/read-and-book-web.git
[2026-09-03 21:44:38] git push (GitHub):    9dae5bb..32cdb11  main -> main
[2026-09-03 21:44:38] SUCCESS: Pushed to GitHub!
[2026-09-03 21:44:38] --- Pushing to Gitee ---
[2026-09-03 21:44:38] Pulling latest from Gitee...
[2026-09-03 21:44:38] git pull (Gitee): error: cannot pull with rebase: You have unstaged changes.
[2026-09-03 21:44:38] git pull (Gitee): error: Please commit or stash them.
[2026-09-03 21:44:38] WARNING: Gitee pull may have conflicts (exit code: 128)
[2026-09-03 21:44:38] Pushing to Gitee...
[2026-09-03 21:44:41] git push (Gitee): remote: Powered by [01;33mGITEE.COM [0m[1.1.23]        
[2026-09-03 21:44:41] git push (Gitee): remote: Set trace flag e24f5480        
[2026-09-03 21:44:41] git push (Gitee): To https://gitee.com/lsw0427/read-and-book-web.git
[2026-09-03 21:44:41] git push (Gitee):    9dae5bb..32cdb11  main -> main
[2026-09-03 21:44:41] SUCCESS: Pushed to Gitee!
[2026-09-03 21:44:41] ===== Sync Complete =====
[2026-09-03 21:51:28] ===== Start Auto Push Check (Dual Platform) =====
[2026-09-03 21:51:28] Project path: C:\Users\LSWli\Documents\Codex\2026-08-29\qin
[2026-09-03 21:51:28] File changes detected, starting sync...
[2026-09-03 21:51:28] Changed files:
[2026-09-03 21:51:28]    M git-auto-push.log
[2026-09-03 21:51:28] All changes added to staging area
[2026-09-03 21:51:29] git commit: [main 34adee0] Auto sync - 2026-09-03 21:51:28
[2026-09-03 21:51:29] git commit:  1 file changed, 29 insertions(+)
[2026-09-03 21:51:29] --- Pushing to GitHub ---
[2026-09-03 21:51:29] Pulling latest from GitHub...
[2026-09-03 21:51:29] git pull (GitHub): error: cannot pull with rebase: You have unstaged changes.
[2026-09-03 21:51:29] git pull (GitHub): error: Please commit or stash them.
[2026-09-03 21:51:29] WARNING: GitHub pull may have conflicts (exit code: 128)
[2026-09-03 21:51:29] Pushing to GitHub...
[2026-09-03 21:51:34] git push (GitHub): To https://github.com/lishiwen-ai/read-and-book-web.git
[2026-09-03 21:51:34] git push (GitHub):    32cdb11..34adee0  main -> main
[2026-09-03 21:51:34] SUCCESS: Pushed to GitHub!
[2026-09-03 21:51:34] --- Pushing to Gitee ---
[2026-09-03 21:51:34] Pulling latest from Gitee...
[2026-09-03 21:51:34] git pull (Gitee): error: cannot pull with rebase: You have unstaged changes.
[2026-09-03 21:51:34] git pull (Gitee): error: Please commit or stash them.
[2026-09-03 21:51:34] WARNING: Gitee pull may have conflicts (exit code: 128)
[2026-09-03 21:51:34] Pushing to Gitee...
[2026-09-03 21:51:36] git push (Gitee): remote: Powered by [01;33mGITEE.COM [0m[1.1.23]        
[2026-09-03 21:51:36] git push (Gitee): remote: Set trace flag 4644c586        
[2026-09-03 21:51:36] git push (Gitee): To https://gitee.com/lsw0427/read-and-book-web.git
[2026-09-03 21:51:36] git push (Gitee):    32cdb11..34adee0  main -> main
[2026-09-03 21:51:36] SUCCESS: Pushed to Gitee!
[2026-09-03 21:51:36] ===== Sync Complete =====
[2026-09-03 22:01:35] ===== Start Auto Push Check (Dual Platform) =====
[2026-09-03 22:01:35] Project path: C:\Users\LSWli\Documents\Codex\2026-08-29\qin
[2026-09-03 22:01:36] File changes detected, starting sync...
[2026-09-03 22:01:36] Changed files:
[2026-09-03 22:01:36]    M git-auto-push.log
[2026-09-03 22:01:36] All changes added to staging area
[2026-09-03 22:01:36] git commit: [main 3f8c36d] Auto sync - 2026-09-03 22:01:36
[2026-09-03 22:01:36] git commit:  1 file changed, 29 insertions(+)
[2026-09-03 22:01:36] --- Pushing to GitHub ---
[2026-09-03 22:01:36] Pulling latest from GitHub...
[2026-09-03 22:01:36] git pull (GitHub): error: cannot pull with rebase: You have unstaged changes.
[2026-09-03 22:01:36] git pull (GitHub): error: Please commit or stash them.
[2026-09-03 22:01:36] WARNING: GitHub pull may have conflicts (exit code: 128)
[2026-09-03 22:01:36] Pushing to GitHub...
[2026-09-03 22:01:43] git push (GitHub): To https://github.com/lishiwen-ai/read-and-book-web.git
[2026-09-03 22:01:43] git push (GitHub):    34adee0..3f8c36d  main -> main
[2026-09-03 22:01:43] SUCCESS: Pushed to GitHub!
[2026-09-03 22:01:43] --- Pushing to Gitee ---
[2026-09-03 22:01:43] Pulling latest from Gitee...
[2026-09-03 22:01:43] git pull (Gitee): error: cannot pull with rebase: You have unstaged changes.
[2026-09-03 22:01:43] git pull (Gitee): error: Please commit or stash them.
[2026-09-03 22:01:43] WARNING: Gitee pull may have conflicts (exit code: 128)
[2026-09-03 22:01:43] Pushing to Gitee...
[2026-09-03 22:01:46] git push (Gitee): remote: Powered by [01;33mGITEE.COM [0m[1.1.23]        
[2026-09-03 22:01:46] git push (Gitee): remote: Set trace flag 1b4a1b88        
[2026-09-03 22:01:46] git push (Gitee): To https://gitee.com/lsw0427/read-and-book-web.git
[2026-09-03 22:01:46] git push (Gitee):    34adee0..3f8c36d  main -> main
[2026-09-03 22:01:46] SUCCESS: Pushed to Gitee!
[2026-09-03 22:01:46] ===== Sync Complete =====
[2026-09-04 11:50:41] ===== Start Auto Push Check (Dual Platform) =====
[2026-09-04 11:50:41] Project path: C:\Users\LSWli\Documents\Codex\2026-08-29\qin
[2026-09-04 11:50:42] File changes detected, starting sync...
[2026-09-04 11:50:42] Changed files:
[2026-09-04 11:50:42]    M git-auto-push.log
[2026-09-04 11:50:42] All changes added to staging area
[2026-09-04 11:50:42] git commit: [main 8bac7f9] Auto sync - 2026-09-04 11:50:42
[2026-09-04 11:50:42] git commit:  1 file changed, 29 insertions(+)
[2026-09-04 11:50:42] --- Pushing to GitHub ---
[2026-09-04 11:50:42] Pulling latest from GitHub...
[2026-09-04 11:50:42] git pull (GitHub): error: cannot pull with rebase: You have unstaged changes.
[2026-09-04 11:50:42] git pull (GitHub): error: Please commit or stash them.
[2026-09-04 11:50:42] WARNING: GitHub pull may have conflicts (exit code: 128)
[2026-09-04 11:50:42] Pushing to GitHub...
[2026-09-04 11:50:45] git push (GitHub): fatal: unable to access 'https://github.com/lishiwen-ai/read-and-book-web.git/': Failed to connect to github.com:443 over proxy 127.0.0.1 after 2065 ms: Could not connect to server
[2026-09-04 11:50:45] FAILED: GitHub push failed (exit code: 128)
[2026-09-04 11:50:45] --- Pushing to Gitee ---
[2026-09-04 11:50:45] Pulling latest from Gitee...
[2026-09-04 11:50:45] git pull (Gitee): error: cannot pull with rebase: You have unstaged changes.
[2026-09-04 11:50:45] git pull (Gitee): error: Please commit or stash them.
[2026-09-04 11:50:45] WARNING: Gitee pull may have conflicts (exit code: 128)
[2026-09-04 11:50:45] Pushing to Gitee...
[2026-09-04 11:50:47] git push (Gitee): fatal: unable to access 'https://gitee.com/lsw0427/read-and-book-web.git/': Failed to connect to gitee.com:443 over proxy 127.0.0.1 after 2059 ms: Could not connect to server
[2026-09-04 11:50:47] FAILED: Gitee push failed (exit code: 128)
[2026-09-04 11:50:47] ===== Sync Complete =====
[2026-09-04 12:02:11] ===== Start Auto Push Check (Dual Platform) =====
[2026-09-04 12:02:11] Project path: C:\Users\LSWli\Documents\Codex\2026-08-29\qin
[2026-09-04 12:02:11] File changes detected, starting sync...
[2026-09-04 12:02:11] Changed files:
[2026-09-04 12:02:11]    M git-auto-push.log
[2026-09-04 12:02:11] All changes added to staging area
[2026-09-04 12:02:11] git commit: [main 0476ba6] Auto sync - 2026-09-04 12:02:11
[2026-09-04 12:02:11] git commit:  1 file changed, 25 insertions(+)
[2026-09-04 12:02:11] --- Pushing to GitHub ---
[2026-09-04 12:02:12] Pulling latest from GitHub...
[2026-09-04 12:02:12] git pull (GitHub): error: cannot pull with rebase: You have unstaged changes.
[2026-09-04 12:02:12] git pull (GitHub): error: Please commit or stash them.
[2026-09-04 12:02:12] WARNING: GitHub pull may have conflicts (exit code: 128)
[2026-09-04 12:02:12] Pushing to GitHub...
[2026-09-04 12:02:14] git push (GitHub): fatal: unable to access 'https://github.com/lishiwen-ai/read-and-book-web.git/': Failed to connect to github.com:443 over proxy 127.0.0.1 after 2051 ms: Could not connect to server
[2026-09-04 12:02:14] FAILED: GitHub push failed (exit code: 128)
[2026-09-04 12:02:14] --- Pushing to Gitee ---
[2026-09-04 12:02:14] Pulling latest from Gitee...
[2026-09-04 12:02:14] git pull (Gitee): error: cannot pull with rebase: You have unstaged changes.
[2026-09-04 12:02:14] git pull (Gitee): error: Please commit or stash them.
[2026-09-04 12:02:14] WARNING: Gitee pull may have conflicts (exit code: 128)
[2026-09-04 12:02:14] Pushing to Gitee...
[2026-09-04 12:02:16] git push (Gitee): fatal: unable to access 'https://gitee.com/lsw0427/read-and-book-web.git/': Failed to connect to gitee.com:443 over proxy 127.0.0.1 after 2052 ms: Could not connect to server
[2026-09-04 12:02:16] FAILED: Gitee push failed (exit code: 128)
[2026-09-04 12:02:16] ===== Sync Complete =====
[2026-09-04 12:11:41] ===== Start Auto Push Check (Dual Platform) =====
[2026-09-04 12:11:41] Project path: C:\Users\LSWli\Documents\Codex\2026-08-29\qin
[2026-09-04 12:11:41] File changes detected, starting sync...
[2026-09-04 12:11:41] Changed files:
[2026-09-04 12:11:41]    M git-auto-push.log
[2026-09-04 12:11:41] All changes added to staging area
[2026-09-04 12:11:41] git commit: [main 99c1121] Auto sync - 2026-09-04 12:11:41
[2026-09-04 12:11:41] git commit:  1 file changed, 25 insertions(+)
[2026-09-04 12:11:41] --- Pushing to GitHub ---
[2026-09-04 12:11:41] Pulling latest from GitHub...
[2026-09-04 12:11:42] git pull (GitHub): error: cannot pull with rebase: You have unstaged changes.
[2026-09-04 12:11:42] git pull (GitHub): error: Please commit or stash them.
[2026-09-04 12:11:42] WARNING: GitHub pull may have conflicts (exit code: 128)
[2026-09-04 12:11:42] Pushing to GitHub...
[2026-09-04 12:11:44] git push (GitHub): fatal: unable to access 'https://github.com/lishiwen-ai/read-and-book-web.git/': Failed to connect to github.com:443 over proxy 127.0.0.1 after 2059 ms: Could not connect to server
[2026-09-04 12:11:44] FAILED: GitHub push failed (exit code: 128)
[2026-09-04 12:11:44] --- Pushing to Gitee ---
[2026-09-04 12:11:44] Pulling latest from Gitee...
[2026-09-04 12:11:44] git pull (Gitee): error: cannot pull with rebase: You have unstaged changes.
[2026-09-04 12:11:44] git pull (Gitee): error: Please commit or stash them.
[2026-09-04 12:11:44] WARNING: Gitee pull may have conflicts (exit code: 128)
[2026-09-04 12:11:44] Pushing to Gitee...
[2026-09-04 12:11:46] git push (Gitee): fatal: unable to access 'https://gitee.com/lsw0427/read-and-book-web.git/': Failed to connect to gitee.com:443 over proxy 127.0.0.1 after 2057 ms: Could not connect to server
[2026-09-04 12:11:46] FAILED: Gitee push failed (exit code: 128)
[2026-09-04 12:11:46] ===== Sync Complete =====
[2026-09-04 12:22:17] ===== Start Auto Push Check (Dual Platform) =====
[2026-09-04 12:22:17] Project path: C:\Users\LSWli\Documents\Codex\2026-08-29\qin
[2026-09-04 12:22:17] File changes detected, starting sync...
[2026-09-04 12:22:17] Changed files:
[2026-09-04 12:22:17]    M git-auto-push.log
[2026-09-04 12:22:18] All changes added to staging area
[2026-09-04 12:22:18] git commit: [main 40364f1] Auto sync - 2026-09-04 12:22:18
[2026-09-04 12:22:18] git commit:  1 file changed, 25 insertions(+)
[2026-09-04 12:22:18] --- Pushing to GitHub ---
[2026-09-04 12:22:18] Pulling latest from GitHub...
[2026-09-04 12:22:18] git pull (GitHub): error: cannot pull with rebase: You have unstaged changes.
[2026-09-04 12:22:18] git pull (GitHub): error: Please commit or stash them.
[2026-09-04 12:22:18] WARNING: GitHub pull may have conflicts (exit code: 128)
[2026-09-04 12:22:18] Pushing to GitHub...
[2026-09-04 12:22:21] git push (GitHub): fatal: unable to access 'https://github.com/lishiwen-ai/read-and-book-web.git/': Failed to connect to github.com:443 over proxy 127.0.0.1 after 2055 ms: Could not connect to server
[2026-09-04 12:22:21] FAILED: GitHub push failed (exit code: 128)
[2026-09-04 12:22:21] --- Pushing to Gitee ---
[2026-09-04 12:22:22] Pulling latest from Gitee...
[2026-09-04 12:22:22] git pull (Gitee): error: cannot pull with rebase: You have unstaged changes.
[2026-09-04 12:22:22] git pull (Gitee): error: Please commit or stash them.
[2026-09-04 12:22:22] WARNING: Gitee pull may have conflicts (exit code: 128)
[2026-09-04 12:22:22] Pushing to Gitee...
[2026-09-04 12:22:24] git push (Gitee): fatal: unable to access 'https://gitee.com/lsw0427/read-and-book-web.git/': Failed to connect to gitee.com:443 over proxy 127.0.0.1 after 2063 ms: Could not connect to server
[2026-09-04 12:22:24] FAILED: Gitee push failed (exit code: 128)
[2026-09-04 12:22:24] ===== Sync Complete =====
[2026-09-04 12:31:57] ===== Start Auto Push Check (Dual Platform) =====
[2026-09-04 12:31:57] Project path: C:\Users\LSWli\Documents\Codex\2026-08-29\qin
[2026-09-04 12:31:58] File changes detected, starting sync...
[2026-09-04 12:31:58] Changed files:
[2026-09-04 12:31:58]    M git-auto-push.log
[2026-09-04 12:31:58] All changes added to staging area
[2026-09-04 12:31:58] git commit: [main 390084a] Auto sync - 2026-09-04 12:31:58
[2026-09-04 12:31:58] git commit:  1 file changed, 25 insertions(+)
[2026-09-04 12:31:58] --- Pushing to GitHub ---
[2026-09-04 12:31:58] Pulling latest from GitHub...
[2026-09-04 12:31:58] git pull (GitHub): error: cannot pull with rebase: You have unstaged changes.
[2026-09-04 12:31:59] git pull (GitHub): error: Please commit or stash them.
[2026-09-04 12:31:59] WARNING: GitHub pull may have conflicts (exit code: 128)
[2026-09-04 12:31:59] Pushing to GitHub...
[2026-09-04 12:32:01] git push (GitHub): fatal: unable to access 'https://github.com/lishiwen-ai/read-and-book-web.git/': Failed to connect to github.com:443 over proxy 127.0.0.1 after 2060 ms: Could not connect to server
[2026-09-04 12:32:01] FAILED: GitHub push failed (exit code: 128)
[2026-09-04 12:32:01] --- Pushing to Gitee ---
[2026-09-04 12:32:02] Pulling latest from Gitee...
[2026-09-04 12:32:02] git pull (Gitee): error: cannot pull with rebase: You have unstaged changes.
[2026-09-04 12:32:02] git pull (Gitee): error: Please commit or stash them.
[2026-09-04 12:32:02] WARNING: Gitee pull may have conflicts (exit code: 128)
[2026-09-04 12:32:02] Pushing to Gitee...
[2026-09-04 12:32:04] git push (Gitee): fatal: unable to access 'https://gitee.com/lsw0427/read-and-book-web.git/': Failed to connect to gitee.com:443 over proxy 127.0.0.1 after 2068 ms: Could not connect to server
[2026-09-04 12:32:04] FAILED: Gitee push failed (exit code: 128)
[2026-09-04 12:32:04] ===== Sync Complete =====
[2026-09-04 12:32:31] ===== Start Auto Push Check (Dual Platform) =====
[2026-09-04 12:32:31] Project path: C:\Users\LSWli\Documents\Codex\2026-08-29\qin
[2026-09-04 12:32:31] File changes detected, starting sync...
[2026-09-04 12:32:31] Changed files:
[2026-09-04 12:32:31]    M git-auto-push.log
[2026-09-04 12:32:32] All changes added to staging area
[2026-09-04 12:32:32] git commit: [main 49cbf63] Auto sync - 2026-09-04 12:32:32
[2026-09-04 12:32:32] git commit:  1 file changed, 25 insertions(+)
[2026-09-04 12:32:32] --- Pushing to GitHub ---
[2026-09-04 12:32:32] Pulling latest from GitHub...
[2026-09-04 12:32:32] git pull (GitHub): error: cannot pull with rebase: You have unstaged changes.
[2026-09-04 12:32:32] git pull (GitHub): error: Please commit or stash them.
[2026-09-04 12:32:32] WARNING: GitHub pull may have conflicts (exit code: 128)
[2026-09-04 12:32:32] Pushing to GitHub...
[2026-09-04 12:32:36] git push (GitHub): To https://github.com/lishiwen-ai/read-and-book-web.git
[2026-09-04 12:32:36] git push (GitHub):    0476ba6..49cbf63  main -> main
[2026-09-04 12:32:36] SUCCESS: Pushed to GitHub!
[2026-09-04 12:32:36] --- Pushing to Gitee ---
[2026-09-04 12:32:36] Pulling latest from Gitee...
[2026-09-04 12:32:36] git pull (Gitee): error: cannot pull with rebase: You have unstaged changes.
[2026-09-04 12:32:36] git pull (Gitee): error: Please commit or stash them.
[2026-09-04 12:32:36] WARNING: Gitee pull may have conflicts (exit code: 128)
[2026-09-04 12:32:36] Pushing to Gitee...
[2026-09-04 12:32:39] git push (Gitee): remote: Powered by [01;33mGITEE.COM [0m[1.1.23]        
[2026-09-04 12:32:39] git push (Gitee): remote: Set trace flag 81405194        
[2026-09-04 12:32:39] git push (Gitee): To https://gitee.com/lsw0427/read-and-book-web.git
[2026-09-04 12:32:39] git push (Gitee):    0476ba6..49cbf63  main -> main
[2026-09-04 12:32:39] SUCCESS: Pushed to Gitee!
[2026-09-04 12:32:39] ===== Sync Complete =====
[2026-09-04 12:41:48] ===== Start Auto Push Check (Dual Platform) =====
[2026-09-04 12:41:48] Project path: C:\Users\LSWli\Documents\Codex\2026-08-29\qin
[2026-09-04 12:41:48] File changes detected, starting sync...
[2026-09-04 12:41:48] Changed files:
[2026-09-04 12:41:48]    M git-auto-push.log
[2026-09-04 12:41:48] All changes added to staging area
[2026-09-04 12:41:49] git commit: [main fb9c3ca] Auto sync - 2026-09-04 12:41:48
[2026-09-04 12:41:49] git commit:  1 file changed, 29 insertions(+)
[2026-09-04 12:41:49] --- Pushing to GitHub ---
[2026-09-04 12:41:49] Pulling latest from GitHub...
[2026-09-04 12:41:49] git pull (GitHub): error: cannot pull with rebase: You have unstaged changes.
[2026-09-04 12:41:49] git pull (GitHub): error: Please commit or stash them.
[2026-09-04 12:41:49] WARNING: GitHub pull may have conflicts (exit code: 128)
[2026-09-04 12:41:49] Pushing to GitHub...
[2026-09-04 12:41:54] git push (GitHub): To https://github.com/lishiwen-ai/read-and-book-web.git
[2026-09-04 12:41:54] git push (GitHub):    49cbf63..fb9c3ca  main -> main
[2026-09-04 12:41:54] SUCCESS: Pushed to GitHub!
[2026-09-04 12:41:54] --- Pushing to Gitee ---
[2026-09-04 12:41:55] Pulling latest from Gitee...
[2026-09-04 12:41:55] git pull (Gitee): error: cannot pull with rebase: You have unstaged changes.
[2026-09-04 12:41:55] git pull (Gitee): error: Please commit or stash them.
[2026-09-04 12:41:55] WARNING: Gitee pull may have conflicts (exit code: 128)
[2026-09-04 12:41:55] Pushing to Gitee...
[2026-09-04 12:41:57] git push (Gitee): remote: Powered by [01;33mGITEE.COM [0m[1.1.23]        
[2026-09-04 12:41:57] git push (Gitee): remote: Set trace flag 534412aa        
[2026-09-04 12:41:57] git push (Gitee): To https://gitee.com/lsw0427/read-and-book-web.git
[2026-09-04 12:41:57] git push (Gitee):    49cbf63..fb9c3ca  main -> main
[2026-09-04 12:41:57] SUCCESS: Pushed to Gitee!
[2026-09-04 12:41:57] ===== Sync Complete =====
[2026-09-05 14:00:58] ===== Start Auto Push Check (Dual Platform) =====
[2026-09-05 14:00:58] Project path: C:\Users\LSWli\Documents\Codex\2026-08-29\qin
[2026-09-05 14:00:58] File changes detected, starting sync...
[2026-09-05 14:00:58] Changed files:
[2026-09-05 14:00:58]    M git-auto-push.log
[2026-09-05 14:00:58] All changes added to staging area
[2026-09-05 14:00:58] git commit: [main 5ca913e] Auto sync - 2026-09-05 14:00:58
[2026-09-05 14:00:59] git commit:  1 file changed, 29 insertions(+)
[2026-09-05 14:00:59] --- Pushing to GitHub ---
[2026-09-05 14:00:59] Pulling latest from GitHub...
[2026-09-05 14:00:59] git pull (GitHub): error: cannot pull with rebase: You have unstaged changes.
[2026-09-05 14:00:59] git pull (GitHub): error: Please commit or stash them.
[2026-09-05 14:00:59] WARNING: GitHub pull may have conflicts (exit code: 128)
[2026-09-05 14:00:59] Pushing to GitHub...
[2026-09-05 14:01:25] git push (GitHub): fatal: unable to access 'https://github.com/lishiwen-ai/read-and-book-web.git/': Recv failure: Connection was reset
[2026-09-05 14:01:25] FAILED: GitHub push failed (exit code: 128)
[2026-09-05 14:01:25] --- Pushing to Gitee ---
[2026-09-05 14:01:25] Pulling latest from Gitee...
[2026-09-05 14:01:25] git pull (Gitee): error: cannot pull with rebase: You have unstaged changes.
[2026-09-05 14:01:25] git pull (Gitee): error: Please commit or stash them.
[2026-09-05 14:01:25] WARNING: Gitee pull may have conflicts (exit code: 128)
[2026-09-05 14:01:25] Pushing to Gitee...
[2026-09-05 14:01:31] git push (Gitee): remote: Powered by [01;33mGITEE.COM [0m[1.1.23]        
[2026-09-05 14:01:31] git push (Gitee): remote: Set trace flag d643468e        
[2026-09-05 14:01:31] git push (Gitee): To https://gitee.com/lsw0427/read-and-book-web.git
[2026-09-05 14:01:31] git push (Gitee):    fb9c3ca..5ca913e  main -> main
[2026-09-05 14:01:31] SUCCESS: Pushed to Gitee!
[2026-09-05 14:01:31] ===== Sync Complete =====
[2026-09-05 14:11:18] ===== Start Auto Push Check (Dual Platform) =====
[2026-09-05 14:11:18] Project path: C:\Users\LSWli\Documents\Codex\2026-08-29\qin
[2026-09-05 14:11:18] File changes detected, starting sync...
[2026-09-05 14:11:18] Changed files:
[2026-09-05 14:11:18]    M git-auto-push.log
[2026-09-05 14:11:18] All changes added to staging area
[2026-09-05 14:11:18] git commit: [main 5382602] Auto sync - 2026-09-05 14:11:18
[2026-09-05 14:11:18] git commit:  1 file changed, 28 insertions(+)
[2026-09-05 14:11:18] --- Pushing to GitHub ---
[2026-09-05 14:11:18] Pulling latest from GitHub...
[2026-09-05 14:11:19] git pull (GitHub): error: cannot pull with rebase: You have unstaged changes.
[2026-09-05 14:11:19] git pull (GitHub): error: Please commit or stash them.
[2026-09-05 14:11:19] WARNING: GitHub pull may have conflicts (exit code: 128)
[2026-09-05 14:11:19] Pushing to GitHub...
[2026-09-05 14:11:23] git push (GitHub): To https://github.com/lishiwen-ai/read-and-book-web.git
[2026-09-05 14:11:23] git push (GitHub):    fb9c3ca..5382602  main -> main
[2026-09-05 14:11:23] SUCCESS: Pushed to GitHub!
[2026-09-05 14:11:23] --- Pushing to Gitee ---
[2026-09-05 14:11:23] Pulling latest from Gitee...
[2026-09-05 14:11:23] git pull (Gitee): error: cannot pull with rebase: You have unstaged changes.
[2026-09-05 14:11:23] git pull (Gitee): error: Please commit or stash them.
[2026-09-05 14:11:23] WARNING: Gitee pull may have conflicts (exit code: 128)
[2026-09-05 14:11:23] Pushing to Gitee...
[2026-09-05 14:11:26] git push (Gitee): remote: Powered by [01;33mGITEE.COM [0m[1.1.23]        
[2026-09-05 14:11:26] git push (Gitee): remote: Set trace flag e14e9292        
[2026-09-05 14:11:26] git push (Gitee): To https://gitee.com/lsw0427/read-and-book-web.git
[2026-09-05 14:11:26] git push (Gitee):    5ca913e..5382602  main -> main
[2026-09-05 14:11:26] SUCCESS: Pushed to Gitee!
[2026-09-05 14:11:26] ===== Sync Complete =====
[2026-09-05 14:21:28] ===== Start Auto Push Check (Dual Platform) =====
[2026-09-05 14:21:28] Project path: C:\Users\LSWli\Documents\Codex\2026-08-29\qin
[2026-09-05 14:21:28] File changes detected, starting sync...
[2026-09-05 14:21:28] Changed files:
[2026-09-05 14:21:28]    M git-auto-push.log
[2026-09-05 14:21:28] All changes added to staging area
[2026-09-05 14:21:28] git commit: [main 18d0323] Auto sync - 2026-09-05 14:21:28
[2026-09-05 14:21:28] git commit:  1 file changed, 29 insertions(+)
[2026-09-05 14:21:28] --- Pushing to GitHub ---
[2026-09-05 14:21:29] Pulling latest from GitHub...
[2026-09-05 14:21:29] git pull (GitHub): error: cannot pull with rebase: You have unstaged changes.
[2026-09-05 14:21:29] git pull (GitHub): error: Please commit or stash them.
[2026-09-05 14:21:29] WARNING: GitHub pull may have conflicts (exit code: 128)
[2026-09-05 14:21:29] Pushing to GitHub...
[2026-09-05 14:21:59] git push (GitHub): fatal: unable to access 'https://github.com/lishiwen-ai/read-and-book-web.git/': Recv failure: Connection was reset
[2026-09-05 14:21:59] FAILED: GitHub push failed (exit code: 128)
[2026-09-05 14:21:59] --- Pushing to Gitee ---
[2026-09-05 14:21:59] Pulling latest from Gitee...
[2026-09-05 14:21:59] git pull (Gitee): error: cannot pull with rebase: You have unstaged changes.
[2026-09-05 14:21:59] git pull (Gitee): error: Please commit or stash them.
[2026-09-05 14:21:59] WARNING: Gitee pull may have conflicts (exit code: 128)
[2026-09-05 14:21:59] Pushing to Gitee...
[2026-09-05 14:22:02] git push (Gitee): remote: Powered by [01;33mGITEE.COM [0m[1.1.23]        
[2026-09-05 14:22:02] git push (Gitee): remote: Set trace flag e7481a8e        
[2026-09-05 14:22:02] git push (Gitee): To https://gitee.com/lsw0427/read-and-book-web.git
[2026-09-05 14:22:02] git push (Gitee):    5382602..18d0323  main -> main
[2026-09-05 14:22:02] SUCCESS: Pushed to Gitee!
[2026-09-05 14:22:02] ===== Sync Complete =====
[2026-09-05 14:34:12] ===== Start Auto Push Check (Dual Platform) =====
[2026-09-05 14:34:12] Project path: C:\Users\LSWli\Documents\Codex\2026-08-29\qin
[2026-09-05 14:34:12] File changes detected, starting sync...
[2026-09-05 14:34:12] Changed files:
[2026-09-05 14:34:12]    M git-auto-push.log
[2026-09-05 14:34:12] All changes added to staging area
[2026-09-05 14:34:12] git commit: [main 10b1851] Auto sync - 2026-09-05 14:34:12
[2026-09-05 14:34:12] git commit:  1 file changed, 28 insertions(+)
[2026-09-05 14:34:12] --- Pushing to GitHub ---
[2026-09-05 14:34:12] Pulling latest from GitHub...
[2026-09-05 14:34:12] git pull (GitHub): error: cannot pull with rebase: You have unstaged changes.
[2026-09-05 14:34:12] git pull (GitHub): error: Please commit or stash them.
[2026-09-05 14:34:12] WARNING: GitHub pull may have conflicts (exit code: 128)
[2026-09-05 14:34:12] Pushing to GitHub...
[2026-09-05 14:34:18] git push (GitHub): To https://github.com/lishiwen-ai/read-and-book-web.git
[2026-09-05 14:34:18] git push (GitHub):    5382602..10b1851  main -> main
[2026-09-05 14:34:18] SUCCESS: Pushed to GitHub!
[2026-09-05 14:34:18] --- Pushing to Gitee ---
[2026-09-05 14:34:18] Pulling latest from Gitee...
[2026-09-05 14:34:18] git pull (Gitee): error: cannot pull with rebase: You have unstaged changes.
[2026-09-05 14:34:18] git pull (Gitee): error: Please commit or stash them.
[2026-09-05 14:34:18] WARNING: Gitee pull may have conflicts (exit code: 128)
[2026-09-05 14:34:18] Pushing to Gitee...
[2026-09-05 14:34:21] git push (Gitee): remote: Powered by [01;33mGITEE.COM [0m[1.1.23]        
[2026-09-05 14:34:21] git push (Gitee): remote: Set trace flag fe455bb7        
[2026-09-05 14:34:21] git push (Gitee): To https://gitee.com/lsw0427/read-and-book-web.git
[2026-09-05 14:34:21] git push (Gitee):    18d0323..10b1851  main -> main
[2026-09-05 14:34:21] SUCCESS: Pushed to Gitee!
[2026-09-05 14:34:21] ===== Sync Complete =====
[2026-09-05 14:41:39] ===== Start Auto Push Check (Dual Platform) =====
[2026-09-05 14:41:39] Project path: C:\Users\LSWli\Documents\Codex\2026-08-29\qin
[2026-09-05 14:41:39] File changes detected, starting sync...
[2026-09-05 14:41:39] Changed files:
[2026-09-05 14:41:39]    M git-auto-push.log
[2026-09-05 14:41:39] All changes added to staging area
[2026-09-05 14:41:39] git commit: [main 0ed02c1] Auto sync - 2026-09-05 14:41:39
[2026-09-05 14:41:39] git commit:  1 file changed, 29 insertions(+)
[2026-09-05 14:41:39] --- Pushing to GitHub ---
[2026-09-05 14:41:40] Pulling latest from GitHub...
[2026-09-05 14:41:40] git pull (GitHub): error: cannot pull with rebase: You have unstaged changes.
[2026-09-05 14:41:40] git pull (GitHub): error: Please commit or stash them.
[2026-09-05 14:41:40] WARNING: GitHub pull may have conflicts (exit code: 128)
[2026-09-05 14:41:40] Pushing to GitHub...
[2026-09-05 14:41:44] git push (GitHub): To https://github.com/lishiwen-ai/read-and-book-web.git
[2026-09-05 14:41:44] git push (GitHub):    10b1851..0ed02c1  main -> main
[2026-09-05 14:41:44] SUCCESS: Pushed to GitHub!
[2026-09-05 14:41:44] --- Pushing to Gitee ---
[2026-09-05 14:41:44] Pulling latest from Gitee...
[2026-09-05 14:41:44] git pull (Gitee): error: cannot pull with rebase: You have unstaged changes.
[2026-09-05 14:41:44] git pull (Gitee): error: Please commit or stash them.
[2026-09-05 14:41:44] WARNING: Gitee pull may have conflicts (exit code: 128)
[2026-09-05 14:41:44] Pushing to Gitee...
[2026-09-05 14:41:47] git push (Gitee): remote: Powered by [01;33mGITEE.COM [0m[1.1.23]        
[2026-09-05 14:41:47] git push (Gitee): remote: Set trace flag 644ceb87        
[2026-09-05 14:41:47] git push (Gitee): To https://gitee.com/lsw0427/read-and-book-web.git
[2026-09-05 14:41:47] git push (Gitee):    10b1851..0ed02c1  main -> main
[2026-09-05 14:41:47] SUCCESS: Pushed to Gitee!
[2026-09-05 14:41:47] ===== Sync Complete =====
[2026-09-05 14:51:34] ===== Start Auto Push Check (Dual Platform) =====
[2026-09-05 14:51:34] Project path: C:\Users\LSWli\Documents\Codex\2026-08-29\qin
[2026-09-05 14:51:34] File changes detected, starting sync...
[2026-09-05 14:51:34] Changed files:
[2026-09-05 14:51:34]    M git-auto-push.log
[2026-09-05 14:51:34] All changes added to staging area
[2026-09-05 14:51:35] git commit: [main 4153041] Auto sync - 2026-09-05 14:51:34
[2026-09-05 14:51:35] git commit:  1 file changed, 29 insertions(+)
[2026-09-05 14:51:35] --- Pushing to GitHub ---
[2026-09-05 14:51:35] Pulling latest from GitHub...
[2026-09-05 14:51:35] git pull (GitHub): error: cannot pull with rebase: You have unstaged changes.
[2026-09-05 14:51:35] git pull (GitHub): error: Please commit or stash them.
[2026-09-05 14:51:35] WARNING: GitHub pull may have conflicts (exit code: 128)
[2026-09-05 14:51:35] Pushing to GitHub...
[2026-09-05 14:51:39] git push (GitHub): To https://github.com/lishiwen-ai/read-and-book-web.git
[2026-09-05 14:51:39] git push (GitHub):    0ed02c1..4153041  main -> main
[2026-09-05 14:51:39] SUCCESS: Pushed to GitHub!
[2026-09-05 14:51:39] --- Pushing to Gitee ---
[2026-09-05 14:51:40] Pulling latest from Gitee...
[2026-09-05 14:51:40] git pull (Gitee): error: cannot pull with rebase: You have unstaged changes.
[2026-09-05 14:51:40] git pull (Gitee): error: Please commit or stash them.
[2026-09-05 14:51:40] WARNING: Gitee pull may have conflicts (exit code: 128)
[2026-09-05 14:51:40] Pushing to Gitee...
[2026-09-05 14:51:42] git push (Gitee): remote: Powered by [01;33mGITEE.COM [0m[1.1.23]        
[2026-09-05 14:51:42] git push (Gitee): remote: Set trace flag 084eb78f        
[2026-09-05 14:51:42] git push (Gitee): To https://gitee.com/lsw0427/read-and-book-web.git
[2026-09-05 14:51:42] git push (Gitee):    0ed02c1..4153041  main -> main
[2026-09-05 14:51:42] SUCCESS: Pushed to Gitee!
[2026-09-05 14:51:42] ===== Sync Complete =====
[2026-09-05 15:02:11] ===== Start Auto Push Check (Dual Platform) =====
[2026-09-05 15:02:11] Project path: C:\Users\LSWli\Documents\Codex\2026-08-29\qin
[2026-09-05 15:02:11] File changes detected, starting sync...
[2026-09-05 15:02:11] Changed files:
[2026-09-05 15:02:11]    M git-auto-push.log
[2026-09-05 15:02:11] All changes added to staging area
[2026-09-05 15:02:11] git commit: [main 9ab4a30] Auto sync - 2026-09-05 15:02:11
[2026-09-05 15:02:11] git commit:  1 file changed, 29 insertions(+)
[2026-09-05 15:02:11] --- Pushing to GitHub ---
[2026-09-05 15:02:11] Pulling latest from GitHub...
[2026-09-05 15:02:12] git pull (GitHub): error: cannot pull with rebase: You have unstaged changes.
[2026-09-05 15:02:12] git pull (GitHub): error: Please commit or stash them.
[2026-09-05 15:02:12] WARNING: GitHub pull may have conflicts (exit code: 128)
[2026-09-05 15:02:12] Pushing to GitHub...
[2026-09-05 15:02:16] git push (GitHub): To https://github.com/lishiwen-ai/read-and-book-web.git
[2026-09-05 15:02:16] git push (GitHub):    4153041..9ab4a30  main -> main
[2026-09-05 15:02:16] SUCCESS: Pushed to GitHub!
[2026-09-05 15:02:16] --- Pushing to Gitee ---
[2026-09-05 15:02:17] Pulling latest from Gitee...
[2026-09-05 15:02:17] git pull (Gitee): error: cannot pull with rebase: You have unstaged changes.
[2026-09-05 15:02:17] git pull (Gitee): error: Please commit or stash them.
[2026-09-05 15:02:17] WARNING: Gitee pull may have conflicts (exit code: 128)
[2026-09-05 15:02:17] Pushing to Gitee...
[2026-09-05 15:02:20] git push (Gitee): remote: Powered by [01;33mGITEE.COM [0m[1.1.23]        
[2026-09-05 15:02:20] git push (Gitee): remote: Set trace flag 9649478d        
[2026-09-05 15:02:20] git push (Gitee): To https://gitee.com/lsw0427/read-and-book-web.git
[2026-09-05 15:02:20] git push (Gitee):    4153041..9ab4a30  main -> main
[2026-09-05 15:02:20] SUCCESS: Pushed to Gitee!
[2026-09-05 15:02:20] ===== Sync Complete =====
[2026-09-05 15:11:35] ===== Start Auto Push Check (Dual Platform) =====
[2026-09-05 15:11:35] Project path: C:\Users\LSWli\Documents\Codex\2026-08-29\qin
[2026-09-05 15:11:36] File changes detected, starting sync...
[2026-09-05 15:11:36] Changed files:
[2026-09-05 15:11:36]    M git-auto-push.log
[2026-09-05 15:11:36] All changes added to staging area
[2026-09-05 15:11:36] git commit: [main 710c39f] Auto sync - 2026-09-05 15:11:36
[2026-09-05 15:11:36] git commit:  1 file changed, 29 insertions(+)
[2026-09-05 15:11:36] --- Pushing to GitHub ---
[2026-09-05 15:11:36] Pulling latest from GitHub...
[2026-09-05 15:11:36] git pull (GitHub): error: cannot pull with rebase: You have unstaged changes.
[2026-09-05 15:11:36] git pull (GitHub): error: Please commit or stash them.
[2026-09-05 15:11:36] WARNING: GitHub pull may have conflicts (exit code: 128)
[2026-09-05 15:11:36] Pushing to GitHub...
[2026-09-05 15:11:41] git push (GitHub): To https://github.com/lishiwen-ai/read-and-book-web.git
[2026-09-05 15:11:41] git push (GitHub):    9ab4a30..710c39f  main -> main
[2026-09-05 15:11:41] SUCCESS: Pushed to GitHub!
[2026-09-05 15:11:41] --- Pushing to Gitee ---
[2026-09-05 15:11:41] Pulling latest from Gitee...
[2026-09-05 15:11:42] git pull (Gitee): error: cannot pull with rebase: You have unstaged changes.
[2026-09-05 15:11:42] git pull (Gitee): error: Please commit or stash them.
[2026-09-05 15:11:42] WARNING: Gitee pull may have conflicts (exit code: 128)
[2026-09-05 15:11:42] Pushing to Gitee...
[2026-09-05 15:11:44] git push (Gitee): remote: Powered by [01;33mGITEE.COM [0m[1.1.23]        
[2026-09-05 15:11:44] git push (Gitee): remote: Set trace flag d54837b4        
[2026-09-05 15:11:44] git push (Gitee): To https://gitee.com/lsw0427/read-and-book-web.git
[2026-09-05 15:11:44] git push (Gitee):    9ab4a30..710c39f  main -> main
[2026-09-05 15:11:44] SUCCESS: Pushed to Gitee!
[2026-09-05 15:11:44] ===== Sync Complete =====
[2026-09-05 15:21:37] ===== Start Auto Push Check (Dual Platform) =====
[2026-09-05 15:21:37] Project path: C:\Users\LSWli\Documents\Codex\2026-08-29\qin
[2026-09-05 15:21:38] File changes detected, starting sync...
[2026-09-05 15:21:38] Changed files:
[2026-09-05 15:21:38]    M git-auto-push.log
[2026-09-05 15:21:38] All changes added to staging area
[2026-09-05 15:21:38] git commit: [main e8b0f96] Auto sync - 2026-09-05 15:21:38
[2026-09-05 15:21:38] git commit:  1 file changed, 29 insertions(+)
[2026-09-05 15:21:38] --- Pushing to GitHub ---
[2026-09-05 15:21:38] Pulling latest from GitHub...
[2026-09-05 15:21:38] git pull (GitHub): error: cannot pull with rebase: You have unstaged changes.
[2026-09-05 15:21:38] git pull (GitHub): error: Please commit or stash them.
[2026-09-05 15:21:38] WARNING: GitHub pull may have conflicts (exit code: 128)
[2026-09-05 15:21:38] Pushing to GitHub...
[2026-09-05 15:22:04] git push (GitHub): fatal: unable to access 'https://github.com/lishiwen-ai/read-and-book-web.git/': Recv failure: Connection was reset
[2026-09-05 15:22:04] FAILED: GitHub push failed (exit code: 128)
[2026-09-05 15:22:04] --- Pushing to Gitee ---
[2026-09-05 15:22:04] Pulling latest from Gitee...
[2026-09-05 15:22:04] git pull (Gitee): error: cannot pull with rebase: You have unstaged changes.
[2026-09-05 15:22:04] git pull (Gitee): error: Please commit or stash them.
[2026-09-05 15:22:04] WARNING: Gitee pull may have conflicts (exit code: 128)
[2026-09-05 15:22:04] Pushing to Gitee...
[2026-09-05 15:22:07] git push (Gitee): remote: Powered by [01;33mGITEE.COM [0m[1.1.23]        
[2026-09-05 15:22:07] git push (Gitee): remote: Set trace flag 22443bb8        
[2026-09-05 15:22:07] git push (Gitee): To https://gitee.com/lsw0427/read-and-book-web.git
[2026-09-05 15:22:07] git push (Gitee):    710c39f..e8b0f96  main -> main
[2026-09-05 15:22:07] SUCCESS: Pushed to Gitee!
[2026-09-05 15:22:07] ===== Sync Complete =====
[2026-09-05 15:32:50] ===== Start Auto Push Check (Dual Platform) =====
[2026-09-05 15:32:50] Project path: C:\Users\LSWli\Documents\Codex\2026-08-29\qin
[2026-09-05 15:32:50] File changes detected, starting sync...
[2026-09-05 15:32:50] Changed files:
[2026-09-05 15:32:50]    M git-auto-push.log
[2026-09-05 15:32:50] All changes added to staging area
[2026-09-05 15:32:50] git commit: [main 4ff3d89] Auto sync - 2026-09-05 15:32:50
[2026-09-05 15:32:50] git commit:  1 file changed, 28 insertions(+)
[2026-09-05 15:32:50] --- Pushing to GitHub ---
[2026-09-05 15:32:51] Pulling latest from GitHub...
[2026-09-05 15:32:51] git pull (GitHub): error: cannot pull with rebase: You have unstaged changes.
[2026-09-05 15:32:51] git pull (GitHub): error: Please commit or stash them.
[2026-09-05 15:32:51] WARNING: GitHub pull may have conflicts (exit code: 128)
[2026-09-05 15:32:51] Pushing to GitHub...
[2026-09-05 15:32:55] git push (GitHub): To https://github.com/lishiwen-ai/read-and-book-web.git
[2026-09-05 15:32:55] git push (GitHub):    710c39f..4ff3d89  main -> main
[2026-09-05 15:32:55] SUCCESS: Pushed to GitHub!
[2026-09-05 15:32:55] --- Pushing to Gitee ---
[2026-09-05 15:32:55] Pulling latest from Gitee...
[2026-09-05 15:32:55] git pull (Gitee): error: cannot pull with rebase: You have unstaged changes.
[2026-09-05 15:32:55] git pull (Gitee): error: Please commit or stash them.
[2026-09-05 15:32:55] WARNING: Gitee pull may have conflicts (exit code: 128)
[2026-09-05 15:32:55] Pushing to Gitee...
[2026-09-05 15:32:58] git push (Gitee): remote: Powered by [01;33mGITEE.COM [0m[1.1.23]        
[2026-09-05 15:32:58] git push (Gitee): remote: Set trace flag ee405187        
[2026-09-05 15:32:58] git push (Gitee): To https://gitee.com/lsw0427/read-and-book-web.git
[2026-09-05 15:32:58] git push (Gitee):    e8b0f96..4ff3d89  main -> main
[2026-09-05 15:32:58] SUCCESS: Pushed to Gitee!
[2026-09-05 15:32:58] ===== Sync Complete =====
[2026-09-05 15:41:42] ===== Start Auto Push Check (Dual Platform) =====
[2026-09-05 15:41:42] Project path: C:\Users\LSWli\Documents\Codex\2026-08-29\qin
[2026-09-05 15:41:43] File changes detected, starting sync...
[2026-09-05 15:41:43] Changed files:
[2026-09-05 15:41:43]    M git-auto-push.log
[2026-09-05 15:41:43] All changes added to staging area
[2026-09-05 15:41:43] git commit: [main 303cfc8] Auto sync - 2026-09-05 15:41:43
[2026-09-05 15:41:43] git commit:  1 file changed, 29 insertions(+)
[2026-09-05 15:41:43] --- Pushing to GitHub ---
[2026-09-05 15:41:43] Pulling latest from GitHub...
[2026-09-05 15:41:43] git pull (GitHub): error: cannot pull with rebase: You have unstaged changes.
[2026-09-05 15:41:43] git pull (GitHub): error: Please commit or stash them.
[2026-09-05 15:41:43] WARNING: GitHub pull may have conflicts (exit code: 128)
[2026-09-05 15:41:43] Pushing to GitHub...
[2026-09-05 15:41:47] git push (GitHub): To https://github.com/lishiwen-ai/read-and-book-web.git
[2026-09-05 15:41:47] git push (GitHub):    4ff3d89..303cfc8  main -> main
[2026-09-05 15:41:47] SUCCESS: Pushed to GitHub!
[2026-09-05 15:41:47] --- Pushing to Gitee ---
[2026-09-05 15:41:47] Pulling latest from Gitee...
[2026-09-05 15:41:48] git pull (Gitee): error: cannot pull with rebase: You have unstaged changes.
[2026-09-05 15:41:48] git pull (Gitee): error: Please commit or stash them.
[2026-09-05 15:41:48] WARNING: Gitee pull may have conflicts (exit code: 128)
[2026-09-05 15:41:48] Pushing to Gitee...
[2026-09-05 15:41:50] git push (Gitee): remote: Powered by [01;33mGITEE.COM [0m[1.1.23]        
[2026-09-05 15:41:50] git push (Gitee): remote: Set trace flag 114ba19c        
[2026-09-05 15:41:50] git push (Gitee): To https://gitee.com/lsw0427/read-and-book-web.git
[2026-09-05 15:41:50] git push (Gitee):    4ff3d89..303cfc8  main -> main
[2026-09-05 15:41:50] SUCCESS: Pushed to Gitee!
[2026-09-05 15:41:50] ===== Sync Complete =====
[2026-09-05 15:51:39] ===== Start Auto Push Check (Dual Platform) =====
[2026-09-05 15:51:39] Project path: C:\Users\LSWli\Documents\Codex\2026-08-29\qin
[2026-09-05 15:51:39] File changes detected, starting sync...
[2026-09-05 15:51:39] Changed files:
[2026-09-05 15:51:39]    M git-auto-push.log
[2026-09-05 15:51:39] All changes added to staging area
[2026-09-05 15:51:39] git commit: [main f6e9dc8] Auto sync - 2026-09-05 15:51:39
[2026-09-05 15:51:39] git commit:  1 file changed, 29 insertions(+)
[2026-09-05 15:51:39] --- Pushing to GitHub ---
[2026-09-05 15:51:39] Pulling latest from GitHub...
[2026-09-05 15:51:39] git pull (GitHub): error: cannot pull with rebase: You have unstaged changes.
[2026-09-05 15:51:39] git pull (GitHub): error: Please commit or stash them.
[2026-09-05 15:51:39] WARNING: GitHub pull may have conflicts (exit code: 128)
[2026-09-05 15:51:39] Pushing to GitHub...
[2026-09-05 15:51:44] git push (GitHub): To https://github.com/lishiwen-ai/read-and-book-web.git
[2026-09-05 15:51:44] git push (GitHub):    303cfc8..f6e9dc8  main -> main
[2026-09-05 15:51:44] SUCCESS: Pushed to GitHub!
[2026-09-05 15:51:44] --- Pushing to Gitee ---
[2026-09-05 15:51:45] Pulling latest from Gitee...
[2026-09-05 15:51:45] git pull (Gitee): error: cannot pull with rebase: You have unstaged changes.
[2026-09-05 15:51:45] git pull (Gitee): error: Please commit or stash them.
[2026-09-05 15:51:45] WARNING: Gitee pull may have conflicts (exit code: 128)
[2026-09-05 15:51:45] Pushing to Gitee...
[2026-09-05 15:51:47] git push (Gitee): remote: Powered by [01;33mGITEE.COM [0m[1.1.23]        
[2026-09-05 15:51:47] git push (Gitee): remote: Set trace flag 6c4857b6        
[2026-09-05 15:51:47] git push (Gitee): To https://gitee.com/lsw0427/read-and-book-web.git
[2026-09-05 15:51:47] git push (Gitee):    303cfc8..f6e9dc8  main -> main
[2026-09-05 15:51:47] SUCCESS: Pushed to Gitee!
[2026-09-05 15:51:47] ===== Sync Complete =====
[2026-09-06 11:40:41] ===== Start Auto Push Check (Dual Platform) =====
[2026-09-06 11:40:41] Project path: C:\Users\LSWli\Documents\Codex\2026-08-29\qin
[2026-09-06 11:40:42] File changes detected, starting sync...
[2026-09-06 11:40:42] Changed files:
[2026-09-06 11:40:42]    M git-auto-push.log
[2026-09-06 11:40:42] All changes added to staging area
[2026-09-06 11:40:43] git commit: [main 058e31a] Auto sync - 2026-09-06 11:40:42
[2026-09-06 11:40:43] git commit:  1 file changed, 29 insertions(+)
[2026-09-06 11:40:43] --- Pushing to GitHub ---
[2026-09-06 11:40:43] Pulling latest from GitHub...
[2026-09-06 11:40:43] git pull (GitHub): error: cannot pull with rebase: You have unstaged changes.
[2026-09-06 11:40:43] git pull (GitHub): error: Please commit or stash them.
[2026-09-06 11:40:43] WARNING: GitHub pull may have conflicts (exit code: 128)
[2026-09-06 11:40:43] Pushing to GitHub...
[2026-09-06 11:41:04] git push (GitHub): fatal: unable to access 'https://github.com/lishiwen-ai/read-and-book-web.git/': Recv failure: Connection was reset
[2026-09-06 11:41:04] FAILED: GitHub push failed (exit code: 128)
[2026-09-06 11:41:04] --- Pushing to Gitee ---
[2026-09-06 11:41:05] Pulling latest from Gitee...
[2026-09-06 11:41:05] git pull (Gitee): error: cannot pull with rebase: You have unstaged changes.
[2026-09-06 11:41:05] git pull (Gitee): error: Please commit or stash them.
[2026-09-06 11:41:05] WARNING: Gitee pull may have conflicts (exit code: 128)
[2026-09-06 11:41:05] Pushing to Gitee...
[2026-09-06 11:41:34] git push (Gitee): fatal: unable to access 'https://gitee.com/lsw0427/read-and-book-web.git/': Could not resolve host: gitee.com
[2026-09-06 11:41:34] FAILED: Gitee push failed (exit code: 128)
[2026-09-06 11:41:34] ===== Sync Complete =====
[2026-09-06 14:41:02] ===== Start Auto Push Check (Dual Platform) =====
[2026-09-06 14:41:02] Project path: C:\Users\LSWli\Documents\Codex\2026-08-29\qin
[2026-09-06 14:41:03] File changes detected, starting sync...
[2026-09-06 14:41:03] Changed files:
[2026-09-06 14:41:03]    M git-auto-push.log
[2026-09-06 14:41:03] All changes added to staging area
[2026-09-06 14:41:03] git commit: [main 75f349c] Auto sync - 2026-09-06 14:41:03
[2026-09-06 14:41:03] git commit:  1 file changed, 25 insertions(+)
[2026-09-06 14:41:03] --- Pushing to GitHub ---
[2026-09-06 14:41:03] Pulling latest from GitHub...
[2026-09-06 14:41:03] git pull (GitHub): error: cannot pull with rebase: You have unstaged changes.
[2026-09-06 14:41:03] git pull (GitHub): error: Please commit or stash them.
[2026-09-06 14:41:03] WARNING: GitHub pull may have conflicts (exit code: 128)
[2026-09-06 14:41:03] Pushing to GitHub...
[2026-09-06 14:41:13] git push (GitHub): To https://github.com/lishiwen-ai/read-and-book-web.git
[2026-09-06 14:41:13] git push (GitHub):    f6e9dc8..75f349c  main -> main
[2026-09-06 14:41:13] SUCCESS: Pushed to GitHub!
[2026-09-06 14:41:13] --- Pushing to Gitee ---
[2026-09-06 14:41:14] Pulling latest from Gitee...
[2026-09-06 14:41:14] git pull (Gitee): error: cannot pull with rebase: You have unstaged changes.
[2026-09-06 14:41:14] git pull (Gitee): error: Please commit or stash them.
[2026-09-06 14:41:14] WARNING: Gitee pull may have conflicts (exit code: 128)
[2026-09-06 14:41:14] Pushing to Gitee...
[2026-09-06 14:41:18] git push (Gitee): remote: Powered by [01;33mGITEE.COM [0m[1.1.23]        
[2026-09-06 14:41:18] git push (Gitee): remote: Set trace flag bf4a3aa1        
[2026-09-06 14:41:18] git push (Gitee): To https://gitee.com/lsw0427/read-and-book-web.git
[2026-09-06 14:41:18] git push (Gitee):    f6e9dc8..75f349c  main -> main
[2026-09-06 14:41:18] SUCCESS: Pushed to Gitee!
[2026-09-06 14:41:18] ===== Sync Complete =====
[2026-09-06 14:51:32] ===== Start Auto Push Check (Dual Platform) =====
[2026-09-06 14:51:32] Project path: C:\Users\LSWli\Documents\Codex\2026-08-29\qin
[2026-09-06 14:51:32] File changes detected, starting sync...
[2026-09-06 14:51:32] Changed files:
[2026-09-06 14:51:32]    M git-auto-push.log
[2026-09-06 14:51:32] All changes added to staging area
[2026-09-06 14:51:33] git commit: [main c458f9d] Auto sync - 2026-09-06 14:51:32
[2026-09-06 14:51:33] git commit:  1 file changed, 29 insertions(+)
[2026-09-06 14:51:33] --- Pushing to GitHub ---
[2026-09-06 14:51:33] Pulling latest from GitHub...
[2026-09-06 14:51:33] git pull (GitHub): error: cannot pull with rebase: You have unstaged changes.
[2026-09-06 14:51:33] git pull (GitHub): error: Please commit or stash them.
[2026-09-06 14:51:33] WARNING: GitHub pull may have conflicts (exit code: 128)
[2026-09-06 14:51:33] Pushing to GitHub...
[2026-09-06 14:51:37] git push (GitHub): To https://github.com/lishiwen-ai/read-and-book-web.git
[2026-09-06 14:51:37] git push (GitHub):    75f349c..c458f9d  main -> main
[2026-09-06 14:51:37] SUCCESS: Pushed to GitHub!
[2026-09-06 14:51:37] --- Pushing to Gitee ---
[2026-09-06 14:51:37] Pulling latest from Gitee...
[2026-09-06 14:51:37] git pull (Gitee): error: cannot pull with rebase: You have unstaged changes.
[2026-09-06 14:51:37] git pull (Gitee): error: Please commit or stash them.
[2026-09-06 14:51:37] WARNING: Gitee pull may have conflicts (exit code: 128)
[2026-09-06 14:51:37] Pushing to Gitee...
[2026-09-06 14:51:39] git push (Gitee): remote: Powered by [01;33mGITEE.COM [0m[1.1.23]        
[2026-09-06 14:51:39] git push (Gitee): remote: Set trace flag 184357bb        
[2026-09-06 14:51:39] git push (Gitee): To https://gitee.com/lsw0427/read-and-book-web.git
[2026-09-06 14:51:39] git push (Gitee):    75f349c..c458f9d  main -> main
[2026-09-06 14:51:39] SUCCESS: Pushed to Gitee!
[2026-09-06 14:51:39] ===== Sync Complete =====
[2026-09-06 15:02:05] ===== Start Auto Push Check (Dual Platform) =====
[2026-09-06 15:02:05] Project path: C:\Users\LSWli\Documents\Codex\2026-08-29\qin
[2026-09-06 15:02:05] File changes detected, starting sync...
[2026-09-06 15:02:05] Changed files:
[2026-09-06 15:02:05]    M git-auto-push.log
[2026-09-06 15:02:05] All changes added to staging area
[2026-09-06 15:02:05] git commit: [main 904e873] Auto sync - 2026-09-06 15:02:05
[2026-09-06 15:02:05] git commit:  1 file changed, 29 insertions(+)
[2026-09-06 15:02:05] --- Pushing to GitHub ---
[2026-09-06 15:02:05] Pulling latest from GitHub...
[2026-09-06 15:02:05] git pull (GitHub): error: cannot pull with rebase: You have unstaged changes.
[2026-09-06 15:02:05] git pull (GitHub): error: Please commit or stash them.
[2026-09-06 15:02:05] WARNING: GitHub pull may have conflicts (exit code: 128)
[2026-09-06 15:02:05] Pushing to GitHub...
[2026-09-06 15:02:28] git push (GitHub): fatal: unable to access 'https://github.com/lishiwen-ai/read-and-book-web.git/': Recv failure: Connection was reset
[2026-09-06 15:02:28] FAILED: GitHub push failed (exit code: 128)
[2026-09-06 15:02:28] --- Pushing to Gitee ---
[2026-09-06 15:02:28] Pulling latest from Gitee...
[2026-09-06 15:02:28] git pull (Gitee): error: cannot pull with rebase: You have unstaged changes.
[2026-09-06 15:02:28] git pull (Gitee): error: Please commit or stash them.
[2026-09-06 15:02:28] WARNING: Gitee pull may have conflicts (exit code: 128)
[2026-09-06 15:02:28] Pushing to Gitee...
[2026-09-06 15:02:31] git push (Gitee): remote: Powered by [01;33mGITEE.COM [0m[1.1.23]        
[2026-09-06 15:02:31] git push (Gitee): remote: Set trace flag 614ddeb6        
[2026-09-06 15:02:31] git push (Gitee): To https://gitee.com/lsw0427/read-and-book-web.git
[2026-09-06 15:02:31] git push (Gitee):    c458f9d..904e873  main -> main
[2026-09-06 15:02:31] SUCCESS: Pushed to Gitee!
[2026-09-06 15:02:31] ===== Sync Complete =====
[2026-09-06 15:11:39] ===== Start Auto Push Check (Dual Platform) =====
[2026-09-06 15:11:39] Project path: C:\Users\LSWli\Documents\Codex\2026-08-29\qin
[2026-09-06 15:11:39] File changes detected, starting sync...
[2026-09-06 15:11:39] Changed files:
[2026-09-06 15:11:39]    M git-auto-push.log
[2026-09-06 15:11:39] All changes added to staging area
[2026-09-06 15:11:40] git commit: [main 7f2f9cf] Auto sync - 2026-09-06 15:11:39
[2026-09-06 15:11:40] git commit:  1 file changed, 28 insertions(+)
[2026-09-06 15:11:40] --- Pushing to GitHub ---
[2026-09-06 15:11:40] Pulling latest from GitHub...
[2026-09-06 15:11:40] git pull (GitHub): error: cannot pull with rebase: You have unstaged changes.
[2026-09-06 15:11:40] git pull (GitHub): error: Please commit or stash them.
[2026-09-06 15:11:40] WARNING: GitHub pull may have conflicts (exit code: 128)
[2026-09-06 15:11:40] Pushing to GitHub...
[2026-09-06 15:11:44] git push (GitHub): To https://github.com/lishiwen-ai/read-and-book-web.git
[2026-09-06 15:11:44] git push (GitHub):    c458f9d..7f2f9cf  main -> main
[2026-09-06 15:11:44] SUCCESS: Pushed to GitHub!
[2026-09-06 15:11:44] --- Pushing to Gitee ---
[2026-09-06 15:11:44] Pulling latest from Gitee...
[2026-09-06 15:11:44] git pull (Gitee): error: cannot pull with rebase: You have unstaged changes.
[2026-09-06 15:11:44] git pull (Gitee): error: Please commit or stash them.
[2026-09-06 15:11:44] WARNING: Gitee pull may have conflicts (exit code: 128)
[2026-09-06 15:11:44] Pushing to Gitee...
[2026-09-06 15:11:47] git push (Gitee): remote: Powered by [01;33mGITEE.COM [0m[1.1.23]        
[2026-09-06 15:11:47] git push (Gitee): remote: Set trace flag 374614b0        
[2026-09-06 15:11:47] git push (Gitee): To https://gitee.com/lsw0427/read-and-book-web.git
[2026-09-06 15:11:47] git push (Gitee):    904e873..7f2f9cf  main -> main
[2026-09-06 15:11:47] SUCCESS: Pushed to Gitee!
[2026-09-06 15:11:47] ===== Sync Complete =====
[2026-09-06 15:21:47] ===== Start Auto Push Check (Dual Platform) =====
[2026-09-06 15:21:47] Project path: C:\Users\LSWli\Documents\Codex\2026-08-29\qin
[2026-09-06 15:21:48] File changes detected, starting sync...
[2026-09-06 15:21:48] Changed files:
[2026-09-06 15:21:48]    M git-auto-push.log
[2026-09-06 15:21:48] All changes added to staging area
[2026-09-06 15:21:48] git commit: [main ee5319d] Auto sync - 2026-09-06 15:21:48
[2026-09-06 15:21:48] git commit:  1 file changed, 29 insertions(+)
[2026-09-06 15:21:48] --- Pushing to GitHub ---
[2026-09-06 15:21:48] Pulling latest from GitHub...
[2026-09-06 15:21:48] git pull (GitHub): error: cannot pull with rebase: You have unstaged changes.
[2026-09-06 15:21:48] git pull (GitHub): error: Please commit or stash them.
[2026-09-06 15:21:48] WARNING: GitHub pull may have conflicts (exit code: 128)
[2026-09-06 15:21:48] Pushing to GitHub...
[2026-09-06 15:22:17] git push (GitHub): fatal: unable to access 'https://github.com/lishiwen-ai/read-and-book-web.git/': Recv failure: Connection was reset
[2026-09-06 15:22:17] FAILED: GitHub push failed (exit code: 128)
[2026-09-06 15:22:17] --- Pushing to Gitee ---
[2026-09-06 15:22:17] Pulling latest from Gitee...
[2026-09-06 15:22:17] git pull (Gitee): error: cannot pull with rebase: You have unstaged changes.
[2026-09-06 15:22:17] git pull (Gitee): error: Please commit or stash them.
[2026-09-06 15:22:17] WARNING: Gitee pull may have conflicts (exit code: 128)
[2026-09-06 15:22:17] Pushing to Gitee...
[2026-09-06 15:22:20] git push (Gitee): remote: Powered by [01;33mGITEE.COM [0m[1.1.23]        
[2026-09-06 15:22:20] git push (Gitee): remote: Set trace flag e849629f        
[2026-09-06 15:22:20] git push (Gitee): To https://gitee.com/lsw0427/read-and-book-web.git
[2026-09-06 15:22:20] git push (Gitee):    7f2f9cf..ee5319d  main -> main
[2026-09-06 15:22:20] SUCCESS: Pushed to Gitee!
[2026-09-06 15:22:20] ===== Sync Complete =====
[2026-09-06 15:31:48] ===== Start Auto Push Check (Dual Platform) =====
[2026-09-06 15:31:48] Project path: C:\Users\LSWli\Documents\Codex\2026-08-29\qin
[2026-09-06 15:31:48] File changes detected, starting sync...
[2026-09-06 15:31:48] Changed files:
[2026-09-06 15:31:48]    M git-auto-push.log
[2026-09-06 15:31:48] All changes added to staging area
[2026-09-06 15:31:49] git commit: [main 6b676ce] Auto sync - 2026-09-06 15:31:48
[2026-09-06 15:31:49] git commit:  1 file changed, 28 insertions(+)
[2026-09-06 15:31:49] --- Pushing to GitHub ---
[2026-09-06 15:31:49] Pulling latest from GitHub...
[2026-09-06 15:31:49] git pull (GitHub): error: cannot pull with rebase: You have unstaged changes.
[2026-09-06 15:31:49] git pull (GitHub): error: Please commit or stash them.
[2026-09-06 15:31:49] WARNING: GitHub pull may have conflicts (exit code: 128)
[2026-09-06 15:31:49] Pushing to GitHub...
[2026-09-06 15:32:13] git push (GitHub): fatal: unable to access 'https://github.com/lishiwen-ai/read-and-book-web.git/': Recv failure: Connection was reset
[2026-09-06 15:32:13] FAILED: GitHub push failed (exit code: 128)
[2026-09-06 15:32:13] --- Pushing to Gitee ---
[2026-09-06 15:32:13] Pulling latest from Gitee...
[2026-09-06 15:32:13] git pull (Gitee): error: cannot pull with rebase: You have unstaged changes.
[2026-09-06 15:32:13] git pull (Gitee): error: Please commit or stash them.
[2026-09-06 15:32:13] WARNING: Gitee pull may have conflicts (exit code: 128)
[2026-09-06 15:32:13] Pushing to Gitee...
[2026-09-06 15:32:15] git push (Gitee): remote: Powered by [01;33mGITEE.COM [0m[1.1.23]        
[2026-09-06 15:32:15] git push (Gitee): remote: Set trace flag 374cbab3        
[2026-09-06 15:32:15] git push (Gitee): To https://gitee.com/lsw0427/read-and-book-web.git
[2026-09-06 15:32:15] git push (Gitee):    ee5319d..6b676ce  main -> main
[2026-09-06 15:32:15] SUCCESS: Pushed to Gitee!
[2026-09-06 15:32:15] ===== Sync Complete =====
[2026-09-06 15:41:49] ===== Start Auto Push Check (Dual Platform) =====
[2026-09-06 15:41:49] Project path: C:\Users\LSWli\Documents\Codex\2026-08-29\qin
[2026-09-06 15:41:49] File changes detected, starting sync...
[2026-09-06 15:41:49] Changed files:
[2026-09-06 15:41:49]    M git-auto-push.log
[2026-09-06 15:41:49] All changes added to staging area
[2026-09-06 15:41:50] git commit: [main 479e702] Auto sync - 2026-09-06 15:41:49
[2026-09-06 15:41:50] git commit:  1 file changed, 28 insertions(+)
[2026-09-06 15:41:50] --- Pushing to GitHub ---
[2026-09-06 15:41:50] Pulling latest from GitHub...
[2026-09-06 15:41:50] git pull (GitHub): error: cannot pull with rebase: You have unstaged changes.
[2026-09-06 15:41:50] git pull (GitHub): error: Please commit or stash them.
[2026-09-06 15:41:50] WARNING: GitHub pull may have conflicts (exit code: 128)
[2026-09-06 15:41:50] Pushing to GitHub...
[2026-09-06 15:41:55] git push (GitHub): To https://github.com/lishiwen-ai/read-and-book-web.git
[2026-09-06 15:41:55] git push (GitHub):    7f2f9cf..479e702  main -> main
[2026-09-06 15:41:55] SUCCESS: Pushed to GitHub!
[2026-09-06 15:41:55] --- Pushing to Gitee ---
[2026-09-06 15:41:55] Pulling latest from Gitee...
[2026-09-06 15:41:55] git pull (Gitee): error: cannot pull with rebase: You have unstaged changes.
[2026-09-06 15:41:55] git pull (Gitee): error: Please commit or stash them.
[2026-09-06 15:41:55] WARNING: Gitee pull may have conflicts (exit code: 128)
[2026-09-06 15:41:55] Pushing to Gitee...
[2026-09-06 15:41:57] git push (Gitee): remote: Powered by [01;33mGITEE.COM [0m[1.1.23]        
[2026-09-06 15:41:57] git push (Gitee): remote: Set trace flag 9c4b59b5        
[2026-09-06 15:41:57] git push (Gitee): To https://gitee.com/lsw0427/read-and-book-web.git
[2026-09-06 15:41:57] git push (Gitee):    6b676ce..479e702  main -> main
[2026-09-06 15:41:57] SUCCESS: Pushed to Gitee!
[2026-09-06 15:41:57] ===== Sync Complete =====
[2026-09-06 15:51:54] ===== Start Auto Push Check (Dual Platform) =====
[2026-09-06 15:51:54] Project path: C:\Users\LSWli\Documents\Codex\2026-08-29\qin
[2026-09-06 15:51:54] File changes detected, starting sync...
[2026-09-06 15:51:54] Changed files:
[2026-09-06 15:51:54]    M git-auto-push.log
[2026-09-06 15:51:54] All changes added to staging area
[2026-09-06 15:51:54] git commit: [main 56bd80f] Auto sync - 2026-09-06 15:51:54
[2026-09-06 15:51:54] git commit:  1 file changed, 29 insertions(+)
[2026-09-06 15:51:54] --- Pushing to GitHub ---
[2026-09-06 15:51:54] Pulling latest from GitHub...
[2026-09-06 15:51:55] git pull (GitHub): error: cannot pull with rebase: You have unstaged changes.
[2026-09-06 15:51:55] git pull (GitHub): error: Please commit or stash them.
[2026-09-06 15:51:55] WARNING: GitHub pull may have conflicts (exit code: 128)
[2026-09-06 15:51:55] Pushing to GitHub...
[2026-09-06 23:37:22] git push (GitHub): fatal: unable to access 'https://github.com/lishiwen-ai/read-and-book-web.git/': Recv failure: Connection was reset
[2026-09-06 23:37:23] FAILED: GitHub push failed (exit code: 128)
[2026-09-06 23:37:23] --- Pushing to Gitee ---
[2026-09-07 11:04:10] Pulling latest from Gitee...
[2026-09-07 11:04:12] git pull (Gitee): error: cannot pull with rebase: You have unstaged changes.
[2026-09-07 11:04:13] git pull (Gitee): error: Please commit or stash them.
[2026-09-07 11:04:13] WARNING: Gitee pull may have conflicts (exit code: 128)
[2026-09-07 11:04:14] Pushing to Gitee...
[2026-09-07 11:04:20] git push (Gitee): fatal: unable to access 'https://gitee.com/lsw0427/read-and-book-web.git/': TLS connect error: error:0A000102:SSL routines::unsupported protocol
[2026-09-07 11:04:20] FAILED: Gitee push failed (exit code: 128)
[2026-09-07 11:04:20] ===== Sync Complete =====
[2026-09-07 11:04:57] ===== Start Auto Push Check (Dual Platform) =====
[2026-09-07 11:04:57] Project path: C:\Users\LSWli\Documents\Codex\2026-08-29\qin
[2026-09-07 11:04:58] File changes detected, starting sync...
[2026-09-07 11:04:58] Changed files:
[2026-09-07 11:04:58]    M git-auto-push.log
[2026-09-07 11:04:58] All changes added to staging area
[2026-09-07 11:04:58] git commit: [main 35ff831] Auto sync - 2026-09-07 11:04:58
[2026-09-07 11:04:58] git commit:  1 file changed, 25 insertions(+)
[2026-09-07 11:04:58] --- Pushing to GitHub ---
[2026-09-07 11:04:58] Pulling latest from GitHub...
[2026-09-07 11:04:58] git pull (GitHub): error: cannot pull with rebase: You have unstaged changes.
[2026-09-07 11:04:58] git pull (GitHub): error: Please commit or stash them.
[2026-09-07 11:04:58] WARNING: GitHub pull may have conflicts (exit code: 128)
[2026-09-07 11:04:58] Pushing to GitHub...
[2026-09-07 11:05:02] git push (GitHub): To https://github.com/lishiwen-ai/read-and-book-web.git
[2026-09-07 11:05:02] git push (GitHub):    479e702..35ff831  main -> main
[2026-09-07 11:05:02] SUCCESS: Pushed to GitHub!
[2026-09-07 11:05:02] --- Pushing to Gitee ---
[2026-09-07 11:05:02] Pulling latest from Gitee...
[2026-09-07 11:05:02] git pull (Gitee): error: cannot pull with rebase: You have unstaged changes.
[2026-09-07 11:05:02] git pull (Gitee): error: Please commit or stash them.
[2026-09-07 11:05:02] WARNING: Gitee pull may have conflicts (exit code: 128)
[2026-09-07 11:05:02] Pushing to Gitee...
[2026-09-07 11:05:06] git push (Gitee): remote: Powered by [01;33mGITEE.COM [0m[1.1.23]        
[2026-09-07 11:05:06] git push (Gitee): remote: Set trace flag e6455091        
[2026-09-07 11:05:06] git push (Gitee): To https://gitee.com/lsw0427/read-and-book-web.git
[2026-09-07 11:05:06] git push (Gitee):    479e702..35ff831  main -> main
[2026-09-07 11:05:06] SUCCESS: Pushed to Gitee!
[2026-09-07 11:05:06] ===== Sync Complete =====
[2026-09-07 11:11:47] ===== Start Auto Push Check (Dual Platform) =====
[2026-09-07 11:11:47] Project path: C:\Users\LSWli\Documents\Codex\2026-08-29\qin
[2026-09-07 11:11:47] File changes detected, starting sync...
[2026-09-07 11:11:47] Changed files:
[2026-09-07 11:11:47]    M git-auto-push.log
[2026-09-07 11:11:47] All changes added to staging area
[2026-09-07 11:11:47] git commit: [main 6ab080a] Auto sync - 2026-09-07 11:11:47
[2026-09-07 11:11:47] git commit:  1 file changed, 29 insertions(+)
[2026-09-07 11:11:47] --- Pushing to GitHub ---
[2026-09-07 11:11:48] Pulling latest from GitHub...
[2026-09-07 11:11:48] git pull (GitHub): error: cannot pull with rebase: You have unstaged changes.
[2026-09-07 11:11:48] git pull (GitHub): error: Please commit or stash them.
[2026-09-07 11:11:48] WARNING: GitHub pull may have conflicts (exit code: 128)
[2026-09-07 11:11:48] Pushing to GitHub...
[2026-09-07 11:11:52] git push (GitHub): To https://github.com/lishiwen-ai/read-and-book-web.git
[2026-09-07 11:11:52] git push (GitHub):    35ff831..6ab080a  main -> main
[2026-09-07 11:11:52] SUCCESS: Pushed to GitHub!
[2026-09-07 11:11:52] --- Pushing to Gitee ---
[2026-09-07 11:11:52] Pulling latest from Gitee...
[2026-09-07 11:11:52] git pull (Gitee): error: cannot pull with rebase: You have unstaged changes.
[2026-09-07 11:11:52] git pull (Gitee): error: Please commit or stash them.
[2026-09-07 11:11:52] WARNING: Gitee pull may have conflicts (exit code: 128)
[2026-09-07 11:11:52] Pushing to Gitee...
[2026-09-07 11:11:55] git push (Gitee): remote: Powered by [01;33mGITEE.COM [0m[1.1.23]        
[2026-09-07 11:11:55] git push (Gitee): remote: Set trace flag b3458180        
[2026-09-07 11:11:55] git push (Gitee): To https://gitee.com/lsw0427/read-and-book-web.git
[2026-09-07 11:11:55] git push (Gitee):    35ff831..6ab080a  main -> main
[2026-09-07 11:11:55] SUCCESS: Pushed to Gitee!
[2026-09-07 11:11:55] ===== Sync Complete =====
[2026-09-07 13:50:57] ===== Start Auto Push Check (Dual Platform) =====
[2026-09-07 13:50:57] Project path: C:\Users\LSWli\Documents\Codex\2026-08-29\qin
[2026-09-07 13:50:57] File changes detected, starting sync...
[2026-09-07 13:50:57] Changed files:
[2026-09-07 13:50:57]    M git-auto-push.log
[2026-09-07 13:50:57] All changes added to staging area
[2026-09-07 13:50:58] git commit: [main 599c039] Auto sync - 2026-09-07 13:50:57
[2026-09-07 13:50:58] git commit:  1 file changed, 29 insertions(+)
[2026-09-07 13:50:58] --- Pushing to GitHub ---
[2026-09-07 13:50:58] Pulling latest from GitHub...
[2026-09-07 13:50:58] git pull (GitHub): error: cannot pull with rebase: You have unstaged changes.
[2026-09-07 13:50:58] git pull (GitHub): error: Please commit or stash them.
[2026-09-07 13:50:58] WARNING: GitHub pull may have conflicts (exit code: 128)
[2026-09-07 13:50:58] Pushing to GitHub...
[2026-09-07 13:51:04] git push (GitHub): To https://github.com/lishiwen-ai/read-and-book-web.git
[2026-09-07 13:51:04] git push (GitHub):    6ab080a..599c039  main -> main
[2026-09-07 13:51:04] SUCCESS: Pushed to GitHub!
[2026-09-07 13:51:04] --- Pushing to Gitee ---
[2026-09-07 13:51:04] Pulling latest from Gitee...
[2026-09-07 13:51:04] git pull (Gitee): error: cannot pull with rebase: You have unstaged changes.
[2026-09-07 13:51:04] git pull (Gitee): error: Please commit or stash them.
[2026-09-07 13:51:04] WARNING: Gitee pull may have conflicts (exit code: 128)
[2026-09-07 13:51:04] Pushing to Gitee...
[2026-09-07 13:51:07] git push (Gitee): remote: Powered by [01;33mGITEE.COM [0m[1.1.23]        
[2026-09-07 13:51:07] git push (Gitee): remote: Set trace flag 8847f58f        
[2026-09-07 13:51:07] git push (Gitee): To https://gitee.com/lsw0427/read-and-book-web.git
[2026-09-07 13:51:07] git push (Gitee):    6ab080a..599c039  main -> main
[2026-09-07 13:51:07] SUCCESS: Pushed to Gitee!
[2026-09-07 13:51:07] ===== Sync Complete =====
[2026-09-07 19:41:50] ===== Start Auto Push Check (Dual Platform) =====
[2026-09-07 19:41:50] Project path: C:\Users\LSWli\Documents\Codex\2026-08-29\qin
[2026-09-07 19:41:51] File changes detected, starting sync...
[2026-09-07 19:41:51] Changed files:
[2026-09-07 19:41:51]    M git-auto-push.log
[2026-09-07 19:41:51] All changes added to staging area
[2026-09-07 19:41:51] git commit: [main dcf3a93] Auto sync - 2026-09-07 19:41:51
[2026-09-07 19:41:51] git commit:  1 file changed, 29 insertions(+)
[2026-09-07 19:41:51] --- Pushing to GitHub ---
[2026-09-07 19:41:51] Pulling latest from GitHub...
[2026-09-07 19:41:51] git pull (GitHub): error: cannot pull with rebase: You have unstaged changes.
[2026-09-07 19:41:51] git pull (GitHub): error: Please commit or stash them.
[2026-09-07 19:41:51] WARNING: GitHub pull may have conflicts (exit code: 128)
[2026-09-07 19:41:51] Pushing to GitHub...
[2026-09-07 19:42:20] git push (GitHub): fatal: unable to access 'https://github.com/lishiwen-ai/read-and-book-web.git/': Recv failure: Connection was reset
[2026-09-07 19:42:20] FAILED: GitHub push failed (exit code: 128)
[2026-09-07 19:42:20] --- Pushing to Gitee ---
[2026-09-07 19:42:20] Pulling latest from Gitee...
[2026-09-07 19:42:20] git pull (Gitee): error: cannot pull with rebase: You have unstaged changes.
[2026-09-07 19:42:20] git pull (Gitee): error: Please commit or stash them.
[2026-09-07 19:42:20] WARNING: Gitee pull may have conflicts (exit code: 128)
[2026-09-07 19:42:20] Pushing to Gitee...
[2026-09-07 19:42:23] git push (Gitee): remote: Powered by [01;33mGITEE.COM [0m[1.1.23]        
[2026-09-07 19:42:23] git push (Gitee): remote: Set trace flag 0c4d189e        
[2026-09-07 19:42:23] git push (Gitee): To https://gitee.com/lsw0427/read-and-book-web.git
[2026-09-07 19:42:23] git push (Gitee):    599c039..dcf3a93  main -> main
[2026-09-07 19:42:23] SUCCESS: Pushed to Gitee!
[2026-09-07 19:42:23] ===== Sync Complete =====
[2026-09-07 19:52:02] ===== Start Auto Push Check (Dual Platform) =====
[2026-09-07 19:52:02] Project path: C:\Users\LSWli\Documents\Codex\2026-08-29\qin
[2026-09-07 19:52:02] File changes detected, starting sync...
[2026-09-07 19:52:02] Changed files:
[2026-09-07 19:52:02]    M git-auto-push.log
[2026-09-07 19:52:03] All changes added to staging area
[2026-09-07 19:52:03] git commit: [main 31fe750] Auto sync - 2026-09-07 19:52:03
[2026-09-07 19:52:03] git commit:  1 file changed, 28 insertions(+)
[2026-09-07 19:52:03] --- Pushing to GitHub ---
[2026-09-07 19:52:03] Pulling latest from GitHub...
[2026-09-07 19:52:03] git pull (GitHub): error: cannot pull with rebase: You have unstaged changes.
[2026-09-07 19:52:03] git pull (GitHub): error: Please commit or stash them.
[2026-09-07 19:52:03] WARNING: GitHub pull may have conflicts (exit code: 128)
[2026-09-07 19:52:03] Pushing to GitHub...
[2026-09-07 19:52:28] git push (GitHub): fatal: unable to access 'https://github.com/lishiwen-ai/read-and-book-web.git/': Recv failure: Connection was reset
[2026-09-07 19:52:28] FAILED: GitHub push failed (exit code: 128)
[2026-09-07 19:52:28] --- Pushing to Gitee ---
[2026-09-07 19:52:29] Pulling latest from Gitee...
[2026-09-07 19:52:29] git pull (Gitee): error: cannot pull with rebase: You have unstaged changes.
[2026-09-07 19:52:29] git pull (Gitee): error: Please commit or stash them.
[2026-09-07 19:52:29] WARNING: Gitee pull may have conflicts (exit code: 128)
[2026-09-07 19:52:29] Pushing to Gitee...
[2026-09-07 19:52:31] git push (Gitee): remote: Powered by [01;33mGITEE.COM [0m[1.1.23]        
[2026-09-07 19:52:31] git push (Gitee): remote: Set trace flag d74b4789        
[2026-09-07 19:52:31] git push (Gitee): To https://gitee.com/lsw0427/read-and-book-web.git
[2026-09-07 19:52:31] git push (Gitee):    dcf3a93..31fe750  main -> main
[2026-09-07 19:52:31] SUCCESS: Pushed to Gitee!
[2026-09-07 19:52:31] ===== Sync Complete =====
[2026-09-07 20:02:17] ===== Start Auto Push Check (Dual Platform) =====
[2026-09-07 20:02:17] Project path: C:\Users\LSWli\Documents\Codex\2026-08-29\qin
[2026-09-07 20:02:17] File changes detected, starting sync...
[2026-09-07 20:02:17] Changed files:
[2026-09-07 20:02:17]    M git-auto-push.log
[2026-09-07 20:02:17] All changes added to staging area
[2026-09-07 20:02:17] git commit: [main ab66071] Auto sync - 2026-09-07 20:02:17
[2026-09-07 20:02:17] git commit:  1 file changed, 28 insertions(+)
[2026-09-07 20:02:17] --- Pushing to GitHub ---
[2026-09-07 20:02:18] Pulling latest from GitHub...
[2026-09-07 20:02:18] git pull (GitHub): error: cannot pull with rebase: You have unstaged changes.
[2026-09-07 20:02:18] git pull (GitHub): error: Please commit or stash them.
[2026-09-07 20:02:18] WARNING: GitHub pull may have conflicts (exit code: 128)
[2026-09-07 20:02:18] Pushing to GitHub...
[2026-09-07 20:07:18] git push (GitHub): fatal: unable to access 'https://github.com/lishiwen-ai/read-and-book-web.git/': Connection timed out after 300026 milliseconds
[2026-09-07 20:07:18] FAILED: GitHub push failed (exit code: 128)
[2026-09-07 20:07:18] --- Pushing to Gitee ---
[2026-09-07 20:07:18] Pulling latest from Gitee...
[2026-09-07 20:07:18] git pull (Gitee): error: cannot pull with rebase: You have unstaged changes.
[2026-09-07 20:07:18] git pull (Gitee): error: Please commit or stash them.
[2026-09-07 20:07:18] WARNING: Gitee pull may have conflicts (exit code: 128)
[2026-09-07 20:07:18] Pushing to Gitee...
[2026-09-07 20:07:21] git push (Gitee): remote: Powered by [01;33mGITEE.COM [0m[1.1.23]        
[2026-09-07 20:07:21] git push (Gitee): remote: Set trace flag db40c38a        
[2026-09-07 20:07:21] git push (Gitee): To https://gitee.com/lsw0427/read-and-book-web.git
[2026-09-07 20:07:21] git push (Gitee):    31fe750..ab66071  main -> main
[2026-09-07 20:07:21] SUCCESS: Pushed to Gitee!
[2026-09-07 20:07:21] ===== Sync Complete =====
[2026-09-07 20:11:53] ===== Start Auto Push Check (Dual Platform) =====
[2026-09-07 20:11:53] Project path: C:\Users\LSWli\Documents\Codex\2026-08-29\qin
[2026-09-07 20:11:53] File changes detected, starting sync...
[2026-09-07 20:11:53] Changed files:
[2026-09-07 20:11:53]    M git-auto-push.log
[2026-09-07 20:11:53] All changes added to staging area
[2026-09-07 20:11:54] git commit: [main 79d52ca] Auto sync - 2026-09-07 20:11:53
[2026-09-07 20:11:54] git commit:  1 file changed, 28 insertions(+)
[2026-09-07 20:11:54] --- Pushing to GitHub ---
[2026-09-07 20:11:54] Pulling latest from GitHub...
[2026-09-07 20:11:54] git pull (GitHub): error: cannot pull with rebase: You have unstaged changes.
[2026-09-07 20:11:54] git pull (GitHub): error: Please commit or stash them.
[2026-09-07 20:11:54] WARNING: GitHub pull may have conflicts (exit code: 128)
[2026-09-07 20:11:54] Pushing to GitHub...
[2026-09-07 20:11:58] git push (GitHub): To https://github.com/lishiwen-ai/read-and-book-web.git
[2026-09-07 20:11:58] git push (GitHub):    599c039..79d52ca  main -> main
[2026-09-07 20:11:58] SUCCESS: Pushed to GitHub!
[2026-09-07 20:11:58] --- Pushing to Gitee ---
[2026-09-07 20:11:58] Pulling latest from Gitee...
[2026-09-07 20:11:59] git pull (Gitee): error: cannot pull with rebase: You have unstaged changes.
[2026-09-07 20:11:59] git pull (Gitee): error: Please commit or stash them.
[2026-09-07 20:11:59] WARNING: Gitee pull may have conflicts (exit code: 128)
[2026-09-07 20:11:59] Pushing to Gitee...
[2026-09-07 20:12:01] git push (Gitee): remote: Powered by [01;33mGITEE.COM [0m[1.1.23]        
[2026-09-07 20:12:01] git push (Gitee): remote: Set trace flag 7042a39b        
[2026-09-07 20:12:01] git push (Gitee): To https://gitee.com/lsw0427/read-and-book-web.git
[2026-09-07 20:12:01] git push (Gitee):    ab66071..79d52ca  main -> main
[2026-09-07 20:12:01] SUCCESS: Pushed to Gitee!
[2026-09-07 20:12:01] ===== Sync Complete =====
[2026-09-07 20:22:34] ===== Start Auto Push Check (Dual Platform) =====
[2026-09-07 20:22:34] Project path: C:\Users\LSWli\Documents\Codex\2026-08-29\qin
[2026-09-07 20:22:34] File changes detected, starting sync...
[2026-09-07 20:22:34] Changed files:
[2026-09-07 20:22:34]    M git-auto-push.log
[2026-09-07 20:22:34] All changes added to staging area
[2026-09-07 20:22:34] git commit: [main 63a7253] Auto sync - 2026-09-07 20:22:34
[2026-09-07 20:22:34] git commit:  1 file changed, 29 insertions(+)
[2026-09-07 20:22:34] --- Pushing to GitHub ---
[2026-09-07 20:22:34] Pulling latest from GitHub...
[2026-09-07 20:22:35] git pull (GitHub): error: cannot pull with rebase: You have unstaged changes.
[2026-09-07 20:22:35] git pull (GitHub): error: Please commit or stash them.
[2026-09-07 20:22:35] WARNING: GitHub pull may have conflicts (exit code: 128)
[2026-09-07 20:22:35] Pushing to GitHub...
[2026-09-07 20:22:39] git push (GitHub): To https://github.com/lishiwen-ai/read-and-book-web.git
[2026-09-07 20:22:39] git push (GitHub):    79d52ca..63a7253  main -> main
[2026-09-07 20:22:39] SUCCESS: Pushed to GitHub!
[2026-09-07 20:22:39] --- Pushing to Gitee ---
[2026-09-07 20:22:39] Pulling latest from Gitee...
[2026-09-07 20:22:40] git pull (Gitee): error: cannot pull with rebase: You have unstaged changes.
[2026-09-07 20:22:40] git pull (Gitee): error: Please commit or stash them.
[2026-09-07 20:22:40] WARNING: Gitee pull may have conflicts (exit code: 128)
[2026-09-07 20:22:40] Pushing to Gitee...
[2026-09-07 20:22:42] git push (Gitee): remote: Powered by [01;33mGITEE.COM [0m[1.1.23]        
[2026-09-07 20:22:42] git push (Gitee): remote: Set trace flag 9d427787        
[2026-09-07 20:22:42] git push (Gitee): To https://gitee.com/lsw0427/read-and-book-web.git
[2026-09-07 20:22:42] git push (Gitee):    79d52ca..63a7253  main -> main
[2026-09-07 20:22:42] SUCCESS: Pushed to Gitee!
[2026-09-07 20:22:42] ===== Sync Complete =====
[2026-09-07 20:32:06] ===== Start Auto Push Check (Dual Platform) =====
[2026-09-07 20:32:06] Project path: C:\Users\LSWli\Documents\Codex\2026-08-29\qin
[2026-09-07 20:32:06] File changes detected, starting sync...
[2026-09-07 20:32:06] Changed files:
[2026-09-07 20:32:06]    M git-auto-push.log
[2026-09-07 20:32:06] All changes added to staging area
[2026-09-07 20:32:06] git commit: [main 58d5977] Auto sync - 2026-09-07 20:32:06
[2026-09-07 20:32:06] git commit:  1 file changed, 29 insertions(+)
[2026-09-07 20:32:06] --- Pushing to GitHub ---
[2026-09-07 20:32:06] Pulling latest from GitHub...
[2026-09-07 20:32:06] git pull (GitHub): error: cannot pull with rebase: You have unstaged changes.
[2026-09-07 20:32:06] git pull (GitHub): error: Please commit or stash them.
[2026-09-07 20:32:06] WARNING: GitHub pull may have conflicts (exit code: 128)
[2026-09-07 20:32:06] Pushing to GitHub...
[2026-09-07 20:32:11] git push (GitHub): To https://github.com/lishiwen-ai/read-and-book-web.git
[2026-09-07 20:32:11] git push (GitHub):    63a7253..58d5977  main -> main
[2026-09-07 20:32:11] SUCCESS: Pushed to GitHub!
[2026-09-07 20:32:11] --- Pushing to Gitee ---
[2026-09-07 20:32:11] Pulling latest from Gitee...
[2026-09-07 20:32:11] git pull (Gitee): error: cannot pull with rebase: You have unstaged changes.
[2026-09-07 20:32:11] git pull (Gitee): error: Please commit or stash them.
[2026-09-07 20:32:11] WARNING: Gitee pull may have conflicts (exit code: 128)
[2026-09-07 20:32:11] Pushing to Gitee...
[2026-09-07 20:32:13] git push (Gitee): remote: Powered by [01;33mGITEE.COM [0m[1.1.23]        
[2026-09-07 20:32:13] git push (Gitee): remote: Set trace flag 08443b85        
[2026-09-07 20:32:13] git push (Gitee): To https://gitee.com/lsw0427/read-and-book-web.git
[2026-09-07 20:32:13] git push (Gitee):    63a7253..58d5977  main -> main
[2026-09-07 20:32:13] SUCCESS: Pushed to Gitee!
[2026-09-07 20:32:13] ===== Sync Complete =====
[2026-09-07 20:41:55] ===== Start Auto Push Check (Dual Platform) =====
[2026-09-07 20:41:55] Project path: C:\Users\LSWli\Documents\Codex\2026-08-29\qin
[2026-09-07 20:41:56] File changes detected, starting sync...
[2026-09-07 20:41:56] Changed files:
[2026-09-07 20:41:56]    M git-auto-push.log
[2026-09-07 20:41:56] All changes added to staging area
[2026-09-07 20:41:56] git commit: [main 6e27b38] Auto sync - 2026-09-07 20:41:56
[2026-09-07 20:41:56] git commit:  1 file changed, 29 insertions(+)
[2026-09-07 20:41:56] --- Pushing to GitHub ---
[2026-09-07 20:41:56] Pulling latest from GitHub...
[2026-09-07 20:41:56] git pull (GitHub): error: cannot pull with rebase: You have unstaged changes.
[2026-09-07 20:41:56] git pull (GitHub): error: Please commit or stash them.
[2026-09-07 20:41:56] WARNING: GitHub pull may have conflicts (exit code: 128)
[2026-09-07 20:41:56] Pushing to GitHub...
[2026-09-07 20:47:17] git push (GitHub): fatal: unable to access 'https://github.com/lishiwen-ai/read-and-book-web.git/': Connection timed out after 300026 milliseconds
[2026-09-07 20:47:17] FAILED: GitHub push failed (exit code: 128)
[2026-09-07 20:47:17] --- Pushing to Gitee ---
[2026-09-07 20:47:17] Pulling latest from Gitee...
[2026-09-07 20:47:17] git pull (Gitee): error: cannot pull with rebase: You have unstaged changes.
[2026-09-07 20:47:17] git pull (Gitee): error: Please commit or stash them.
[2026-09-07 20:47:17] WARNING: Gitee pull may have conflicts (exit code: 128)
[2026-09-07 20:47:17] Pushing to Gitee...
[2026-09-07 20:47:20] git push (Gitee): remote: Powered by [01;33mGITEE.COM [0m[1.1.23]        
[2026-09-07 20:47:20] git push (Gitee): remote: Set trace flag 164d2392        
[2026-09-07 20:47:20] git push (Gitee): To https://gitee.com/lsw0427/read-and-book-web.git
[2026-09-07 20:47:20] git push (Gitee):    58d5977..6e27b38  main -> main
[2026-09-07 20:47:20] SUCCESS: Pushed to Gitee!
[2026-09-07 20:47:20] ===== Sync Complete =====
[2026-09-07 20:52:12] ===== Start Auto Push Check (Dual Platform) =====
[2026-09-07 20:52:12] Project path: C:\Users\LSWli\Documents\Codex\2026-08-29\qin
[2026-09-07 20:52:12] File changes detected, starting sync...
[2026-09-07 20:52:12] Changed files:
[2026-09-07 20:52:12]    M git-auto-push.log
[2026-09-07 20:52:12] All changes added to staging area
[2026-09-07 20:52:12] git commit: [main 24ef581] Auto sync - 2026-09-07 20:52:12
[2026-09-07 20:52:12] git commit:  1 file changed, 28 insertions(+)
[2026-09-07 20:52:12] --- Pushing to GitHub ---
[2026-09-07 20:52:12] Pulling latest from GitHub...
[2026-09-07 20:52:13] git pull (GitHub): error: cannot pull with rebase: You have unstaged changes.
[2026-09-07 20:52:13] git pull (GitHub): error: Please commit or stash them.
[2026-09-07 20:52:13] WARNING: GitHub pull may have conflicts (exit code: 128)
[2026-09-07 20:52:13] Pushing to GitHub...
[2026-09-07 20:52:39] git push (GitHub): fatal: unable to access 'https://github.com/lishiwen-ai/read-and-book-web.git/': Recv failure: Connection was reset
[2026-09-07 20:52:39] FAILED: GitHub push failed (exit code: 128)
[2026-09-07 20:52:39] --- Pushing to Gitee ---
[2026-09-07 20:52:39] Pulling latest from Gitee...
[2026-09-07 20:52:39] git pull (Gitee): error: cannot pull with rebase: You have unstaged changes.
[2026-09-07 20:52:39] git pull (Gitee): error: Please commit or stash them.
[2026-09-07 20:52:39] WARNING: Gitee pull may have conflicts (exit code: 128)
[2026-09-07 20:52:39] Pushing to Gitee...
[2026-09-07 20:52:41] git push (Gitee): remote: Powered by [01;33mGITEE.COM [0m[1.1.23]        
[2026-09-07 20:52:41] git push (Gitee): remote: Set trace flag 6448eb80        
[2026-09-07 20:52:41] git push (Gitee): To https://gitee.com/lsw0427/read-and-book-web.git
[2026-09-07 20:52:41] git push (Gitee):    6e27b38..24ef581  main -> main
[2026-09-07 20:52:41] SUCCESS: Pushed to Gitee!
[2026-09-07 20:52:41] ===== Sync Complete =====
[2026-09-07 21:02:24] ===== Start Auto Push Check (Dual Platform) =====
[2026-09-07 21:02:24] Project path: C:\Users\LSWli\Documents\Codex\2026-08-29\qin
[2026-09-07 21:02:24] File changes detected, starting sync...
[2026-09-07 21:02:24] Changed files:
[2026-09-07 21:02:24]    M git-auto-push.log
[2026-09-07 21:02:24] All changes added to staging area
[2026-09-07 21:02:24] git commit: [main bb82633] Auto sync - 2026-09-07 21:02:24
[2026-09-07 21:02:24] git commit:  1 file changed, 28 insertions(+)
[2026-09-07 21:02:24] --- Pushing to GitHub ---
[2026-09-07 21:02:25] Pulling latest from GitHub...
[2026-09-07 21:02:25] git pull (GitHub): error: cannot pull with rebase: You have unstaged changes.
[2026-09-07 21:02:25] git pull (GitHub): error: Please commit or stash them.
[2026-09-07 21:02:25] WARNING: GitHub pull may have conflicts (exit code: 128)
[2026-09-07 21:02:25] Pushing to GitHub...
[2026-09-07 21:02:29] git push (GitHub): To https://github.com/lishiwen-ai/read-and-book-web.git
[2026-09-07 21:02:29] git push (GitHub):    58d5977..bb82633  main -> main
[2026-09-07 21:02:29] SUCCESS: Pushed to GitHub!
[2026-09-07 21:02:29] --- Pushing to Gitee ---
[2026-09-07 21:02:29] Pulling latest from Gitee...
[2026-09-07 21:02:29] git pull (Gitee): error: cannot pull with rebase: You have unstaged changes.
[2026-09-07 21:02:29] git pull (Gitee): error: Please commit or stash them.
[2026-09-07 21:02:29] WARNING: Gitee pull may have conflicts (exit code: 128)
[2026-09-07 21:02:29] Pushing to Gitee...
[2026-09-07 21:02:31] git push (Gitee): remote: Powered by [01;33mGITEE.COM [0m[1.1.23]        
[2026-09-07 21:02:31] git push (Gitee): remote: Set trace flag af43f7ac        
[2026-09-07 21:02:31] git push (Gitee): To https://gitee.com/lsw0427/read-and-book-web.git
[2026-09-07 21:02:31] git push (Gitee):    24ef581..bb82633  main -> main
[2026-09-07 21:02:31] SUCCESS: Pushed to Gitee!
[2026-09-07 21:02:31] ===== Sync Complete =====
[2026-09-07 21:11:54] ===== Start Auto Push Check (Dual Platform) =====
[2026-09-07 21:11:54] Project path: C:\Users\LSWli\Documents\Codex\2026-08-29\qin
[2026-09-07 21:11:54] File changes detected, starting sync...
[2026-09-07 21:11:54] Changed files:
[2026-09-07 21:11:54]    M git-auto-push.log
[2026-09-07 21:11:54] All changes added to staging area
[2026-09-07 21:11:54] git commit: [main a5043be] Auto sync - 2026-09-07 21:11:54
[2026-09-07 21:11:54] git commit:  1 file changed, 29 insertions(+)
[2026-09-07 21:11:54] --- Pushing to GitHub ---
[2026-09-07 21:11:54] Pulling latest from GitHub...
[2026-09-07 21:11:54] git pull (GitHub): error: cannot pull with rebase: You have unstaged changes.
[2026-09-07 21:11:54] git pull (GitHub): error: Please commit or stash them.
[2026-09-07 21:11:54] WARNING: GitHub pull may have conflicts (exit code: 128)
[2026-09-07 21:11:54] Pushing to GitHub...
[2026-09-07 21:12:16] git push (GitHub): fatal: unable to access 'https://github.com/lishiwen-ai/read-and-book-web.git/': Failed to connect to github.com:443 after 21085 ms: Could not connect to server
[2026-09-07 21:12:16] FAILED: GitHub push failed (exit code: 128)
[2026-09-07 21:12:16] --- Pushing to Gitee ---
[2026-09-07 21:12:16] Pulling latest from Gitee...
[2026-09-07 21:12:16] git pull (Gitee): error: cannot pull with rebase: You have unstaged changes.
[2026-09-07 21:12:16] git pull (Gitee): error: Please commit or stash them.
[2026-09-07 21:12:16] WARNING: Gitee pull may have conflicts (exit code: 128)
[2026-09-07 21:12:16] Pushing to Gitee...
[2026-09-07 21:12:18] git push (Gitee): remote: Powered by [01;33mGITEE.COM [0m[1.1.23]        
[2026-09-07 21:12:18] git push (Gitee): remote: Set trace flag cc44d192        
[2026-09-07 21:12:18] git push (Gitee): To https://gitee.com/lsw0427/read-and-book-web.git
[2026-09-07 21:12:18] git push (Gitee):    bb82633..a5043be  main -> main
[2026-09-07 21:12:18] SUCCESS: Pushed to Gitee!
[2026-09-07 21:12:18] ===== Sync Complete =====
[2026-09-07 21:22:05] ===== Start Auto Push Check (Dual Platform) =====
[2026-09-07 21:22:05] Project path: C:\Users\LSWli\Documents\Codex\2026-08-29\qin
[2026-09-07 21:22:06] File changes detected, starting sync...
[2026-09-07 21:22:06] Changed files:
[2026-09-07 21:22:06]    M git-auto-push.log
[2026-09-07 21:22:06] All changes added to staging area
[2026-09-07 21:22:06] git commit: [main 3ab3591] Auto sync - 2026-09-07 21:22:06
[2026-09-07 21:22:06] git commit:  1 file changed, 28 insertions(+)
[2026-09-07 21:22:06] --- Pushing to GitHub ---
[2026-09-07 21:22:06] Pulling latest from GitHub...
[2026-09-07 21:22:06] git pull (GitHub): error: cannot pull with rebase: You have unstaged changes.
[2026-09-07 21:22:06] git pull (GitHub): error: Please commit or stash them.
[2026-09-07 21:22:06] WARNING: GitHub pull may have conflicts (exit code: 128)
[2026-09-07 21:22:06] Pushing to GitHub...
[2026-09-07 21:22:37] git push (GitHub): fatal: unable to access 'https://github.com/lishiwen-ai/read-and-book-web.git/': Recv failure: Connection was reset
[2026-09-07 21:22:37] FAILED: GitHub push failed (exit code: 128)
[2026-09-07 21:22:37] --- Pushing to Gitee ---
[2026-09-07 21:22:37] Pulling latest from Gitee...
[2026-09-07 21:22:37] git pull (Gitee): error: cannot pull with rebase: You have unstaged changes.
[2026-09-07 21:22:37] git pull (Gitee): error: Please commit or stash them.
[2026-09-07 21:22:37] WARNING: Gitee pull may have conflicts (exit code: 128)
[2026-09-07 21:22:37] Pushing to Gitee...
[2026-09-07 21:22:40] git push (Gitee): remote: Powered by [01;33mGITEE.COM [0m[1.1.23]        
[2026-09-07 21:22:40] git push (Gitee): remote: Set trace flag e343f29d        
[2026-09-07 21:22:40] git push (Gitee): To https://gitee.com/lsw0427/read-and-book-web.git
[2026-09-07 21:22:40] git push (Gitee):    a5043be..3ab3591  main -> main
[2026-09-07 21:22:40] SUCCESS: Pushed to Gitee!
[2026-09-07 21:22:40] ===== Sync Complete =====
[2026-09-07 21:32:13] ===== Start Auto Push Check (Dual Platform) =====
[2026-09-07 21:32:13] Project path: C:\Users\LSWli\Documents\Codex\2026-08-29\qin
[2026-09-07 21:32:13] File changes detected, starting sync...
[2026-09-07 21:32:13] Changed files:
[2026-09-07 21:32:13]    M git-auto-push.log
[2026-09-07 21:32:13] All changes added to staging area
[2026-09-07 21:32:13] git commit: [main 78b95f0] Auto sync - 2026-09-07 21:32:13
[2026-09-07 21:32:13] git commit:  1 file changed, 28 insertions(+)
[2026-09-07 21:32:13] --- Pushing to GitHub ---
[2026-09-07 21:32:13] Pulling latest from GitHub...
[2026-09-07 21:32:14] git pull (GitHub): error: cannot pull with rebase: You have unstaged changes.
[2026-09-07 21:32:14] git pull (GitHub): error: Please commit or stash them.
[2026-09-07 21:32:14] WARNING: GitHub pull may have conflicts (exit code: 128)
[2026-09-07 21:32:14] Pushing to GitHub...
[2026-09-07 21:32:35] git push (GitHub): fatal: unable to access 'https://github.com/lishiwen-ai/read-and-book-web.git/': Recv failure: Connection was reset
[2026-09-07 21:32:35] FAILED: GitHub push failed (exit code: 128)
[2026-09-07 21:32:35] --- Pushing to Gitee ---
[2026-09-07 21:32:36] Pulling latest from Gitee...
[2026-09-07 21:32:36] git pull (Gitee): error: cannot pull with rebase: You have unstaged changes.
[2026-09-07 21:32:36] git pull (Gitee): error: Please commit or stash them.
[2026-09-07 21:32:36] WARNING: Gitee pull may have conflicts (exit code: 128)
[2026-09-07 21:32:36] Pushing to Gitee...
[2026-09-07 21:32:38] git push (Gitee): remote: Powered by [01;33mGITEE.COM [0m[1.1.23]        
[2026-09-07 21:32:38] git push (Gitee): remote: Set trace flag 36474aa4        
[2026-09-07 21:32:38] git push (Gitee): To https://gitee.com/lsw0427/read-and-book-web.git
[2026-09-07 21:32:38] git push (Gitee):    3ab3591..78b95f0  main -> main
[2026-09-07 21:32:38] SUCCESS: Pushed to Gitee!
[2026-09-07 21:32:38] ===== Sync Complete =====
[2026-09-07 21:41:49] ===== Start Auto Push Check (Dual Platform) =====
[2026-09-07 21:41:49] Project path: C:\Users\LSWli\Documents\Codex\2026-08-29\qin
[2026-09-07 21:41:50] File changes detected, starting sync...
[2026-09-07 21:41:50] Changed files:
[2026-09-07 21:41:50]    M git-auto-push.log
[2026-09-07 21:41:50] All changes added to staging area
[2026-09-07 21:41:50] git commit: [main 6f7b2fa] Auto sync - 2026-09-07 21:41:50
[2026-09-07 21:41:50] git commit:  1 file changed, 28 insertions(+)
[2026-09-07 21:41:50] --- Pushing to GitHub ---
[2026-09-07 21:41:50] Pulling latest from GitHub...
[2026-09-07 21:41:50] git pull (GitHub): error: cannot pull with rebase: You have unstaged changes.
[2026-09-07 21:41:50] git pull (GitHub): error: Please commit or stash them.
[2026-09-07 21:41:50] WARNING: GitHub pull may have conflicts (exit code: 128)
[2026-09-07 21:41:50] Pushing to GitHub...
[2026-09-07 21:42:19] git push (GitHub): fatal: unable to access 'https://github.com/lishiwen-ai/read-and-book-web.git/': Recv failure: Connection was reset
[2026-09-07 21:42:19] FAILED: GitHub push failed (exit code: 128)
[2026-09-07 21:42:19] --- Pushing to Gitee ---
[2026-09-07 21:42:19] Pulling latest from Gitee...
[2026-09-07 21:42:19] git pull (Gitee): error: cannot pull with rebase: You have unstaged changes.
[2026-09-07 21:42:19] git pull (Gitee): error: Please commit or stash them.
[2026-09-07 21:42:19] WARNING: Gitee pull may have conflicts (exit code: 128)
[2026-09-07 21:42:19] Pushing to Gitee...
[2026-09-07 21:42:22] git push (Gitee): remote: Powered by [01;33mGITEE.COM [0m[1.1.23]        
[2026-09-07 21:42:22] git push (Gitee): remote: Set trace flag 8a4720a7        
[2026-09-07 21:42:22] git push (Gitee): To https://gitee.com/lsw0427/read-and-book-web.git
[2026-09-07 21:42:22] git push (Gitee):    78b95f0..6f7b2fa  main -> main
[2026-09-07 21:42:22] SUCCESS: Pushed to Gitee!
[2026-09-07 21:42:22] ===== Sync Complete =====
[2026-09-07 21:52:16] ===== Start Auto Push Check (Dual Platform) =====
[2026-09-07 21:52:16] Project path: C:\Users\LSWli\Documents\Codex\2026-08-29\qin
[2026-09-07 21:52:16] File changes detected, starting sync...
[2026-09-07 21:52:16] Changed files:
[2026-09-07 21:52:16]    M git-auto-push.log
[2026-09-07 21:52:16] All changes added to staging area
[2026-09-07 21:52:16] git commit: [main 398119b] Auto sync - 2026-09-07 21:52:16
[2026-09-07 21:52:16] git commit:  1 file changed, 28 insertions(+)
[2026-09-07 21:52:16] --- Pushing to GitHub ---
[2026-09-07 21:52:17] Pulling latest from GitHub...
[2026-09-07 21:52:17] git pull (GitHub): error: cannot pull with rebase: You have unstaged changes.
[2026-09-07 21:52:17] git pull (GitHub): error: Please commit or stash them.
[2026-09-07 21:52:17] WARNING: GitHub pull may have conflicts (exit code: 128)
[2026-09-07 21:52:17] Pushing to GitHub...
[2026-09-07 21:52:45] git push (GitHub): fatal: unable to access 'https://github.com/lishiwen-ai/read-and-book-web.git/': Recv failure: Connection was reset
[2026-09-07 21:52:45] FAILED: GitHub push failed (exit code: 128)
[2026-09-07 21:52:45] --- Pushing to Gitee ---
[2026-09-07 21:52:45] Pulling latest from Gitee...
[2026-09-07 21:52:45] git pull (Gitee): error: cannot pull with rebase: You have unstaged changes.
[2026-09-07 21:52:45] git pull (Gitee): error: Please commit or stash them.
[2026-09-07 21:52:45] WARNING: Gitee pull may have conflicts (exit code: 128)
[2026-09-07 21:52:45] Pushing to Gitee...
[2026-09-07 21:52:47] git push (Gitee): remote: Powered by [01;33mGITEE.COM [0m[1.1.23]        
[2026-09-07 21:52:47] git push (Gitee): remote: Set trace flag f143e983        
[2026-09-07 21:52:47] git push (Gitee): To https://gitee.com/lsw0427/read-and-book-web.git
[2026-09-07 21:52:47] git push (Gitee):    6f7b2fa..398119b  main -> main
[2026-09-07 21:52:47] SUCCESS: Pushed to Gitee!
[2026-09-07 21:52:47] ===== Sync Complete =====
[2026-09-07 22:02:04] ===== Start Auto Push Check (Dual Platform) =====
[2026-09-07 22:02:04] Project path: C:\Users\LSWli\Documents\Codex\2026-08-29\qin
[2026-09-07 22:02:04] File changes detected, starting sync...
[2026-09-07 22:02:04] Changed files:
[2026-09-07 22:02:04]    M git-auto-push.log
[2026-09-07 22:02:05] All changes added to staging area
[2026-09-07 22:02:05] git commit: [main 1d6c6f8] Auto sync - 2026-09-07 22:02:05
[2026-09-07 22:02:05] git commit:  1 file changed, 28 insertions(+)
[2026-09-07 22:02:05] --- Pushing to GitHub ---
[2026-09-07 22:02:05] Pulling latest from GitHub...
[2026-09-07 22:02:05] git pull (GitHub): error: cannot pull with rebase: You have unstaged changes.
[2026-09-07 22:02:05] git pull (GitHub): error: Please commit or stash them.
[2026-09-07 22:02:05] WARNING: GitHub pull may have conflicts (exit code: 128)
[2026-09-07 22:02:05] Pushing to GitHub...
[2026-09-07 22:02:32] git push (GitHub): fatal: unable to access 'https://github.com/lishiwen-ai/read-and-book-web.git/': Recv failure: Connection was reset
[2026-09-07 22:02:32] FAILED: GitHub push failed (exit code: 128)
[2026-09-07 22:02:32] --- Pushing to Gitee ---
[2026-09-07 22:02:33] Pulling latest from Gitee...
[2026-09-07 22:02:33] git pull (Gitee): error: cannot pull with rebase: You have unstaged changes.
[2026-09-07 22:02:33] git pull (Gitee): error: Please commit or stash them.
[2026-09-07 22:02:33] WARNING: Gitee pull may have conflicts (exit code: 128)
[2026-09-07 22:02:33] Pushing to Gitee...
[2026-09-07 22:02:35] git push (Gitee): remote: Powered by [01;33mGITEE.COM [0m[1.1.23]        
[2026-09-07 22:02:35] git push (Gitee): remote: Set trace flag e544d283        
[2026-09-07 22:02:35] git push (Gitee): To https://gitee.com/lsw0427/read-and-book-web.git
[2026-09-07 22:02:35] git push (Gitee):    398119b..1d6c6f8  main -> main
[2026-09-07 22:02:35] SUCCESS: Pushed to Gitee!
[2026-09-07 22:02:35] ===== Sync Complete =====
[2026-09-08 13:11:46] ===== Start Auto Push Check (Dual Platform) =====
[2026-09-08 13:11:46] Project path: C:\Users\LSWli\Documents\Codex\2026-08-29\qin
[2026-09-08 13:11:47] File changes detected, starting sync...
[2026-09-08 13:11:47] Changed files:
[2026-09-08 13:11:47]    M git-auto-push.log
[2026-09-08 13:11:47] All changes added to staging area
[2026-09-08 13:11:47] git commit: [main 1c83607] Auto sync - 2026-09-08 13:11:47
[2026-09-08 13:11:47] git commit:  1 file changed, 28 insertions(+)
[2026-09-08 13:11:47] --- Pushing to GitHub ---
[2026-09-08 13:11:47] Pulling latest from GitHub...
[2026-09-08 13:11:47] git pull (GitHub): error: cannot pull with rebase: You have unstaged changes.
[2026-09-08 13:11:47] git pull (GitHub): error: Please commit or stash them.
[2026-09-08 13:11:48] WARNING: GitHub pull may have conflicts (exit code: 128)
[2026-09-08 13:11:48] Pushing to GitHub...
[2026-09-08 13:11:53] git push (GitHub): To https://github.com/lishiwen-ai/read-and-book-web.git
[2026-09-08 13:11:53] git push (GitHub):    bb82633..1c83607  main -> main
[2026-09-08 13:11:53] SUCCESS: Pushed to GitHub!
[2026-09-08 13:11:53] --- Pushing to Gitee ---
[2026-09-08 13:11:53] Pulling latest from Gitee...
[2026-09-08 13:11:53] git pull (Gitee): error: cannot pull with rebase: You have unstaged changes.
[2026-09-08 13:11:53] git pull (Gitee): error: Please commit or stash them.
[2026-09-08 13:11:53] WARNING: Gitee pull may have conflicts (exit code: 128)
[2026-09-08 13:11:53] Pushing to Gitee...
[2026-09-08 13:11:57] git push (Gitee): remote: Powered by [01;33mGITEE.COM [0m[1.1.23]        
[2026-09-08 13:11:57] git push (Gitee): remote: Set trace flag 18447f8e        
[2026-09-08 13:11:57] git push (Gitee): To https://gitee.com/lsw0427/read-and-book-web.git
[2026-09-08 13:11:57] git push (Gitee):    1d6c6f8..1c83607  main -> main
[2026-09-08 13:11:57] SUCCESS: Pushed to Gitee!
[2026-09-08 13:11:57] ===== Sync Complete =====
[2026-09-08 13:21:47] ===== Start Auto Push Check (Dual Platform) =====
[2026-09-08 13:21:47] Project path: C:\Users\LSWli\Documents\Codex\2026-08-29\qin
[2026-09-08 13:21:47] File changes detected, starting sync...
[2026-09-08 13:21:47] Changed files:
[2026-09-08 13:21:47]    M git-auto-push.log
[2026-09-08 13:21:47] All changes added to staging area
[2026-09-08 13:21:47] git commit: [main e5d39b7] Auto sync - 2026-09-08 13:21:47
[2026-09-08 13:21:47] git commit:  1 file changed, 29 insertions(+)
[2026-09-08 13:21:47] --- Pushing to GitHub ---
[2026-09-08 13:21:47] Pulling latest from GitHub...
[2026-09-08 13:21:47] git pull (GitHub): error: cannot pull with rebase: You have unstaged changes.
[2026-09-08 13:21:47] git pull (GitHub): error: Please commit or stash them.
[2026-09-08 13:21:47] WARNING: GitHub pull may have conflicts (exit code: 128)
[2026-09-08 13:21:47] Pushing to GitHub...
[2026-09-08 13:22:08] git push (GitHub): fatal: unable to access 'https://github.com/lishiwen-ai/read-and-book-web.git/': Recv failure: Connection was reset
[2026-09-08 13:22:08] FAILED: GitHub push failed (exit code: 128)
[2026-09-08 13:22:08] --- Pushing to Gitee ---
[2026-09-08 13:22:08] Pulling latest from Gitee...
[2026-09-08 13:22:09] git pull (Gitee): error: cannot pull with rebase: You have unstaged changes.
[2026-09-08 13:22:09] git pull (Gitee): error: Please commit or stash them.
[2026-09-08 13:22:09] WARNING: Gitee pull may have conflicts (exit code: 128)
[2026-09-08 13:22:09] Pushing to Gitee...
[2026-09-08 13:22:11] git push (Gitee): remote: Powered by [01;33mGITEE.COM [0m[1.1.23]        
[2026-09-08 13:22:11] git push (Gitee): remote: Set trace flag e44dcb89        
[2026-09-08 13:22:11] git push (Gitee): To https://gitee.com/lsw0427/read-and-book-web.git
[2026-09-08 13:22:11] git push (Gitee):    1c83607..e5d39b7  main -> main
[2026-09-08 13:22:11] SUCCESS: Pushed to Gitee!
[2026-09-08 13:22:11] ===== Sync Complete =====
[2026-09-08 13:32:01] ===== Start Auto Push Check (Dual Platform) =====
[2026-09-08 13:32:01] Project path: C:\Users\LSWli\Documents\Codex\2026-08-29\qin
[2026-09-08 13:32:01] File changes detected, starting sync...
[2026-09-08 13:32:01] Changed files:
[2026-09-08 13:32:01]    M git-auto-push.log
[2026-09-08 13:32:01] All changes added to staging area
[2026-09-08 13:32:02] git commit: [main 6403427] Auto sync - 2026-09-08 13:32:01
[2026-09-08 13:32:02] git commit:  1 file changed, 28 insertions(+)
[2026-09-08 13:32:02] --- Pushing to GitHub ---
[2026-09-08 13:32:02] Pulling latest from GitHub...
[2026-09-08 13:32:02] git pull (GitHub): error: cannot pull with rebase: You have unstaged changes.
[2026-09-08 13:32:02] git pull (GitHub): error: Please commit or stash them.
[2026-09-08 13:32:02] WARNING: GitHub pull may have conflicts (exit code: 128)
[2026-09-08 13:32:02] Pushing to GitHub...
[2026-09-08 13:32:06] git push (GitHub): To https://github.com/lishiwen-ai/read-and-book-web.git
[2026-09-08 13:32:06] git push (GitHub):    1c83607..6403427  main -> main
[2026-09-08 13:32:06] SUCCESS: Pushed to GitHub!
[2026-09-08 13:32:06] --- Pushing to Gitee ---
[2026-09-08 13:32:06] Pulling latest from Gitee...
[2026-09-08 13:32:06] git pull (Gitee): error: cannot pull with rebase: You have unstaged changes.
[2026-09-08 13:32:06] git pull (Gitee): error: Please commit or stash them.
[2026-09-08 13:32:06] WARNING: Gitee pull may have conflicts (exit code: 128)
[2026-09-08 13:32:06] Pushing to Gitee...
[2026-09-08 13:32:09] git push (Gitee): remote: Powered by [01;33mGITEE.COM [0m[1.1.23]        
[2026-09-08 13:32:09] git push (Gitee): remote: Set trace flag c74438af        
[2026-09-08 13:32:09] git push (Gitee): To https://gitee.com/lsw0427/read-and-book-web.git
[2026-09-08 13:32:09] git push (Gitee):    e5d39b7..6403427  main -> main
[2026-09-08 13:32:09] SUCCESS: Pushed to Gitee!
[2026-09-08 13:32:09] ===== Sync Complete =====
[2026-09-08 16:27:24] ===== Start Auto Push Check (Dual Platform) =====
[2026-09-08 16:27:24] Project path: C:\Users\LSWli\Documents\Codex\2026-08-29\qin
[2026-09-08 16:27:24] File changes detected, starting sync...
[2026-09-08 16:27:24] Changed files:
[2026-09-08 16:27:24]    M git-auto-push.log
[2026-09-08 16:27:24] All changes added to staging area
[2026-09-08 16:27:25] git commit: [main 6478c92] Auto sync - 2026-09-08 16:27:24
[2026-09-08 16:27:25] git commit:  1 file changed, 29 insertions(+)
[2026-09-08 16:27:25] --- Pushing to GitHub ---
[2026-09-08 16:27:25] Pulling latest from GitHub...
[2026-09-08 16:27:25] git pull (GitHub): error: cannot pull with rebase: You have unstaged changes.
[2026-09-08 16:27:25] git pull (GitHub): error: Please commit or stash them.
[2026-09-08 16:27:25] WARNING: GitHub pull may have conflicts (exit code: 128)
[2026-09-08 16:27:25] Pushing to GitHub...
[2026-09-08 16:27:50] git push (GitHub): fatal: unable to access 'https://github.com/lishiwen-ai/read-and-book-web.git/': Recv failure: Connection was reset
[2026-09-08 16:27:50] FAILED: GitHub push failed (exit code: 128)
[2026-09-08 16:27:50] --- Pushing to Gitee ---
[2026-09-08 16:27:50] Pulling latest from Gitee...
[2026-09-08 16:27:50] git pull (Gitee): error: cannot pull with rebase: You have unstaged changes.
[2026-09-08 16:27:50] git pull (Gitee): error: Please commit or stash them.
[2026-09-08 16:27:50] WARNING: Gitee pull may have conflicts (exit code: 128)
[2026-09-08 16:27:50] Pushing to Gitee...
[2026-09-08 16:27:53] git push (Gitee): remote: Powered by [01;33mGITEE.COM [0m[1.1.23]        
[2026-09-08 16:27:53] git push (Gitee): remote: Set trace flag 174c819d        
[2026-09-08 16:27:53] git push (Gitee): To https://gitee.com/lsw0427/read-and-book-web.git
[2026-09-08 16:27:53] git push (Gitee):    6403427..6478c92  main -> main
[2026-09-08 16:27:53] SUCCESS: Pushed to Gitee!
[2026-09-08 16:27:53] ===== Sync Complete =====
[2026-09-08 16:31:43] ===== Start Auto Push Check (Dual Platform) =====
[2026-09-08 16:31:43] Project path: C:\Users\LSWli\Documents\Codex\2026-08-29\qin
[2026-09-08 16:31:44] File changes detected, starting sync...
[2026-09-08 16:31:44] Changed files:
[2026-09-08 16:31:44]    M git-auto-push.log
[2026-09-08 16:31:44] All changes added to staging area
[2026-09-08 16:31:44] git commit: [main d2cc010] Auto sync - 2026-09-08 16:31:44
[2026-09-08 16:31:44] git commit:  1 file changed, 28 insertions(+)
[2026-09-08 16:31:44] --- Pushing to GitHub ---
[2026-09-08 16:31:44] Pulling latest from GitHub...
[2026-09-08 16:31:44] git pull (GitHub): error: cannot pull with rebase: You have unstaged changes.
[2026-09-08 16:31:44] git pull (GitHub): error: Please commit or stash them.
[2026-09-08 16:31:44] WARNING: GitHub pull may have conflicts (exit code: 128)
[2026-09-08 16:31:44] Pushing to GitHub...
[2026-09-08 16:31:51] git push (GitHub): To https://github.com/lishiwen-ai/read-and-book-web.git
[2026-09-08 16:31:51] git push (GitHub):    6403427..d2cc010  main -> main
[2026-09-08 16:31:51] SUCCESS: Pushed to GitHub!
[2026-09-08 16:31:51] --- Pushing to Gitee ---
[2026-09-08 16:31:51] Pulling latest from Gitee...
[2026-09-08 16:31:51] git pull (Gitee): error: cannot pull with rebase: You have unstaged changes.
[2026-09-08 16:31:51] git pull (Gitee): error: Please commit or stash them.
[2026-09-08 16:31:51] WARNING: Gitee pull may have conflicts (exit code: 128)
[2026-09-08 16:31:51] Pushing to Gitee...
[2026-09-08 16:31:54] git push (Gitee): remote: Powered by [01;33mGITEE.COM [0m[1.1.23]        
[2026-09-08 16:31:54] git push (Gitee): remote: Set trace flag 14425985        
[2026-09-08 16:31:54] git push (Gitee): To https://gitee.com/lsw0427/read-and-book-web.git
[2026-09-08 16:31:54] git push (Gitee):    6478c92..d2cc010  main -> main
[2026-09-08 16:31:54] SUCCESS: Pushed to Gitee!
[2026-09-08 16:31:54] ===== Sync Complete =====
[2026-09-08 16:42:06] ===== Start Auto Push Check (Dual Platform) =====
[2026-09-08 16:42:06] Project path: C:\Users\LSWli\Documents\Codex\2026-08-29\qin
[2026-09-08 16:42:06] File changes detected, starting sync...
[2026-09-08 16:42:06] Changed files:
[2026-09-08 16:42:06]    M git-auto-push.log
[2026-09-08 16:42:06] All changes added to staging area
[2026-09-08 16:42:06] git commit: [main 2ad5182] Auto sync - 2026-09-08 16:42:06
[2026-09-08 16:42:06] git commit:  1 file changed, 29 insertions(+)
[2026-09-08 16:42:06] --- Pushing to GitHub ---
[2026-09-08 16:42:06] Pulling latest from GitHub...
[2026-09-08 16:42:06] git pull (GitHub): error: cannot pull with rebase: You have unstaged changes.
[2026-09-08 16:42:06] git pull (GitHub): error: Please commit or stash them.
[2026-09-08 16:42:06] WARNING: GitHub pull may have conflicts (exit code: 128)
[2026-09-08 16:42:06] Pushing to GitHub...
[2026-09-08 16:42:29] git push (GitHub): fatal: unable to access 'https://github.com/lishiwen-ai/read-and-book-web.git/': Recv failure: Connection was reset
[2026-09-08 16:42:29] FAILED: GitHub push failed (exit code: 128)
[2026-09-08 16:42:29] --- Pushing to Gitee ---
[2026-09-08 16:42:29] Pulling latest from Gitee...
[2026-09-08 16:42:29] git pull (Gitee): error: cannot pull with rebase: You have unstaged changes.
[2026-09-08 16:42:29] git pull (Gitee): error: Please commit or stash them.
[2026-09-08 16:42:29] WARNING: Gitee pull may have conflicts (exit code: 128)
[2026-09-08 16:42:29] Pushing to Gitee...
[2026-09-08 16:42:32] git push (Gitee): remote: Powered by [01;33mGITEE.COM [0m[1.1.23]        
[2026-09-08 16:42:32] git push (Gitee): remote: Set trace flag f24064bb        
[2026-09-08 16:42:32] git push (Gitee): To https://gitee.com/lsw0427/read-and-book-web.git
[2026-09-08 16:42:32] git push (Gitee):    d2cc010..2ad5182  main -> main
[2026-09-08 16:42:32] SUCCESS: Pushed to Gitee!
[2026-09-08 16:42:32] ===== Sync Complete =====
[2026-09-08 16:51:56] ===== Start Auto Push Check (Dual Platform) =====
[2026-09-08 16:51:56] Project path: C:\Users\LSWli\Documents\Codex\2026-08-29\qin
[2026-09-08 16:51:57] File changes detected, starting sync...
[2026-09-08 16:51:57] Changed files:
[2026-09-08 16:51:57]    M git-auto-push.log
[2026-09-08 16:51:57] All changes added to staging area
[2026-09-08 16:51:57] git commit: [main b5c6073] Auto sync - 2026-09-08 16:51:57
[2026-09-08 16:51:57] git commit:  1 file changed, 28 insertions(+)
[2026-09-08 16:51:57] --- Pushing to GitHub ---
[2026-09-08 16:51:57] Pulling latest from GitHub...
[2026-09-08 16:51:57] git pull (GitHub): error: cannot pull with rebase: You have unstaged changes.
[2026-09-08 16:51:57] git pull (GitHub): error: Please commit or stash them.
[2026-09-08 16:51:57] WARNING: GitHub pull may have conflicts (exit code: 128)
[2026-09-08 16:51:57] Pushing to GitHub...
[2026-09-08 16:52:35] git push (GitHub): fatal: unable to access 'https://github.com/lishiwen-ai/read-and-book-web.git/': Recv failure: Connection was reset
[2026-09-08 16:52:35] FAILED: GitHub push failed (exit code: 128)
[2026-09-08 16:52:35] --- Pushing to Gitee ---
[2026-09-08 16:52:35] Pulling latest from Gitee...
[2026-09-08 16:52:35] git pull (Gitee): error: cannot pull with rebase: You have unstaged changes.
[2026-09-08 16:52:35] git pull (Gitee): error: Please commit or stash them.
[2026-09-08 16:52:35] WARNING: Gitee pull may have conflicts (exit code: 128)
[2026-09-08 16:52:35] Pushing to Gitee...
[2026-09-08 16:52:38] git push (Gitee): remote: Powered by [01;33mGITEE.COM [0m[1.1.23]        
[2026-09-08 16:52:38] git push (Gitee): remote: Set trace flag ec4e5ea9        
[2026-09-08 16:52:38] git push (Gitee): To https://gitee.com/lsw0427/read-and-book-web.git
[2026-09-08 16:52:38] git push (Gitee):    2ad5182..b5c6073  main -> main
[2026-09-08 16:52:38] SUCCESS: Pushed to Gitee!
[2026-09-08 16:52:38] ===== Sync Complete =====
[2026-09-08 17:02:49] ===== Start Auto Push Check (Dual Platform) =====
[2026-09-08 17:02:50] Project path: C:\Users\LSWli\Documents\Codex\2026-08-29\qin
[2026-09-08 17:02:50] File changes detected, starting sync...
[2026-09-08 17:02:50] Changed files:
[2026-09-08 17:02:50]    M git-auto-push.log
[2026-09-08 17:02:50] All changes added to staging area
[2026-09-08 17:02:50] git commit: [main e29785b] Auto sync - 2026-09-08 17:02:50
[2026-09-08 17:02:50] git commit:  1 file changed, 28 insertions(+)
[2026-09-08 17:02:50] --- Pushing to GitHub ---
[2026-09-08 17:02:50] Pulling latest from GitHub...
[2026-09-08 17:02:50] git pull (GitHub): error: cannot pull with rebase: You have unstaged changes.
[2026-09-08 17:02:50] git pull (GitHub): error: Please commit or stash them.
[2026-09-08 17:02:50] WARNING: GitHub pull may have conflicts (exit code: 128)
[2026-09-08 17:02:50] Pushing to GitHub...
[2026-09-08 17:02:55] git push (GitHub): To https://github.com/lishiwen-ai/read-and-book-web.git
[2026-09-08 17:02:55] git push (GitHub):    d2cc010..e29785b  main -> main
[2026-09-08 17:02:55] SUCCESS: Pushed to GitHub!
[2026-09-08 17:02:55] --- Pushing to Gitee ---
[2026-09-08 17:02:55] Pulling latest from Gitee...
[2026-09-08 17:02:55] git pull (Gitee): error: cannot pull with rebase: You have unstaged changes.
[2026-09-08 17:02:55] git pull (Gitee): error: Please commit or stash them.
[2026-09-08 17:02:55] WARNING: Gitee pull may have conflicts (exit code: 128)
[2026-09-08 17:02:55] Pushing to Gitee...
[2026-09-08 17:02:58] git push (Gitee): remote: Powered by [01;33mGITEE.COM [0m[1.1.23]        
[2026-09-08 17:02:58] git push (Gitee): remote: Set trace flag c042d290        
[2026-09-08 17:02:58] git push (Gitee): To https://gitee.com/lsw0427/read-and-book-web.git
[2026-09-08 17:02:58] git push (Gitee):    b5c6073..e29785b  main -> main
[2026-09-08 17:02:58] SUCCESS: Pushed to Gitee!
[2026-09-08 17:02:58] ===== Sync Complete =====
[2026-09-08 17:12:01] ===== Start Auto Push Check (Dual Platform) =====
[2026-09-08 17:12:01] Project path: C:\Users\LSWli\Documents\Codex\2026-08-29\qin
[2026-09-08 17:12:02] File changes detected, starting sync...
[2026-09-08 17:12:02] Changed files:
[2026-09-08 17:12:02]    M git-auto-push.log
[2026-09-08 17:12:02] All changes added to staging area
[2026-09-08 17:12:02] git commit: [main 816997a] Auto sync - 2026-09-08 17:12:02
[2026-09-08 17:12:02] git commit:  1 file changed, 29 insertions(+)
[2026-09-08 17:12:02] --- Pushing to GitHub ---
[2026-09-08 17:12:02] Pulling latest from GitHub...
[2026-09-08 17:12:02] git pull (GitHub): error: cannot pull with rebase: You have unstaged changes.
[2026-09-08 17:12:02] git pull (GitHub): error: Please commit or stash them.
[2026-09-08 17:12:02] WARNING: GitHub pull may have conflicts (exit code: 128)
[2026-09-08 17:12:02] Pushing to GitHub...
[2026-09-08 17:12:06] git push (GitHub): To https://github.com/lishiwen-ai/read-and-book-web.git
[2026-09-08 17:12:06] git push (GitHub):    e29785b..816997a  main -> main
[2026-09-08 17:12:06] SUCCESS: Pushed to GitHub!
[2026-09-08 17:12:06] --- Pushing to Gitee ---
[2026-09-08 17:12:07] Pulling latest from Gitee...
[2026-09-08 17:12:07] git pull (Gitee): error: cannot pull with rebase: You have unstaged changes.
[2026-09-08 17:12:07] git pull (Gitee): error: Please commit or stash them.
[2026-09-08 17:12:07] WARNING: Gitee pull may have conflicts (exit code: 128)
[2026-09-08 17:12:07] Pushing to Gitee...
[2026-09-08 17:12:09] git push (Gitee): remote: Powered by [01;33mGITEE.COM [0m[1.1.23]        
[2026-09-08 17:12:09] git push (Gitee): remote: Set trace flag 35476ba9        
[2026-09-08 17:12:09] git push (Gitee): To https://gitee.com/lsw0427/read-and-book-web.git
[2026-09-08 17:12:09] git push (Gitee):    e29785b..816997a  main -> main
[2026-09-08 17:12:09] SUCCESS: Pushed to Gitee!
[2026-09-08 17:12:09] ===== Sync Complete =====
[2026-09-08 17:22:11] ===== Start Auto Push Check (Dual Platform) =====
[2026-09-08 17:22:11] Project path: C:\Users\LSWli\Documents\Codex\2026-08-29\qin
[2026-09-08 17:22:11] File changes detected, starting sync...
[2026-09-08 17:22:11] Changed files:
[2026-09-08 17:22:11]    M git-auto-push.log
[2026-09-08 17:22:11] All changes added to staging area
[2026-09-08 17:22:12] git commit: [main 6315019] Auto sync - 2026-09-08 17:22:11
[2026-09-08 17:22:12] git commit:  1 file changed, 29 insertions(+)
[2026-09-08 17:22:12] --- Pushing to GitHub ---
[2026-09-08 17:22:12] Pulling latest from GitHub...
[2026-09-08 17:22:12] git pull (GitHub): error: cannot pull with rebase: You have unstaged changes.
[2026-09-08 17:22:12] git pull (GitHub): error: Please commit or stash them.
[2026-09-08 17:22:12] WARNING: GitHub pull may have conflicts (exit code: 128)
[2026-09-08 17:22:12] Pushing to GitHub...
[2026-09-08 17:22:17] git push (GitHub): To https://github.com/lishiwen-ai/read-and-book-web.git
[2026-09-08 17:22:17] git push (GitHub):    816997a..6315019  main -> main
[2026-09-08 17:22:17] SUCCESS: Pushed to GitHub!
[2026-09-08 17:22:17] --- Pushing to Gitee ---
[2026-09-08 17:22:23] Pulling latest from Gitee...
[2026-09-08 17:22:23] git pull (Gitee): error: cannot pull with rebase: You have unstaged changes.
[2026-09-08 17:22:23] git pull (Gitee): error: Please commit or stash them.
[2026-09-08 17:22:23] WARNING: Gitee pull may have conflicts (exit code: 128)
[2026-09-08 17:22:23] Pushing to Gitee...
[2026-09-08 18:15:12] git push (Gitee): fatal: unable to access 'https://gitee.com/lsw0427/read-and-book-web.git/': Could not resolve host: gitee.com
[2026-09-08 18:15:12] FAILED: Gitee push failed (exit code: 128)
[2026-09-08 18:15:12] ===== Sync Complete =====
[2026-09-08 18:16:40] ===== Start Auto Push Check (Dual Platform) =====
[2026-09-08 18:16:40] Project path: C:\Users\LSWli\Documents\Codex\2026-08-29\qin
[2026-09-08 18:16:40] File changes detected, starting sync...
[2026-09-08 18:16:40] Changed files:
[2026-09-08 18:16:40]    M git-auto-push.log
[2026-09-08 18:16:40] All changes added to staging area
[2026-09-08 18:16:41] git commit: [main 9b7d271] Auto sync - 2026-09-08 18:16:40
[2026-09-08 18:16:41] git commit:  1 file changed, 26 insertions(+)
[2026-09-08 18:16:41] --- Pushing to GitHub ---
[2026-09-08 18:16:41] Pulling latest from GitHub...
[2026-09-08 18:16:41] git pull (GitHub): error: cannot pull with rebase: You have unstaged changes.
[2026-09-08 18:16:41] git pull (GitHub): error: Please commit or stash them.
[2026-09-08 18:16:41] WARNING: GitHub pull may have conflicts (exit code: 128)
[2026-09-08 18:16:41] Pushing to GitHub...
[2026-09-08 18:16:45] git push (GitHub): To https://github.com/lishiwen-ai/read-and-book-web.git
[2026-09-08 18:16:45] git push (GitHub):    6315019..9b7d271  main -> main
[2026-09-08 18:16:45] SUCCESS: Pushed to GitHub!
[2026-09-08 18:16:45] --- Pushing to Gitee ---
[2026-09-08 18:16:45] Pulling latest from Gitee...
[2026-09-08 18:16:45] git pull (Gitee): error: cannot pull with rebase: You have unstaged changes.
[2026-09-08 18:16:45] git pull (Gitee): error: Please commit or stash them.
[2026-09-08 18:16:45] WARNING: Gitee pull may have conflicts (exit code: 128)
[2026-09-08 18:16:45] Pushing to Gitee...
[2026-09-08 18:16:48] git push (Gitee): remote: Powered by [01;33mGITEE.COM [0m[1.1.23]        
[2026-09-08 18:16:48] git push (Gitee): remote: Set trace flag 974b85b6        
[2026-09-08 18:16:48] git push (Gitee): To https://gitee.com/lsw0427/read-and-book-web.git
[2026-09-08 18:16:48] git push (Gitee):    816997a..9b7d271  main -> main
[2026-09-08 18:16:48] SUCCESS: Pushed to Gitee!
[2026-09-08 18:16:48] ===== Sync Complete =====
[2026-09-08 18:21:44] ===== Start Auto Push Check (Dual Platform) =====
[2026-09-08 18:21:44] Project path: C:\Users\LSWli\Documents\Codex\2026-08-29\qin
[2026-09-08 18:21:44] File changes detected, starting sync...
[2026-09-08 18:21:44] Changed files:
[2026-09-08 18:21:44]    M git-auto-push.log
[2026-09-08 18:21:44] All changes added to staging area
[2026-09-08 18:21:45] git commit: [main 4927e1b] Auto sync - 2026-09-08 18:21:44
[2026-09-08 18:21:45] git commit:  1 file changed, 29 insertions(+)
[2026-09-08 18:21:45] --- Pushing to GitHub ---
[2026-09-08 18:21:45] Pulling latest from GitHub...
[2026-09-08 18:21:45] git pull (GitHub): error: cannot pull with rebase: You have unstaged changes.
[2026-09-08 18:21:45] git pull (GitHub): error: Please commit or stash them.
[2026-09-08 18:21:45] WARNING: GitHub pull may have conflicts (exit code: 128)
[2026-09-08 18:21:45] Pushing to GitHub...
[2026-09-08 18:21:49] git push (GitHub): To https://github.com/lishiwen-ai/read-and-book-web.git
[2026-09-08 18:21:49] git push (GitHub):    9b7d271..4927e1b  main -> main
[2026-09-08 18:21:49] SUCCESS: Pushed to GitHub!
[2026-09-08 18:21:49] --- Pushing to Gitee ---
[2026-09-08 18:21:49] Pulling latest from Gitee...
[2026-09-08 18:21:49] git pull (Gitee): error: cannot pull with rebase: You have unstaged changes.
[2026-09-08 18:21:49] git pull (Gitee): error: Please commit or stash them.
[2026-09-08 18:21:49] WARNING: Gitee pull may have conflicts (exit code: 128)
[2026-09-08 18:21:49] Pushing to Gitee...
[2026-09-08 18:21:52] git push (Gitee): remote: Powered by [01;33mGITEE.COM [0m[1.1.23]        
[2026-09-08 18:21:52] git push (Gitee): remote: Set trace flag 634fe3a7        
[2026-09-08 18:21:52] git push (Gitee): To https://gitee.com/lsw0427/read-and-book-web.git
[2026-09-08 18:21:52] git push (Gitee):    9b7d271..4927e1b  main -> main
[2026-09-08 18:21:52] SUCCESS: Pushed to Gitee!
[2026-09-08 18:21:52] ===== Sync Complete =====
[2026-09-08 18:31:56] ===== Start Auto Push Check (Dual Platform) =====
[2026-09-08 18:31:56] Project path: C:\Users\LSWli\Documents\Codex\2026-08-29\qin
[2026-09-08 18:31:56] File changes detected, starting sync...
[2026-09-08 18:31:56] Changed files:
[2026-09-08 18:31:56]    M git-auto-push.log
[2026-09-08 18:31:56] All changes added to staging area
[2026-09-08 18:31:56] git commit: [main a7388ab] Auto sync - 2026-09-08 18:31:56
[2026-09-08 18:31:56] git commit:  1 file changed, 29 insertions(+)
[2026-09-08 18:31:56] --- Pushing to GitHub ---
[2026-09-08 18:31:57] Pulling latest from GitHub...
[2026-09-08 18:31:57] git pull (GitHub): error: cannot pull with rebase: You have unstaged changes.
[2026-09-08 18:31:57] git pull (GitHub): error: Please commit or stash them.
[2026-09-08 18:31:57] WARNING: GitHub pull may have conflicts (exit code: 128)
[2026-09-08 18:31:57] Pushing to GitHub...
[2026-09-08 18:32:01] git push (GitHub): To https://github.com/lishiwen-ai/read-and-book-web.git
[2026-09-08 18:32:01] git push (GitHub):    4927e1b..a7388ab  main -> main
[2026-09-08 18:32:01] SUCCESS: Pushed to GitHub!
[2026-09-08 18:32:01] --- Pushing to Gitee ---
[2026-09-08 18:32:01] Pulling latest from Gitee...
[2026-09-08 18:32:01] git pull (Gitee): error: cannot pull with rebase: You have unstaged changes.
[2026-09-08 18:32:01] git pull (Gitee): error: Please commit or stash them.
[2026-09-08 18:32:01] WARNING: Gitee pull may have conflicts (exit code: 128)
[2026-09-08 18:32:01] Pushing to Gitee...
[2026-09-08 18:32:04] git push (Gitee): remote: Powered by [01;33mGITEE.COM [0m[1.1.23]        
[2026-09-08 18:32:04] git push (Gitee): remote: Set trace flag f0429ab5        
[2026-09-08 18:32:04] git push (Gitee): To https://gitee.com/lsw0427/read-and-book-web.git
[2026-09-08 18:32:04] git push (Gitee):    4927e1b..a7388ab  main -> main
[2026-09-08 18:32:04] SUCCESS: Pushed to Gitee!
[2026-09-08 18:32:04] ===== Sync Complete =====
[2026-09-08 18:42:13] ===== Start Auto Push Check (Dual Platform) =====
[2026-09-08 18:42:13] Project path: C:\Users\LSWli\Documents\Codex\2026-08-29\qin
[2026-09-08 18:42:13] File changes detected, starting sync...
[2026-09-08 18:42:13] Changed files:
[2026-09-08 18:42:13]    M git-auto-push.log
[2026-09-08 18:42:13] All changes added to staging area
[2026-09-08 18:42:14] git commit: [main 9a59dcc] Auto sync - 2026-09-08 18:42:13
[2026-09-08 18:42:14] git commit:  1 file changed, 29 insertions(+)
[2026-09-08 18:42:14] --- Pushing to GitHub ---
[2026-09-08 18:42:14] Pulling latest from GitHub...
[2026-09-08 18:42:14] git pull (GitHub): error: cannot pull with rebase: You have unstaged changes.
[2026-09-08 18:42:14] git pull (GitHub): error: Please commit or stash them.
[2026-09-08 18:42:14] WARNING: GitHub pull may have conflicts (exit code: 128)
[2026-09-08 18:42:14] Pushing to GitHub...
[2026-09-08 18:42:18] git push (GitHub): To https://github.com/lishiwen-ai/read-and-book-web.git
[2026-09-08 18:42:18] git push (GitHub):    a7388ab..9a59dcc  main -> main
[2026-09-08 18:42:18] SUCCESS: Pushed to GitHub!
[2026-09-08 18:42:18] --- Pushing to Gitee ---
[2026-09-08 18:42:18] Pulling latest from Gitee...
[2026-09-08 18:42:18] git pull (Gitee): error: cannot pull with rebase: You have unstaged changes.
[2026-09-08 18:42:18] git pull (Gitee): error: Please commit or stash them.
[2026-09-08 18:42:18] WARNING: Gitee pull may have conflicts (exit code: 128)
[2026-09-08 18:42:18] Pushing to Gitee...
[2026-09-08 18:42:21] git push (Gitee): remote: Powered by [01;33mGITEE.COM [0m[1.1.23]        
[2026-09-08 18:42:21] git push (Gitee): remote: Set trace flag f348caa2        
[2026-09-08 18:42:21] git push (Gitee): To https://gitee.com/lsw0427/read-and-book-web.git
[2026-09-08 18:42:21] git push (Gitee):    a7388ab..9a59dcc  main -> main
[2026-09-08 18:42:21] SUCCESS: Pushed to Gitee!
[2026-09-08 18:42:21] ===== Sync Complete =====
[2026-09-08 18:51:47] ===== Start Auto Push Check (Dual Platform) =====
[2026-09-08 18:51:47] Project path: C:\Users\LSWli\Documents\Codex\2026-08-29\qin
[2026-09-08 18:51:47] File changes detected, starting sync...
[2026-09-08 18:51:47] Changed files:
[2026-09-08 18:51:47]    M git-auto-push.log
[2026-09-08 18:51:47] All changes added to staging area
[2026-09-08 18:51:47] git commit: [main 65d1217] Auto sync - 2026-09-08 18:51:47
[2026-09-08 18:51:47] git commit:  1 file changed, 29 insertions(+)
[2026-09-08 18:51:47] --- Pushing to GitHub ---
[2026-09-08 18:51:47] Pulling latest from GitHub...
[2026-09-08 18:51:47] git pull (GitHub): error: cannot pull with rebase: You have unstaged changes.
[2026-09-08 18:51:47] git pull (GitHub): error: Please commit or stash them.
[2026-09-08 18:51:47] WARNING: GitHub pull may have conflicts (exit code: 128)
[2026-09-08 18:51:47] Pushing to GitHub...
[2026-09-08 18:51:52] git push (GitHub): To https://github.com/lishiwen-ai/read-and-book-web.git
[2026-09-08 18:51:52] git push (GitHub):    9a59dcc..65d1217  main -> main
[2026-09-08 18:51:52] SUCCESS: Pushed to GitHub!
[2026-09-08 18:51:52] --- Pushing to Gitee ---
[2026-09-08 18:51:52] Pulling latest from Gitee...
[2026-09-08 18:51:52] git pull (Gitee): error: cannot pull with rebase: You have unstaged changes.
[2026-09-08 18:51:52] git pull (Gitee): error: Please commit or stash them.
[2026-09-08 18:51:52] WARNING: Gitee pull may have conflicts (exit code: 128)
[2026-09-08 18:51:52] Pushing to Gitee...
[2026-09-08 18:51:54] git push (Gitee): remote: Powered by [01;33mGITEE.COM [0m[1.1.23]        
[2026-09-08 18:51:54] git push (Gitee): remote: Set trace flag 304e75ba        
[2026-09-08 18:51:54] git push (Gitee): To https://gitee.com/lsw0427/read-and-book-web.git
[2026-09-08 18:51:54] git push (Gitee):    9a59dcc..65d1217  main -> main
[2026-09-08 18:51:54] SUCCESS: Pushed to Gitee!
[2026-09-08 18:51:54] ===== Sync Complete =====
[2026-09-08 19:02:02] ===== Start Auto Push Check (Dual Platform) =====
[2026-09-08 19:02:02] Project path: C:\Users\LSWli\Documents\Codex\2026-08-29\qin
[2026-09-08 19:02:02] File changes detected, starting sync...
[2026-09-08 19:02:02] Changed files:
[2026-09-08 19:02:02]    M git-auto-push.log
[2026-09-08 19:02:02] All changes added to staging area
[2026-09-08 19:02:02] git commit: [main 1dce79f] Auto sync - 2026-09-08 19:02:02
[2026-09-08 19:02:02] git commit:  1 file changed, 29 insertions(+)
[2026-09-08 19:02:02] --- Pushing to GitHub ---
[2026-09-08 19:02:02] Pulling latest from GitHub...
[2026-09-08 19:02:02] git pull (GitHub): error: cannot pull with rebase: You have unstaged changes.
[2026-09-08 19:02:02] git pull (GitHub): error: Please commit or stash them.
[2026-09-08 19:02:02] WARNING: GitHub pull may have conflicts (exit code: 128)
[2026-09-08 19:02:02] Pushing to GitHub...
[2026-09-08 19:02:08] git push (GitHub): To https://github.com/lishiwen-ai/read-and-book-web.git
[2026-09-08 19:02:08] git push (GitHub):    65d1217..1dce79f  main -> main
[2026-09-08 19:02:08] SUCCESS: Pushed to GitHub!
[2026-09-08 19:02:08] --- Pushing to Gitee ---
[2026-09-08 19:02:08] Pulling latest from Gitee...
[2026-09-08 19:02:08] git pull (Gitee): error: cannot pull with rebase: You have unstaged changes.
[2026-09-08 19:02:08] git pull (Gitee): error: Please commit or stash them.
[2026-09-08 19:02:08] WARNING: Gitee pull may have conflicts (exit code: 128)
[2026-09-08 19:02:08] Pushing to Gitee...
[2026-09-08 19:02:11] git push (Gitee): remote: Powered by [01;33mGITEE.COM [0m[1.1.23]        
[2026-09-08 19:02:11] git push (Gitee): remote: Set trace flag 19464195        
[2026-09-08 19:02:11] git push (Gitee): To https://gitee.com/lsw0427/read-and-book-web.git
[2026-09-08 19:02:11] git push (Gitee):    65d1217..1dce79f  main -> main
[2026-09-08 19:02:11] SUCCESS: Pushed to Gitee!
[2026-09-08 19:02:11] ===== Sync Complete =====
[2026-09-08 19:11:51] ===== Start Auto Push Check (Dual Platform) =====
[2026-09-08 19:11:51] Project path: C:\Users\LSWli\Documents\Codex\2026-08-29\qin
[2026-09-08 19:11:51] File changes detected, starting sync...
[2026-09-08 19:11:51] Changed files:
[2026-09-08 19:11:51]    M git-auto-push.log
[2026-09-08 19:11:51] All changes added to staging area
[2026-09-08 19:11:51] git commit: [main b77eded] Auto sync - 2026-09-08 19:11:51
[2026-09-08 19:11:51] git commit:  1 file changed, 29 insertions(+)
[2026-09-08 19:11:51] --- Pushing to GitHub ---
[2026-09-08 19:11:52] Pulling latest from GitHub...
[2026-09-08 19:11:52] git pull (GitHub): error: cannot pull with rebase: You have unstaged changes.
[2026-09-08 19:11:52] git pull (GitHub): error: Please commit or stash them.
[2026-09-08 19:11:52] WARNING: GitHub pull may have conflicts (exit code: 128)
[2026-09-08 19:11:52] Pushing to GitHub...
[2026-09-08 19:11:56] git push (GitHub): To https://github.com/lishiwen-ai/read-and-book-web.git
[2026-09-08 19:11:56] git push (GitHub):    1dce79f..b77eded  main -> main
[2026-09-08 19:11:56] SUCCESS: Pushed to GitHub!
[2026-09-08 19:11:56] --- Pushing to Gitee ---
[2026-09-08 19:11:56] Pulling latest from Gitee...
[2026-09-08 19:11:56] git pull (Gitee): error: cannot pull with rebase: You have unstaged changes.
[2026-09-08 19:11:56] git pull (Gitee): error: Please commit or stash them.
[2026-09-08 19:11:56] WARNING: Gitee pull may have conflicts (exit code: 128)
[2026-09-08 19:11:56] Pushing to Gitee...
[2026-09-08 19:11:59] git push (Gitee): remote: Powered by [01;33mGITEE.COM [0m[1.1.23]        
[2026-09-08 19:11:59] git push (Gitee): remote: Set trace flag cf48798a        
[2026-09-08 19:11:59] git push (Gitee): To https://gitee.com/lsw0427/read-and-book-web.git
[2026-09-08 19:11:59] git push (Gitee):    1dce79f..b77eded  main -> main
[2026-09-08 19:11:59] SUCCESS: Pushed to Gitee!
[2026-09-08 19:11:59] ===== Sync Complete =====
[2026-09-08 19:54:43] ===== Start Auto Push Check (Dual Platform) =====
[2026-09-08 19:54:43] Project path: C:\Users\LSWli\Documents\Codex\2026-08-29\qin
[2026-09-08 19:54:43] File changes detected, starting sync...
[2026-09-08 19:54:43] Changed files:
[2026-09-08 19:54:43]    M git-auto-push.log
[2026-09-08 19:54:43] All changes added to staging area
[2026-09-08 19:54:43] git commit: [main 47020c2] Auto sync - 2026-09-08 19:54:43
[2026-09-08 19:54:43] git commit:  1 file changed, 29 insertions(+)
[2026-09-08 19:54:43] --- Pushing to GitHub ---
[2026-09-08 19:54:43] Pulling latest from GitHub...
[2026-09-08 19:54:43] git pull (GitHub): error: cannot pull with rebase: You have unstaged changes.
[2026-09-08 19:54:43] git pull (GitHub): error: Please commit or stash them.
[2026-09-08 19:54:43] WARNING: GitHub pull may have conflicts (exit code: 128)
[2026-09-08 19:54:43] Pushing to GitHub...
[2026-09-08 19:54:49] git push (GitHub): To https://github.com/lishiwen-ai/read-and-book-web.git
[2026-09-08 19:54:49] git push (GitHub):    b77eded..47020c2  main -> main
[2026-09-08 19:54:49] SUCCESS: Pushed to GitHub!
[2026-09-08 19:54:49] --- Pushing to Gitee ---
[2026-09-08 19:54:49] Pulling latest from Gitee...
[2026-09-08 19:54:49] git pull (Gitee): error: cannot pull with rebase: You have unstaged changes.
[2026-09-08 19:54:49] git pull (Gitee): error: Please commit or stash them.
[2026-09-08 19:54:49] WARNING: Gitee pull may have conflicts (exit code: 128)
[2026-09-08 19:54:49] Pushing to Gitee...
[2026-09-08 19:54:52] git push (Gitee): remote: Powered by [01;33mGITEE.COM [0m[1.1.23]        
[2026-09-08 19:54:52] git push (Gitee): remote: Set trace flag 744197bb        
[2026-09-08 19:54:52] git push (Gitee): To https://gitee.com/lsw0427/read-and-book-web.git
[2026-09-08 19:54:52] git push (Gitee):    b77eded..47020c2  main -> main
[2026-09-08 19:54:52] SUCCESS: Pushed to Gitee!
[2026-09-08 19:54:52] ===== Sync Complete =====
[2026-09-08 20:02:23] ===== Start Auto Push Check (Dual Platform) =====
[2026-09-08 20:02:23] Project path: C:\Users\LSWli\Documents\Codex\2026-08-29\qin
[2026-09-08 20:02:24] File changes detected, starting sync...
[2026-09-08 20:02:24] Changed files:
[2026-09-08 20:02:24]    M git-auto-push.log
[2026-09-08 20:02:24] All changes added to staging area
[2026-09-08 20:02:24] git commit: [main 559e261] Auto sync - 2026-09-08 20:02:24
[2026-09-08 20:02:24] git commit:  1 file changed, 29 insertions(+)
[2026-09-08 20:02:24] --- Pushing to GitHub ---
[2026-09-08 20:02:24] Pulling latest from GitHub...
[2026-09-08 20:02:24] git pull (GitHub): error: cannot pull with rebase: You have unstaged changes.
[2026-09-08 20:02:24] git pull (GitHub): error: Please commit or stash them.
[2026-09-08 20:02:24] WARNING: GitHub pull may have conflicts (exit code: 128)
[2026-09-08 20:02:24] Pushing to GitHub...
[2026-09-08 20:02:51] git push (GitHub): fatal: unable to access 'https://github.com/lishiwen-ai/read-and-book-web.git/': Recv failure: Connection was reset
[2026-09-08 20:02:51] FAILED: GitHub push failed (exit code: 128)
[2026-09-08 20:02:51] --- Pushing to Gitee ---
[2026-09-08 20:02:51] Pulling latest from Gitee...
[2026-09-08 20:02:52] git pull (Gitee): error: cannot pull with rebase: You have unstaged changes.
[2026-09-08 20:02:52] git pull (Gitee): error: Please commit or stash them.
[2026-09-08 20:02:52] WARNING: Gitee pull may have conflicts (exit code: 128)
[2026-09-08 20:02:52] Pushing to Gitee...
[2026-09-08 20:02:54] git push (Gitee): remote: Powered by [01;33mGITEE.COM [0m[1.1.23]        
[2026-09-08 20:02:54] git push (Gitee): remote: Set trace flag b1448885        
[2026-09-08 20:02:54] git push (Gitee): To https://gitee.com/lsw0427/read-and-book-web.git
[2026-09-08 20:02:54] git push (Gitee):    47020c2..559e261  main -> main
[2026-09-08 20:02:54] SUCCESS: Pushed to Gitee!
[2026-09-08 20:02:54] ===== Sync Complete =====
[2026-09-08 20:11:55] ===== Start Auto Push Check (Dual Platform) =====
[2026-09-08 20:11:55] Project path: C:\Users\LSWli\Documents\Codex\2026-08-29\qin
[2026-09-08 20:11:56] File changes detected, starting sync...
[2026-09-08 20:11:56] Changed files:
[2026-09-08 20:11:56]    M git-auto-push.log
[2026-09-08 20:11:56] All changes added to staging area
[2026-09-08 20:11:56] git commit: [main a99fd04] Auto sync - 2026-09-08 20:11:56
[2026-09-08 20:11:56] git commit:  1 file changed, 28 insertions(+)
[2026-09-08 20:11:56] --- Pushing to GitHub ---
[2026-09-08 20:11:56] Pulling latest from GitHub...
[2026-09-08 20:11:56] git pull (GitHub): error: cannot pull with rebase: You have unstaged changes.
[2026-09-08 20:11:56] git pull (GitHub): error: Please commit or stash them.
[2026-09-08 20:11:56] WARNING: GitHub pull may have conflicts (exit code: 128)
[2026-09-08 20:11:56] Pushing to GitHub...
[2026-09-08 20:12:16] git push (GitHub): fatal: unable to access 'https://github.com/lishiwen-ai/read-and-book-web.git/': Recv failure: Connection was reset
[2026-09-08 20:12:16] FAILED: GitHub push failed (exit code: 128)
[2026-09-08 20:12:16] --- Pushing to Gitee ---
[2026-09-08 20:12:16] Pulling latest from Gitee...
[2026-09-08 20:12:17] git pull (Gitee): error: cannot pull with rebase: You have unstaged changes.
[2026-09-08 20:12:17] git pull (Gitee): error: Please commit or stash them.
[2026-09-08 20:12:17] WARNING: Gitee pull may have conflicts (exit code: 128)
[2026-09-08 20:12:17] Pushing to Gitee...
[2026-09-08 20:12:20] git push (Gitee): remote: Powered by [01;33mGITEE.COM [0m[1.1.23]        
[2026-09-08 20:12:20] git push (Gitee): remote: Set trace flag 1744f7a5        
[2026-09-08 20:12:20] git push (Gitee): To https://gitee.com/lsw0427/read-and-book-web.git
[2026-09-08 20:12:20] git push (Gitee):    559e261..a99fd04  main -> main
[2026-09-08 20:12:20] SUCCESS: Pushed to Gitee!
[2026-09-08 20:12:20] ===== Sync Complete =====
[2026-09-08 20:21:40] ===== Start Auto Push Check (Dual Platform) =====
[2026-09-08 20:21:40] Project path: C:\Users\LSWli\Documents\Codex\2026-08-29\qin
[2026-09-08 20:21:40] File changes detected, starting sync...
[2026-09-08 20:21:40] Changed files:
[2026-09-08 20:21:40]    M git-auto-push.log
[2026-09-08 20:21:40] All changes added to staging area
[2026-09-08 20:21:41] git commit: [main 707b483] Auto sync - 2026-09-08 20:21:41
[2026-09-08 20:21:41] git commit:  1 file changed, 28 insertions(+)
[2026-09-08 20:21:41] --- Pushing to GitHub ---
[2026-09-08 20:21:41] Pulling latest from GitHub...
[2026-09-08 20:21:41] git pull (GitHub): error: cannot pull with rebase: You have unstaged changes.
[2026-09-08 20:21:41] git pull (GitHub): error: Please commit or stash them.
[2026-09-08 20:21:41] WARNING: GitHub pull may have conflicts (exit code: 128)
[2026-09-08 20:21:41] Pushing to GitHub...
[2026-09-08 20:22:04] git push (GitHub): fatal: unable to access 'https://github.com/lishiwen-ai/read-and-book-web.git/': Recv failure: Connection was reset
[2026-09-08 20:22:04] FAILED: GitHub push failed (exit code: 128)
[2026-09-08 20:22:04] --- Pushing to Gitee ---
[2026-09-08 20:22:04] Pulling latest from Gitee...
[2026-09-08 20:22:04] git pull (Gitee): error: cannot pull with rebase: You have unstaged changes.
[2026-09-08 20:22:04] git pull (Gitee): error: Please commit or stash them.
[2026-09-08 20:22:04] WARNING: Gitee pull may have conflicts (exit code: 128)
[2026-09-08 20:22:04] Pushing to Gitee...
[2026-09-08 20:22:06] git push (Gitee): remote: Powered by [01;33mGITEE.COM [0m[1.1.23]        
[2026-09-08 20:22:06] git push (Gitee): remote: Set trace flag 35447eb4        
[2026-09-08 20:22:06] git push (Gitee): To https://gitee.com/lsw0427/read-and-book-web.git
[2026-09-08 20:22:06] git push (Gitee):    a99fd04..707b483  main -> main
[2026-09-08 20:22:06] SUCCESS: Pushed to Gitee!
[2026-09-08 20:22:06] ===== Sync Complete =====
[2026-09-08 20:31:41] ===== Start Auto Push Check (Dual Platform) =====
[2026-09-08 20:31:41] Project path: C:\Users\LSWli\Documents\Codex\2026-08-29\qin
[2026-09-08 20:31:41] File changes detected, starting sync...
[2026-09-08 20:31:41] Changed files:
[2026-09-08 20:31:41]    M git-auto-push.log
[2026-09-08 20:31:41] All changes added to staging area
[2026-09-08 20:31:42] git commit: [main 2cd11a1] Auto sync - 2026-09-08 20:31:41
[2026-09-08 20:31:42] git commit:  1 file changed, 28 insertions(+)
[2026-09-08 20:31:42] --- Pushing to GitHub ---
[2026-09-08 20:31:42] Pulling latest from GitHub...
[2026-09-08 20:31:42] git pull (GitHub): error: cannot pull with rebase: You have unstaged changes.
[2026-09-08 20:31:42] git pull (GitHub): error: Please commit or stash them.
[2026-09-08 20:31:42] WARNING: GitHub pull may have conflicts (exit code: 128)
[2026-09-08 20:31:42] Pushing to GitHub...
[2026-09-08 20:31:46] git push (GitHub): To https://github.com/lishiwen-ai/read-and-book-web.git
[2026-09-08 20:31:46] git push (GitHub):    47020c2..2cd11a1  main -> main
[2026-09-08 20:31:46] SUCCESS: Pushed to GitHub!
[2026-09-08 20:31:46] --- Pushing to Gitee ---
[2026-09-08 20:31:46] Pulling latest from Gitee...
[2026-09-08 20:31:46] git pull (Gitee): error: cannot pull with rebase: You have unstaged changes.
[2026-09-08 20:31:46] git pull (Gitee): error: Please commit or stash them.
[2026-09-08 20:31:46] WARNING: Gitee pull may have conflicts (exit code: 128)
[2026-09-08 20:31:46] Pushing to Gitee...
[2026-09-08 20:31:49] git push (Gitee): remote: Powered by [01;33mGITEE.COM [0m[1.1.23]        
[2026-09-08 20:31:49] git push (Gitee): remote: Set trace flag 6445d68d        
[2026-09-08 20:31:49] git push (Gitee): To https://gitee.com/lsw0427/read-and-book-web.git
[2026-09-08 20:31:49] git push (Gitee):    707b483..2cd11a1  main -> main
[2026-09-08 20:31:49] SUCCESS: Pushed to Gitee!
[2026-09-08 20:31:49] ===== Sync Complete =====
[2026-09-08 20:41:58] ===== Start Auto Push Check (Dual Platform) =====
[2026-09-08 20:41:58] Project path: C:\Users\LSWli\Documents\Codex\2026-08-29\qin
[2026-09-08 20:41:58] File changes detected, starting sync...
[2026-09-08 20:41:58] Changed files:
[2026-09-08 20:41:58]    M git-auto-push.log
[2026-09-08 20:41:59] All changes added to staging area
[2026-09-08 20:41:59] git commit: [main 543ea59] Auto sync - 2026-09-08 20:41:59
[2026-09-08 20:41:59] git commit:  1 file changed, 29 insertions(+)
[2026-09-08 20:41:59] --- Pushing to GitHub ---
[2026-09-08 20:41:59] Pulling latest from GitHub...
[2026-09-08 20:41:59] git pull (GitHub): error: cannot pull with rebase: You have unstaged changes.
[2026-09-08 20:41:59] git pull (GitHub): error: Please commit or stash them.
[2026-09-08 20:41:59] WARNING: GitHub pull may have conflicts (exit code: 128)
[2026-09-08 20:41:59] Pushing to GitHub...
[2026-09-08 20:42:04] git push (GitHub): To https://github.com/lishiwen-ai/read-and-book-web.git
[2026-09-08 20:42:04] git push (GitHub):    2cd11a1..543ea59  main -> main
[2026-09-08 20:42:04] SUCCESS: Pushed to GitHub!
[2026-09-08 20:42:04] --- Pushing to Gitee ---
[2026-09-08 20:42:04] Pulling latest from Gitee...
[2026-09-08 20:42:04] git pull (Gitee): error: cannot pull with rebase: You have unstaged changes.
[2026-09-08 20:42:04] git pull (Gitee): error: Please commit or stash them.
[2026-09-08 20:42:04] WARNING: Gitee pull may have conflicts (exit code: 128)
[2026-09-08 20:42:04] Pushing to Gitee...
[2026-09-08 20:42:07] git push (Gitee): remote: Powered by [01;33mGITEE.COM [0m[1.1.23]        
[2026-09-08 20:42:07] git push (Gitee): remote: Set trace flag 9540b2b4        
[2026-09-08 20:42:07] git push (Gitee): To https://gitee.com/lsw0427/read-and-book-web.git
[2026-09-08 20:42:07] git push (Gitee):    2cd11a1..543ea59  main -> main
[2026-09-08 20:42:07] SUCCESS: Pushed to Gitee!
[2026-09-08 20:42:07] ===== Sync Complete =====
[2026-09-08 20:51:57] ===== Start Auto Push Check (Dual Platform) =====
[2026-09-08 20:51:57] Project path: C:\Users\LSWli\Documents\Codex\2026-08-29\qin
[2026-09-08 20:51:57] File changes detected, starting sync...
[2026-09-08 20:51:57] Changed files:
[2026-09-08 20:51:57]    M git-auto-push.log
[2026-09-08 20:51:57] All changes added to staging area
[2026-09-08 20:51:57] git commit: [main 4ecdca7] Auto sync - 2026-09-08 20:51:57
[2026-09-08 20:51:57] git commit:  1 file changed, 29 insertions(+)
[2026-09-08 20:51:57] --- Pushing to GitHub ---
[2026-09-08 20:51:57] Pulling latest from GitHub...
[2026-09-08 20:51:57] git pull (GitHub): error: cannot pull with rebase: You have unstaged changes.
[2026-09-08 20:51:57] git pull (GitHub): error: Please commit or stash them.
[2026-09-08 20:51:57] WARNING: GitHub pull may have conflicts (exit code: 128)
[2026-09-08 20:51:57] Pushing to GitHub...
[2026-09-08 20:52:24] git push (GitHub): fatal: unable to access 'https://github.com/lishiwen-ai/read-and-book-web.git/': Recv failure: Connection was reset
[2026-09-08 20:52:24] FAILED: GitHub push failed (exit code: 128)
[2026-09-08 20:52:24] --- Pushing to Gitee ---
[2026-09-08 20:52:24] Pulling latest from Gitee...
[2026-09-08 20:52:24] git pull (Gitee): error: cannot pull with rebase: You have unstaged changes.
[2026-09-08 20:52:24] git pull (Gitee): error: Please commit or stash them.
[2026-09-08 20:52:24] WARNING: Gitee pull may have conflicts (exit code: 128)
[2026-09-08 20:52:24] Pushing to Gitee...
[2026-09-08 20:52:26] git push (Gitee): remote: Powered by [01;33mGITEE.COM [0m[1.1.23]        
[2026-09-08 20:52:26] git push (Gitee): remote: Set trace flag 2d4d8690        
[2026-09-08 20:52:26] git push (Gitee): To https://gitee.com/lsw0427/read-and-book-web.git
[2026-09-08 20:52:26] git push (Gitee):    543ea59..4ecdca7  main -> main
[2026-09-08 20:52:26] SUCCESS: Pushed to Gitee!
[2026-09-08 20:52:26] ===== Sync Complete =====
[2026-09-08 21:02:11] ===== Start Auto Push Check (Dual Platform) =====
[2026-09-08 21:02:11] Project path: C:\Users\LSWli\Documents\Codex\2026-08-29\qin
[2026-09-08 21:02:11] File changes detected, starting sync...
[2026-09-08 21:02:11] Changed files:
[2026-09-08 21:02:11]    M git-auto-push.log
[2026-09-08 21:02:11] All changes added to staging area
[2026-09-08 21:02:12] git commit: [main 03272b1] Auto sync - 2026-09-08 21:02:11
[2026-09-08 21:02:12] git commit:  1 file changed, 28 insertions(+)
[2026-09-08 21:02:12] --- Pushing to GitHub ---
[2026-09-08 21:02:12] Pulling latest from GitHub...
[2026-09-08 21:02:12] git pull (GitHub): error: cannot pull with rebase: You have unstaged changes.
[2026-09-08 21:02:12] git pull (GitHub): error: Please commit or stash them.
[2026-09-08 21:02:12] WARNING: GitHub pull may have conflicts (exit code: 128)
[2026-09-08 21:02:12] Pushing to GitHub...
[2026-09-08 21:02:16] git push (GitHub): To https://github.com/lishiwen-ai/read-and-book-web.git
[2026-09-08 21:02:16] git push (GitHub):    543ea59..03272b1  main -> main
[2026-09-08 21:02:16] SUCCESS: Pushed to GitHub!
[2026-09-08 21:02:16] --- Pushing to Gitee ---
[2026-09-08 21:02:16] Pulling latest from Gitee...
[2026-09-08 21:02:16] git pull (Gitee): error: cannot pull with rebase: You have unstaged changes.
[2026-09-08 21:02:16] git pull (Gitee): error: Please commit or stash them.
[2026-09-08 21:02:16] WARNING: Gitee pull may have conflicts (exit code: 128)
[2026-09-08 21:02:16] Pushing to Gitee...
[2026-09-08 21:02:19] git push (Gitee): remote: Powered by [01;33mGITEE.COM [0m[1.1.23]        
[2026-09-08 21:02:19] git push (Gitee): remote: Set trace flag e44d77a7        
[2026-09-08 21:02:19] git push (Gitee): To https://gitee.com/lsw0427/read-and-book-web.git
[2026-09-08 21:02:19] git push (Gitee):    4ecdca7..03272b1  main -> main
[2026-09-08 21:02:19] SUCCESS: Pushed to Gitee!
[2026-09-08 21:02:19] ===== Sync Complete =====
[2026-09-08 21:11:52] ===== Start Auto Push Check (Dual Platform) =====
[2026-09-08 21:11:52] Project path: C:\Users\LSWli\Documents\Codex\2026-08-29\qin
[2026-09-08 21:11:52] File changes detected, starting sync...
[2026-09-08 21:11:52] Changed files:
[2026-09-08 21:11:52]    M git-auto-push.log
[2026-09-08 21:11:53] All changes added to staging area
[2026-09-08 21:11:53] git commit: [main 624ccd0] Auto sync - 2026-09-08 21:11:53
[2026-09-08 21:11:53] git commit:  1 file changed, 29 insertions(+)
[2026-09-08 21:11:53] --- Pushing to GitHub ---
[2026-09-08 21:11:53] Pulling latest from GitHub...
[2026-09-08 21:11:53] git pull (GitHub): error: cannot pull with rebase: You have unstaged changes.
[2026-09-08 21:11:53] git pull (GitHub): error: Please commit or stash them.
[2026-09-08 21:11:53] WARNING: GitHub pull may have conflicts (exit code: 128)
[2026-09-08 21:11:53] Pushing to GitHub...
[2026-09-08 21:11:57] git push (GitHub): To https://github.com/lishiwen-ai/read-and-book-web.git
[2026-09-08 21:11:57] git push (GitHub):    03272b1..624ccd0  main -> main
[2026-09-08 21:11:57] SUCCESS: Pushed to GitHub!
[2026-09-08 21:11:57] --- Pushing to Gitee ---
[2026-09-08 21:11:57] Pulling latest from Gitee...
[2026-09-08 21:11:57] git pull (Gitee): error: cannot pull with rebase: You have unstaged changes.
[2026-09-08 21:11:57] git pull (Gitee): error: Please commit or stash them.
[2026-09-08 21:11:57] WARNING: Gitee pull may have conflicts (exit code: 128)
[2026-09-08 21:11:57] Pushing to Gitee...
[2026-09-08 21:12:00] git push (Gitee): remote: Powered by [01;33mGITEE.COM [0m[1.1.23]        
[2026-09-08 21:12:00] git push (Gitee): remote: Set trace flag 6f407f8e        
[2026-09-08 21:12:00] git push (Gitee): To https://gitee.com/lsw0427/read-and-book-web.git
[2026-09-08 21:12:00] git push (Gitee):    03272b1..624ccd0  main -> main
[2026-09-08 21:12:00] SUCCESS: Pushed to Gitee!
[2026-09-08 21:12:00] ===== Sync Complete =====
[2026-09-08 21:51:41] ===== Start Auto Push Check (Dual Platform) =====
[2026-09-08 21:51:41] Project path: C:\Users\LSWli\Documents\Codex\2026-08-29\qin
[2026-09-08 21:51:41] File changes detected, starting sync...
[2026-09-08 21:51:41] Changed files:
[2026-09-08 21:51:41]    M git-auto-push.log
[2026-09-08 21:51:41] All changes added to staging area
[2026-09-08 21:51:41] git commit: [main 8b0a452] Auto sync - 2026-09-08 21:51:41
[2026-09-08 21:51:41] git commit:  1 file changed, 29 insertions(+)
[2026-09-08 21:51:41] --- Pushing to GitHub ---
[2026-09-08 21:51:42] Pulling latest from GitHub...
[2026-09-08 21:51:42] git pull (GitHub): error: cannot pull with rebase: You have unstaged changes.
[2026-09-08 21:51:42] git pull (GitHub): error: Please commit or stash them.
[2026-09-08 21:51:42] WARNING: GitHub pull may have conflicts (exit code: 128)
[2026-09-08 21:51:42] Pushing to GitHub...
[2026-09-08 21:52:09] git push (GitHub): fatal: unable to access 'https://github.com/lishiwen-ai/read-and-book-web.git/': Recv failure: Connection was reset
[2026-09-08 21:52:09] FAILED: GitHub push failed (exit code: 128)
[2026-09-08 21:52:09] --- Pushing to Gitee ---
[2026-09-08 21:52:09] Pulling latest from Gitee...
[2026-09-08 21:52:09] git pull (Gitee): error: cannot pull with rebase: You have unstaged changes.
[2026-09-08 21:52:09] git pull (Gitee): error: Please commit or stash them.
[2026-09-08 21:52:09] WARNING: Gitee pull may have conflicts (exit code: 128)
[2026-09-08 21:52:09] Pushing to Gitee...
[2026-09-08 21:52:12] git push (Gitee): remote: Powered by [01;33mGITEE.COM [0m[1.1.23]        
[2026-09-08 21:52:12] git push (Gitee): remote: Set trace flag 8b41bfa2        
[2026-09-08 21:52:12] git push (Gitee): To https://gitee.com/lsw0427/read-and-book-web.git
[2026-09-08 21:52:12] git push (Gitee):    624ccd0..8b0a452  main -> main
[2026-09-08 21:52:12] SUCCESS: Pushed to Gitee!
[2026-09-08 21:52:12] ===== Sync Complete =====
[2026-09-08 22:02:08] ===== Start Auto Push Check (Dual Platform) =====
[2026-09-08 22:02:08] Project path: C:\Users\LSWli\Documents\Codex\2026-08-29\qin
[2026-09-08 22:02:08] File changes detected, starting sync...
[2026-09-08 22:02:08] Changed files:
[2026-09-08 22:02:08]    M git-auto-push.log
[2026-09-08 22:02:08] All changes added to staging area
[2026-09-08 22:02:09] git commit: [main 34fecf0] Auto sync - 2026-09-08 22:02:08
[2026-09-08 22:02:09] git commit:  1 file changed, 28 insertions(+)
[2026-09-08 22:02:09] --- Pushing to GitHub ---
[2026-09-08 22:02:09] Pulling latest from GitHub...
[2026-09-08 22:02:09] git pull (GitHub): error: cannot pull with rebase: You have unstaged changes.
[2026-09-08 22:02:09] git pull (GitHub): error: Please commit or stash them.
[2026-09-08 22:02:09] WARNING: GitHub pull may have conflicts (exit code: 128)
[2026-09-08 22:02:09] Pushing to GitHub...
[2026-09-08 22:02:13] git push (GitHub): To https://github.com/lishiwen-ai/read-and-book-web.git
[2026-09-08 22:02:13] git push (GitHub):    624ccd0..34fecf0  main -> main
[2026-09-08 22:02:13] SUCCESS: Pushed to GitHub!
[2026-09-08 22:02:13] --- Pushing to Gitee ---
[2026-09-08 22:02:13] Pulling latest from Gitee...
[2026-09-08 22:02:13] git pull (Gitee): error: cannot pull with rebase: You have unstaged changes.
[2026-09-08 22:02:13] git pull (Gitee): error: Please commit or stash them.
[2026-09-08 22:02:13] WARNING: Gitee pull may have conflicts (exit code: 128)
[2026-09-08 22:02:13] Pushing to Gitee...
[2026-09-08 22:02:16] git push (Gitee): remote: Powered by [01;33mGITEE.COM [0m[1.1.23]        
[2026-09-08 22:02:16] git push (Gitee): remote: Set trace flag 2e481799        
[2026-09-08 22:02:16] git push (Gitee): To https://gitee.com/lsw0427/read-and-book-web.git
[2026-09-08 22:02:16] git push (Gitee):    8b0a452..34fecf0  main -> main
[2026-09-08 22:02:16] SUCCESS: Pushed to Gitee!
[2026-09-08 22:02:16] ===== Sync Complete =====
[2026-09-08 22:11:53] ===== Start Auto Push Check (Dual Platform) =====
[2026-09-08 22:11:53] Project path: C:\Users\LSWli\Documents\Codex\2026-08-29\qin
[2026-09-08 22:11:54] File changes detected, starting sync...
[2026-09-08 22:11:54] Changed files:
[2026-09-08 22:11:54]    M git-auto-push.log
[2026-09-08 22:11:54] All changes added to staging area
[2026-09-08 22:11:54] git commit: [main 03f6d20] Auto sync - 2026-09-08 22:11:54
[2026-09-08 22:11:54] git commit:  1 file changed, 29 insertions(+)
[2026-09-08 22:11:54] --- Pushing to GitHub ---
[2026-09-08 22:11:54] Pulling latest from GitHub...
[2026-09-08 22:11:54] git pull (GitHub): error: cannot pull with rebase: You have unstaged changes.
[2026-09-08 22:11:54] git pull (GitHub): error: Please commit or stash them.
[2026-09-08 22:11:54] WARNING: GitHub pull may have conflicts (exit code: 128)
[2026-09-08 22:11:54] Pushing to GitHub...
[2026-09-08 22:12:00] git push (GitHub): To https://github.com/lishiwen-ai/read-and-book-web.git
[2026-09-08 22:12:00] git push (GitHub):    34fecf0..03f6d20  main -> main
[2026-09-08 22:12:00] SUCCESS: Pushed to GitHub!
[2026-09-08 22:12:00] --- Pushing to Gitee ---
[2026-09-08 22:12:00] Pulling latest from Gitee...
[2026-09-08 22:12:00] git pull (Gitee): error: cannot pull with rebase: You have unstaged changes.
[2026-09-08 22:12:00] git pull (Gitee): error: Please commit or stash them.
[2026-09-08 22:12:00] WARNING: Gitee pull may have conflicts (exit code: 128)
[2026-09-08 22:12:00] Pushing to Gitee...
[2026-09-08 22:12:03] git push (Gitee): remote: Powered by [01;33mGITEE.COM [0m[1.1.23]        
[2026-09-08 22:12:03] git push (Gitee): remote: Set trace flag 254c15b8        
[2026-09-08 22:12:03] git push (Gitee): To https://gitee.com/lsw0427/read-and-book-web.git
[2026-09-08 22:12:03] git push (Gitee):    34fecf0..03f6d20  main -> main
[2026-09-08 22:12:03] SUCCESS: Pushed to Gitee!
[2026-09-08 22:12:03] ===== Sync Complete =====
[2026-09-08 22:22:11] ===== Start Auto Push Check (Dual Platform) =====
[2026-09-08 22:22:11] Project path: C:\Users\LSWli\Documents\Codex\2026-08-29\qin
[2026-09-08 22:22:12] File changes detected, starting sync...
[2026-09-08 22:22:12] Changed files:
[2026-09-08 22:22:12]    M git-auto-push.log
[2026-09-08 22:22:12] All changes added to staging area
[2026-09-08 22:22:12] git commit: [main 908894f] Auto sync - 2026-09-08 22:22:12
[2026-09-08 22:22:12] git commit:  1 file changed, 29 insertions(+)
[2026-09-08 22:22:12] --- Pushing to GitHub ---
[2026-09-08 22:22:12] Pulling latest from GitHub...
[2026-09-08 22:22:12] git pull (GitHub): error: cannot pull with rebase: You have unstaged changes.
[2026-09-08 22:22:12] git pull (GitHub): error: Please commit or stash them.
[2026-09-08 22:22:12] WARNING: GitHub pull may have conflicts (exit code: 128)
[2026-09-08 22:22:12] Pushing to GitHub...
[2026-09-08 22:22:42] git push (GitHub): fatal: unable to access 'https://github.com/lishiwen-ai/read-and-book-web.git/': Recv failure: Connection was reset
[2026-09-08 22:22:42] FAILED: GitHub push failed (exit code: 128)
[2026-09-08 22:22:42] --- Pushing to Gitee ---
[2026-09-08 22:22:42] Pulling latest from Gitee...
[2026-09-08 22:22:42] git pull (Gitee): error: cannot pull with rebase: You have unstaged changes.
[2026-09-08 22:22:42] git pull (Gitee): error: Please commit or stash them.
[2026-09-08 22:22:42] WARNING: Gitee pull may have conflicts (exit code: 128)
[2026-09-08 22:22:42] Pushing to Gitee...
[2026-09-08 22:22:45] git push (Gitee): remote: Powered by [01;33mGITEE.COM [0m[1.1.23]        
[2026-09-08 22:22:45] git push (Gitee): remote: Set trace flag 494ac282        
[2026-09-08 22:22:45] git push (Gitee): To https://gitee.com/lsw0427/read-and-book-web.git
[2026-09-08 22:22:45] git push (Gitee):    03f6d20..908894f  main -> main
[2026-09-08 22:22:45] SUCCESS: Pushed to Gitee!
[2026-09-08 22:22:45] ===== Sync Complete =====
[2026-09-08 22:32:10] ===== Start Auto Push Check (Dual Platform) =====
[2026-09-08 22:32:10] Project path: C:\Users\LSWli\Documents\Codex\2026-08-29\qin
[2026-09-08 22:32:10] File changes detected, starting sync...
[2026-09-08 22:32:10] Changed files:
[2026-09-08 22:32:10]    M git-auto-push.log
[2026-09-08 22:32:10] All changes added to staging area
[2026-09-08 22:32:10] git commit: [main 5eef607] Auto sync - 2026-09-08 22:32:10
[2026-09-08 22:32:10] git commit:  1 file changed, 28 insertions(+)
[2026-09-08 22:32:10] --- Pushing to GitHub ---
[2026-09-08 22:32:10] Pulling latest from GitHub...
[2026-09-08 22:32:10] git pull (GitHub): error: cannot pull with rebase: You have unstaged changes.
[2026-09-08 22:32:10] git pull (GitHub): error: Please commit or stash them.
[2026-09-08 22:32:10] WARNING: GitHub pull may have conflicts (exit code: 128)
[2026-09-08 22:32:10] Pushing to GitHub...
[2026-09-08 22:32:55] git push (GitHub): error: RPC failed; curl 28 Failed to connect to github.com:443 after 21070 ms: Could not connect to server
[2026-09-08 22:32:55] git push (GitHub): send-pack: unexpected disconnect while reading sideband packet
[2026-09-08 22:32:55] git push (GitHub): fatal: the remote end hung up unexpectedly
[2026-09-08 22:32:55] git push (GitHub): Everything up-to-date
[2026-09-08 22:32:55] FAILED: GitHub push failed (exit code: 1)
[2026-09-08 22:32:55] --- Pushing to Gitee ---
[2026-09-08 22:32:55] Pulling latest from Gitee...
[2026-09-08 22:32:55] git pull (Gitee): error: cannot pull with rebase: You have unstaged changes.
[2026-09-08 22:32:55] git pull (Gitee): error: Please commit or stash them.
[2026-09-08 22:32:55] WARNING: Gitee pull may have conflicts (exit code: 128)
[2026-09-08 22:32:55] Pushing to Gitee...
[2026-09-08 22:32:57] git push (Gitee): remote: Powered by [01;33mGITEE.COM [0m[1.1.23]        
[2026-09-08 22:32:58] git push (Gitee): remote: Set trace flag 034e0598        
[2026-09-08 22:32:58] git push (Gitee): To https://gitee.com/lsw0427/read-and-book-web.git
[2026-09-08 22:32:58] git push (Gitee):    908894f..5eef607  main -> main
[2026-09-08 22:32:58] SUCCESS: Pushed to Gitee!
[2026-09-08 22:32:58] ===== Sync Complete =====
[2026-09-08 22:41:58] ===== Start Auto Push Check (Dual Platform) =====
[2026-09-08 22:41:58] Project path: C:\Users\LSWli\Documents\Codex\2026-08-29\qin
[2026-09-08 22:41:58] File changes detected, starting sync...
[2026-09-08 22:41:58] Changed files:
[2026-09-08 22:41:58]    M git-auto-push.log
[2026-09-08 22:41:58] All changes added to staging area
[2026-09-08 22:41:58] git commit: [main b202eac] Auto sync - 2026-09-08 22:41:58
[2026-09-08 22:41:58] git commit:  1 file changed, 31 insertions(+)
[2026-09-08 22:41:58] --- Pushing to GitHub ---
[2026-09-08 22:41:58] Pulling latest from GitHub...
[2026-09-08 22:41:59] git pull (GitHub): error: cannot pull with rebase: You have unstaged changes.
[2026-09-08 22:41:59] git pull (GitHub): error: Please commit or stash them.
[2026-09-08 22:41:59] WARNING: GitHub pull may have conflicts (exit code: 128)
[2026-09-08 22:41:59] Pushing to GitHub...
[2026-09-08 22:42:03] git push (GitHub): To https://github.com/lishiwen-ai/read-and-book-web.git
[2026-09-08 22:42:03] git push (GitHub):    03f6d20..b202eac  main -> main
[2026-09-08 22:42:03] SUCCESS: Pushed to GitHub!
[2026-09-08 22:42:03] --- Pushing to Gitee ---
[2026-09-08 22:42:03] Pulling latest from Gitee...
[2026-09-08 22:42:03] git pull (Gitee): error: cannot pull with rebase: You have unstaged changes.
[2026-09-08 22:42:03] git pull (Gitee): error: Please commit or stash them.
[2026-09-08 22:42:03] WARNING: Gitee pull may have conflicts (exit code: 128)
[2026-09-08 22:42:03] Pushing to Gitee...
[2026-09-08 22:42:06] git push (Gitee): remote: Powered by [01;33mGITEE.COM [0m[1.1.23]        
[2026-09-08 22:42:06] git push (Gitee): remote: Set trace flag 4342b0bd        
[2026-09-08 22:42:06] git push (Gitee): To https://gitee.com/lsw0427/read-and-book-web.git
[2026-09-08 22:42:06] git push (Gitee):    5eef607..b202eac  main -> main
[2026-09-08 22:42:06] SUCCESS: Pushed to Gitee!
[2026-09-08 22:42:06] ===== Sync Complete =====
[2026-09-09 11:07:55] ===== Start Auto Push Check (Dual Platform) =====
[2026-09-09 11:07:55] Project path: C:\Users\LSWli\Documents\Codex\2026-08-29\qin
[2026-09-09 11:07:56] File changes detected, starting sync...
[2026-09-09 11:07:56] Changed files:
[2026-09-09 11:07:56]    M git-auto-push.log
[2026-09-09 11:07:56] All changes added to staging area
[2026-09-09 11:07:56] git commit: [main f11711a] Auto sync - 2026-09-09 11:07:56
[2026-09-09 11:07:56] git commit:  1 file changed, 29 insertions(+)
[2026-09-09 11:07:56] --- Pushing to GitHub ---
[2026-09-09 11:07:56] Pulling latest from GitHub...
[2026-09-09 11:07:56] git pull (GitHub): error: cannot pull with rebase: You have unstaged changes.
[2026-09-09 11:07:56] git pull (GitHub): error: Please commit or stash them.
[2026-09-09 11:07:56] WARNING: GitHub pull may have conflicts (exit code: 128)
[2026-09-09 11:07:56] Pushing to GitHub...
[2026-09-09 11:08:20] git push (GitHub): fatal: unable to access 'https://github.com/lishiwen-ai/read-and-book-web.git/': Recv failure: Connection was reset
[2026-09-09 11:08:20] FAILED: GitHub push failed (exit code: 128)
[2026-09-09 11:08:20] --- Pushing to Gitee ---
[2026-09-09 11:08:20] Pulling latest from Gitee...
[2026-09-09 11:08:21] git pull (Gitee): error: cannot pull with rebase: You have unstaged changes.
[2026-09-09 11:08:21] git pull (Gitee): error: Please commit or stash them.
[2026-09-09 11:08:21] WARNING: Gitee pull may have conflicts (exit code: 128)
[2026-09-09 11:08:21] Pushing to Gitee...
[2026-09-09 11:08:24] git push (Gitee): remote: Powered by [01;33mGITEE.COM [0m[1.1.23]        
[2026-09-09 11:08:24] git push (Gitee): remote: Set trace flag 7c441380        
[2026-09-09 11:08:24] git push (Gitee): To https://gitee.com/lsw0427/read-and-book-web.git
[2026-09-09 11:08:24] git push (Gitee):    b202eac..f11711a  main -> main
[2026-09-09 11:08:24] SUCCESS: Pushed to Gitee!
[2026-09-09 11:08:24] ===== Sync Complete =====
[2026-09-09 11:11:59] ===== Start Auto Push Check (Dual Platform) =====
[2026-09-09 11:11:59] Project path: C:\Users\LSWli\Documents\Codex\2026-08-29\qin
[2026-09-09 11:11:59] File changes detected, starting sync...
[2026-09-09 11:11:59] Changed files:
[2026-09-09 11:11:59]    M git-auto-push.log
[2026-09-09 11:11:59] All changes added to staging area
[2026-09-09 11:12:00] git commit: [main c74b24e] Auto sync - 2026-09-09 11:11:59
[2026-09-09 11:12:00] git commit:  1 file changed, 28 insertions(+)
[2026-09-09 11:12:00] --- Pushing to GitHub ---
[2026-09-09 11:12:00] Pulling latest from GitHub...
[2026-09-09 11:12:00] git pull (GitHub): error: cannot pull with rebase: You have unstaged changes.
[2026-09-09 11:12:00] git pull (GitHub): error: Please commit or stash them.
[2026-09-09 11:12:00] WARNING: GitHub pull may have conflicts (exit code: 128)
[2026-09-09 11:12:00] Pushing to GitHub...
[2026-09-09 11:12:28] git push (GitHub): fatal: unable to access 'https://github.com/lishiwen-ai/read-and-book-web.git/': Recv failure: Connection was reset
[2026-09-09 11:12:28] FAILED: GitHub push failed (exit code: 128)
[2026-09-09 11:12:28] --- Pushing to Gitee ---
[2026-09-09 11:12:28] Pulling latest from Gitee...
[2026-09-09 11:12:28] git pull (Gitee): error: cannot pull with rebase: You have unstaged changes.
[2026-09-09 11:12:28] git pull (Gitee): error: Please commit or stash them.
[2026-09-09 11:12:28] WARNING: Gitee pull may have conflicts (exit code: 128)
[2026-09-09 11:12:28] Pushing to Gitee...
[2026-09-09 11:12:30] git push (Gitee): remote: Powered by [01;33mGITEE.COM [0m[1.1.23]        
[2026-09-09 11:12:30] git push (Gitee): remote: Set trace flag 5f4f0699        
[2026-09-09 11:12:30] git push (Gitee): To https://gitee.com/lsw0427/read-and-book-web.git
[2026-09-09 11:12:30] git push (Gitee):    f11711a..c74b24e  main -> main
[2026-09-09 11:12:30] SUCCESS: Pushed to Gitee!
[2026-09-09 11:12:30] ===== Sync Complete =====
[2026-09-09 11:21:50] ===== Start Auto Push Check (Dual Platform) =====
[2026-09-09 11:21:50] Project path: C:\Users\LSWli\Documents\Codex\2026-08-29\qin
[2026-09-09 11:21:50] File changes detected, starting sync...
[2026-09-09 11:21:50] Changed files:
[2026-09-09 11:21:50]    M git-auto-push.log
[2026-09-09 11:21:51] All changes added to staging area
[2026-09-09 11:21:51] git commit: [main 6174060] Auto sync - 2026-09-09 11:21:51
[2026-09-09 11:21:51] git commit:  1 file changed, 28 insertions(+)
[2026-09-09 11:21:51] --- Pushing to GitHub ---
[2026-09-09 11:21:51] Pulling latest from GitHub...
[2026-09-09 11:21:51] git pull (GitHub): error: cannot pull with rebase: You have unstaged changes.
[2026-09-09 11:21:51] git pull (GitHub): error: Please commit or stash them.
[2026-09-09 11:21:51] WARNING: GitHub pull may have conflicts (exit code: 128)
[2026-09-09 11:21:51] Pushing to GitHub...
[2026-09-09 11:22:17] git push (GitHub): fatal: unable to access 'https://github.com/lishiwen-ai/read-and-book-web.git/': Recv failure: Connection was reset
[2026-09-09 11:22:17] FAILED: GitHub push failed (exit code: 128)
[2026-09-09 11:22:17] --- Pushing to Gitee ---
[2026-09-09 11:22:17] Pulling latest from Gitee...
[2026-09-09 11:22:17] git pull (Gitee): error: cannot pull with rebase: You have unstaged changes.
[2026-09-09 11:22:17] git pull (Gitee): error: Please commit or stash them.
[2026-09-09 11:22:17] WARNING: Gitee pull may have conflicts (exit code: 128)
[2026-09-09 11:22:17] Pushing to Gitee...
[2026-09-09 11:22:20] git push (Gitee): remote: Powered by [01;33mGITEE.COM [0m[1.1.23]        
[2026-09-09 11:22:20] git push (Gitee): remote: Set trace flag 9146cabd        
[2026-09-09 11:22:20] git push (Gitee): To https://gitee.com/lsw0427/read-and-book-web.git
[2026-09-09 11:22:20] git push (Gitee):    c74b24e..6174060  main -> main
[2026-09-09 11:22:20] SUCCESS: Pushed to Gitee!
[2026-09-09 11:22:20] ===== Sync Complete =====
[2026-09-09 11:31:48] ===== Start Auto Push Check (Dual Platform) =====
[2026-09-09 11:31:48] Project path: C:\Users\LSWli\Documents\Codex\2026-08-29\qin
[2026-09-09 11:31:49] File changes detected, starting sync...
[2026-09-09 11:31:49] Changed files:
[2026-09-09 11:31:49]    M git-auto-push.log
[2026-09-09 11:31:49] All changes added to staging area
[2026-09-09 11:31:50] git commit: [main 4f81043] Auto sync - 2026-09-09 11:31:49
[2026-09-09 11:31:50] git commit:  1 file changed, 28 insertions(+)
[2026-09-09 11:31:50] --- Pushing to GitHub ---
[2026-09-09 11:31:50] Pulling latest from GitHub...
[2026-09-09 11:31:50] git pull (GitHub): error: cannot pull with rebase: You have unstaged changes.
[2026-09-09 11:31:50] git pull (GitHub): error: Please commit or stash them.
[2026-09-09 11:31:50] WARNING: GitHub pull may have conflicts (exit code: 128)
[2026-09-09 11:31:50] Pushing to GitHub...
[2026-09-09 11:31:55] git push (GitHub): To https://github.com/lishiwen-ai/read-and-book-web.git
[2026-09-09 11:31:55] git push (GitHub):    b202eac..4f81043  main -> main
[2026-09-09 11:31:55] SUCCESS: Pushed to GitHub!
[2026-09-09 11:31:55] --- Pushing to Gitee ---
[2026-09-09 11:31:55] Pulling latest from Gitee...
[2026-09-09 11:31:55] git pull (Gitee): error: cannot pull with rebase: You have unstaged changes.
[2026-09-09 11:31:55] git pull (Gitee): error: Please commit or stash them.
[2026-09-09 11:31:55] WARNING: Gitee pull may have conflicts (exit code: 128)
[2026-09-09 11:31:55] Pushing to Gitee...
[2026-09-09 11:31:58] git push (Gitee): remote: Powered by [01;33mGITEE.COM [0m[1.1.23]        
[2026-09-09 11:31:58] git push (Gitee): remote: Set trace flag 5e4f149c        
[2026-09-09 11:31:58] git push (Gitee): To https://gitee.com/lsw0427/read-and-book-web.git
[2026-09-09 11:31:58] git push (Gitee):    6174060..4f81043  main -> main
[2026-09-09 11:31:58] SUCCESS: Pushed to Gitee!
[2026-09-09 11:31:58] ===== Sync Complete =====
[2026-09-09 11:42:02] ===== Start Auto Push Check (Dual Platform) =====
[2026-09-09 11:42:02] Project path: C:\Users\LSWli\Documents\Codex\2026-08-29\qin
[2026-09-09 11:42:02] File changes detected, starting sync...
[2026-09-09 11:42:02] Changed files:
[2026-09-09 11:42:02]    M git-auto-push.log
[2026-09-09 11:42:03] All changes added to staging area
[2026-09-09 11:42:03] git commit: [main 29e16f4] Auto sync - 2026-09-09 11:42:03
[2026-09-09 11:42:03] git commit:  1 file changed, 29 insertions(+)
[2026-09-09 11:42:03] --- Pushing to GitHub ---
[2026-09-09 11:42:03] Pulling latest from GitHub...
[2026-09-09 11:42:03] git pull (GitHub): error: cannot pull with rebase: You have unstaged changes.
[2026-09-09 11:42:03] git pull (GitHub): error: Please commit or stash them.
[2026-09-09 11:42:03] WARNING: GitHub pull may have conflicts (exit code: 128)
[2026-09-09 11:42:03] Pushing to GitHub...
[2026-09-09 11:42:07] git push (GitHub): To https://github.com/lishiwen-ai/read-and-book-web.git
[2026-09-09 11:42:07] git push (GitHub):    4f81043..29e16f4  main -> main
[2026-09-09 11:42:07] SUCCESS: Pushed to GitHub!
[2026-09-09 11:42:07] --- Pushing to Gitee ---
[2026-09-09 11:42:07] Pulling latest from Gitee...
[2026-09-09 11:42:07] git pull (Gitee): error: cannot pull with rebase: You have unstaged changes.
[2026-09-09 11:42:07] git pull (Gitee): error: Please commit or stash them.
[2026-09-09 11:42:07] WARNING: Gitee pull may have conflicts (exit code: 128)
[2026-09-09 11:42:07] Pushing to Gitee...
[2026-09-09 11:42:10] git push (Gitee): remote: Powered by [01;33mGITEE.COM [0m[1.1.23]        
[2026-09-09 11:42:10] git push (Gitee): remote: Set trace flag 474de485        
[2026-09-09 11:42:10] git push (Gitee): To https://gitee.com/lsw0427/read-and-book-web.git
[2026-09-09 11:42:10] git push (Gitee):    4f81043..29e16f4  main -> main
[2026-09-09 11:42:10] SUCCESS: Pushed to Gitee!
[2026-09-09 11:42:10] ===== Sync Complete =====
[2026-09-09 11:52:35] ===== Start Auto Push Check (Dual Platform) =====
[2026-09-09 11:52:35] Project path: C:\Users\LSWli\Documents\Codex\2026-08-29\qin
[2026-09-09 11:52:35] File changes detected, starting sync...
[2026-09-09 11:52:35] Changed files:
[2026-09-09 11:52:35]    M git-auto-push.log
[2026-09-09 11:52:35] All changes added to staging area
[2026-09-09 11:52:35] git commit: [main fb0a5b4] Auto sync - 2026-09-09 11:52:35
[2026-09-09 11:52:35] git commit:  1 file changed, 29 insertions(+)
[2026-09-09 11:52:35] --- Pushing to GitHub ---
[2026-09-09 11:52:35] Pulling latest from GitHub...
[2026-09-09 11:52:35] git pull (GitHub): error: cannot pull with rebase: You have unstaged changes.
[2026-09-09 11:52:35] git pull (GitHub): error: Please commit or stash them.
[2026-09-09 11:52:35] WARNING: GitHub pull may have conflicts (exit code: 128)
[2026-09-09 11:52:35] Pushing to GitHub...
[2026-09-09 11:52:39] git push (GitHub): To https://github.com/lishiwen-ai/read-and-book-web.git
[2026-09-09 11:52:39] git push (GitHub):    29e16f4..fb0a5b4  main -> main
[2026-09-09 11:52:39] SUCCESS: Pushed to GitHub!
[2026-09-09 11:52:39] --- Pushing to Gitee ---
[2026-09-09 11:52:39] Pulling latest from Gitee...
[2026-09-09 11:52:39] git pull (Gitee): error: cannot pull with rebase: You have unstaged changes.
[2026-09-09 11:52:39] git pull (Gitee): error: Please commit or stash them.
[2026-09-09 11:52:39] WARNING: Gitee pull may have conflicts (exit code: 128)
[2026-09-09 11:52:39] Pushing to Gitee...
[2026-09-09 11:52:41] git push (Gitee): remote: Powered by [01;33mGITEE.COM [0m[1.1.23]        
[2026-09-09 11:52:41] git push (Gitee): remote: Set trace flag 31411d94        
[2026-09-09 11:52:41] git push (Gitee): To https://gitee.com/lsw0427/read-and-book-web.git
[2026-09-09 11:52:41] git push (Gitee):    29e16f4..fb0a5b4  main -> main
[2026-09-09 11:52:41] SUCCESS: Pushed to Gitee!
[2026-09-09 11:52:41] ===== Sync Complete =====
[2026-09-09 16:33:20] ===== Start Auto Push Check (Dual Platform) =====
[2026-09-09 16:33:20] Project path: C:\Users\LSWli\Documents\Codex\2026-08-29\qin
[2026-09-09 16:33:20] File changes detected, starting sync...
[2026-09-09 16:33:20] Changed files:
[2026-09-09 16:33:21]    M git-auto-push.log
[2026-09-09 16:33:21] All changes added to staging area
[2026-09-09 16:33:21] git commit: [main 06e760a] Auto sync - 2026-09-09 16:33:21
[2026-09-09 16:33:21] git commit:  1 file changed, 29 insertions(+)
[2026-09-09 16:33:21] --- Pushing to GitHub ---
[2026-09-09 16:33:21] Pulling latest from GitHub...
[2026-09-09 16:33:21] git pull (GitHub): error: cannot pull with rebase: You have unstaged changes.
[2026-09-09 16:33:21] git pull (GitHub): error: Please commit or stash them.
[2026-09-09 16:33:21] WARNING: GitHub pull may have conflicts (exit code: 128)
[2026-09-09 16:33:21] Pushing to GitHub...
[2026-09-09 16:33:28] git push (GitHub): To https://github.com/lishiwen-ai/read-and-book-web.git
[2026-09-09 16:33:28] git push (GitHub):    fb0a5b4..06e760a  main -> main
[2026-09-09 16:33:28] SUCCESS: Pushed to GitHub!
[2026-09-09 16:33:28] --- Pushing to Gitee ---
[2026-09-09 16:33:28] Pulling latest from Gitee...
[2026-09-09 16:33:28] git pull (Gitee): error: cannot pull with rebase: You have unstaged changes.
[2026-09-09 16:33:28] git pull (Gitee): error: Please commit or stash them.
[2026-09-09 16:33:28] WARNING: Gitee pull may have conflicts (exit code: 128)
[2026-09-09 16:33:28] Pushing to Gitee...
[2026-09-09 16:33:31] git push (Gitee): remote: Powered by [01;33mGITEE.COM [0m[1.1.23]        
[2026-09-09 16:33:31] git push (Gitee): remote: Set trace flag 1b4710bf        
[2026-09-09 16:33:31] git push (Gitee): To https://gitee.com/lsw0427/read-and-book-web.git
[2026-09-09 16:33:31] git push (Gitee):    fb0a5b4..06e760a  main -> main
[2026-09-09 16:33:31] SUCCESS: Pushed to Gitee!
[2026-09-09 16:33:31] ===== Sync Complete =====
[2026-09-09 16:41:59] ===== Start Auto Push Check (Dual Platform) =====
[2026-09-09 16:41:59] Project path: C:\Users\LSWli\Documents\Codex\2026-08-29\qin
[2026-09-09 16:41:59] File changes detected, starting sync...
[2026-09-09 16:41:59] Changed files:
[2026-09-09 16:41:59]    M git-auto-push.log
[2026-09-09 16:41:59] All changes added to staging area
[2026-09-09 16:41:59] git commit: [main a5c1198] Auto sync - 2026-09-09 16:41:59
[2026-09-09 16:41:59] git commit:  1 file changed, 29 insertions(+)
[2026-09-09 16:41:59] --- Pushing to GitHub ---
[2026-09-09 16:41:59] Pulling latest from GitHub...
[2026-09-09 16:41:59] git pull (GitHub): error: cannot pull with rebase: You have unstaged changes.
[2026-09-09 16:41:59] git pull (GitHub): error: Please commit or stash them.
[2026-09-09 16:41:59] WARNING: GitHub pull may have conflicts (exit code: 128)
[2026-09-09 16:41:59] Pushing to GitHub...
[2026-09-09 16:42:04] git push (GitHub): To https://github.com/lishiwen-ai/read-and-book-web.git
[2026-09-09 16:42:04] git push (GitHub):    06e760a..a5c1198  main -> main
[2026-09-09 16:42:04] SUCCESS: Pushed to GitHub!
[2026-09-09 16:42:04] --- Pushing to Gitee ---
[2026-09-09 16:42:04] Pulling latest from Gitee...
[2026-09-09 16:42:04] git pull (Gitee): error: cannot pull with rebase: You have unstaged changes.
[2026-09-09 16:42:04] git pull (Gitee): error: Please commit or stash them.
[2026-09-09 16:42:04] WARNING: Gitee pull may have conflicts (exit code: 128)
[2026-09-09 16:42:04] Pushing to Gitee...
[2026-09-09 16:42:06] git push (Gitee): remote: Powered by [01;33mGITEE.COM [0m[1.1.23]        
[2026-09-09 16:42:06] git push (Gitee): remote: Set trace flag b040be9a        
[2026-09-09 16:42:06] git push (Gitee): To https://gitee.com/lsw0427/read-and-book-web.git
[2026-09-09 16:42:06] git push (Gitee):    06e760a..a5c1198  main -> main
[2026-09-09 16:42:06] SUCCESS: Pushed to Gitee!
[2026-09-09 16:42:06] ===== Sync Complete =====
[2026-09-09 16:51:49] ===== Start Auto Push Check (Dual Platform) =====
[2026-09-09 16:51:49] Project path: C:\Users\LSWli\Documents\Codex\2026-08-29\qin
[2026-09-09 16:51:49] File changes detected, starting sync...
[2026-09-09 16:51:49] Changed files:
[2026-09-09 16:51:49]    M git-auto-push.log
[2026-09-09 16:51:49] All changes added to staging area
[2026-09-09 16:51:49] git commit: [main 8b0c4b6] Auto sync - 2026-09-09 16:51:49
[2026-09-09 16:51:49] git commit:  1 file changed, 29 insertions(+)
[2026-09-09 16:51:49] --- Pushing to GitHub ---
[2026-09-09 16:51:49] Pulling latest from GitHub...
[2026-09-09 16:51:50] git pull (GitHub): error: cannot pull with rebase: You have unstaged changes.
[2026-09-09 16:51:50] git pull (GitHub): error: Please commit or stash them.
[2026-09-09 16:51:50] WARNING: GitHub pull may have conflicts (exit code: 128)
[2026-09-09 16:51:50] Pushing to GitHub...
[2026-09-09 16:51:54] git push (GitHub): To https://github.com/lishiwen-ai/read-and-book-web.git
[2026-09-09 16:51:54] git push (GitHub):    a5c1198..8b0c4b6  main -> main
[2026-09-09 16:51:54] SUCCESS: Pushed to GitHub!
[2026-09-09 16:51:54] --- Pushing to Gitee ---
[2026-09-09 16:51:54] Pulling latest from Gitee...
[2026-09-09 16:51:54] git pull (Gitee): error: cannot pull with rebase: You have unstaged changes.
[2026-09-09 16:51:54] git pull (Gitee): error: Please commit or stash them.
[2026-09-09 16:51:54] WARNING: Gitee pull may have conflicts (exit code: 128)
[2026-09-09 16:51:54] Pushing to Gitee...
[2026-09-09 16:51:57] git push (Gitee): remote: Powered by [01;33mGITEE.COM [0m[1.1.23]        
[2026-09-09 16:51:57] git push (Gitee): remote: Set trace flag ed40978c        
[2026-09-09 16:51:57] git push (Gitee): To https://gitee.com/lsw0427/read-and-book-web.git
[2026-09-09 16:51:57] git push (Gitee):    a5c1198..8b0c4b6  main -> main
[2026-09-09 16:51:57] SUCCESS: Pushed to Gitee!
[2026-09-09 16:51:57] ===== Sync Complete =====
[2026-09-09 17:31:54] ===== Start Auto Push Check (Dual Platform) =====
[2026-09-09 17:31:54] Project path: C:\Users\LSWli\Documents\Codex\2026-08-29\qin
[2026-09-09 17:31:54] File changes detected, starting sync...
[2026-09-09 17:31:54] Changed files:
[2026-09-09 17:31:54]    M git-auto-push.log
[2026-09-09 17:31:54] All changes added to staging area
[2026-09-09 17:31:54] git commit: [main 8901d6a] Auto sync - 2026-09-09 17:31:54
[2026-09-09 17:31:54] git commit:  1 file changed, 29 insertions(+)
[2026-09-09 17:31:55] --- Pushing to GitHub ---
[2026-09-09 17:31:55] Pulling latest from GitHub...
[2026-09-09 17:31:55] git pull (GitHub): error: cannot pull with rebase: You have unstaged changes.
[2026-09-09 17:31:55] git pull (GitHub): error: Please commit or stash them.
[2026-09-09 17:31:55] WARNING: GitHub pull may have conflicts (exit code: 128)
[2026-09-09 17:31:55] Pushing to GitHub...
[2026-09-09 17:32:18] git push (GitHub): fatal: unable to access 'https://github.com/lishiwen-ai/read-and-book-web.git/': Recv failure: Connection was reset
[2026-09-09 17:32:18] FAILED: GitHub push failed (exit code: 128)
[2026-09-09 17:32:18] --- Pushing to Gitee ---
[2026-09-09 17:32:18] Pulling latest from Gitee...
[2026-09-09 17:32:18] git pull (Gitee): error: cannot pull with rebase: You have unstaged changes.
[2026-09-09 17:32:18] git pull (Gitee): error: Please commit or stash them.
[2026-09-09 17:32:18] WARNING: Gitee pull may have conflicts (exit code: 128)
[2026-09-09 17:32:18] Pushing to Gitee...
[2026-09-09 17:32:20] git push (Gitee): remote: Powered by [01;33mGITEE.COM [0m[1.1.23]        
[2026-09-09 17:32:20] git push (Gitee): remote: Set trace flag 604b949e        
[2026-09-09 17:32:20] git push (Gitee): To https://gitee.com/lsw0427/read-and-book-web.git
[2026-09-09 17:32:20] git push (Gitee):    8b0c4b6..8901d6a  main -> main
[2026-09-09 17:32:20] SUCCESS: Pushed to Gitee!
[2026-09-09 17:32:20] ===== Sync Complete =====
[2026-09-09 17:41:45] ===== Start Auto Push Check (Dual Platform) =====
[2026-09-09 17:41:45] Project path: C:\Users\LSWli\Documents\Codex\2026-08-29\qin
[2026-09-09 17:41:45] File changes detected, starting sync...
[2026-09-09 17:41:45] Changed files:
[2026-09-09 17:41:45]    M git-auto-push.log
[2026-09-09 17:41:46] All changes added to staging area
[2026-09-09 17:41:46] git commit: [main 39b371e] Auto sync - 2026-09-09 17:41:46
[2026-09-09 17:41:46] git commit:  1 file changed, 28 insertions(+)
[2026-09-09 17:41:46] --- Pushing to GitHub ---
[2026-09-09 17:41:46] Pulling latest from GitHub...
[2026-09-09 17:41:46] git pull (GitHub): error: cannot pull with rebase: You have unstaged changes.
[2026-09-09 17:41:46] git pull (GitHub): error: Please commit or stash them.
[2026-09-09 17:41:46] WARNING: GitHub pull may have conflicts (exit code: 128)
[2026-09-09 17:41:46] Pushing to GitHub...
[2026-09-09 17:41:50] git push (GitHub): To https://github.com/lishiwen-ai/read-and-book-web.git
[2026-09-09 17:41:50] git push (GitHub):    8b0c4b6..39b371e  main -> main
[2026-09-09 17:41:50] SUCCESS: Pushed to GitHub!
[2026-09-09 17:41:50] --- Pushing to Gitee ---
[2026-09-09 17:41:51] Pulling latest from Gitee...
[2026-09-09 17:41:51] git pull (Gitee): error: cannot pull with rebase: You have unstaged changes.
[2026-09-09 17:41:51] git pull (Gitee): error: Please commit or stash them.
[2026-09-09 17:41:51] WARNING: Gitee pull may have conflicts (exit code: 128)
[2026-09-09 17:41:51] Pushing to Gitee...
[2026-09-09 17:41:54] git push (Gitee): remote: Powered by [01;33mGITEE.COM [0m[1.1.23]        
[2026-09-09 17:41:54] git push (Gitee): remote: Set trace flag 93404793        
[2026-09-09 17:41:54] git push (Gitee): To https://gitee.com/lsw0427/read-and-book-web.git
[2026-09-09 17:41:54] git push (Gitee):    8901d6a..39b371e  main -> main
[2026-09-09 17:41:54] SUCCESS: Pushed to Gitee!
[2026-09-09 17:41:54] ===== Sync Complete =====
[2026-09-09 17:51:52] ===== Start Auto Push Check (Dual Platform) =====
[2026-09-09 17:51:52] Project path: C:\Users\LSWli\Documents\Codex\2026-08-29\qin
[2026-09-09 17:51:52] File changes detected, starting sync...
[2026-09-09 17:51:52] Changed files:
[2026-09-09 17:51:52]    M git-auto-push.log
[2026-09-09 17:51:52] All changes added to staging area
[2026-09-09 17:51:52] git commit: [main fdc2684] Auto sync - 2026-09-09 17:51:52
[2026-09-09 17:51:52] git commit:  1 file changed, 29 insertions(+)
[2026-09-09 17:51:52] --- Pushing to GitHub ---
[2026-09-09 17:51:52] Pulling latest from GitHub...
[2026-09-09 17:51:52] git pull (GitHub): error: cannot pull with rebase: You have unstaged changes.
[2026-09-09 17:51:52] git pull (GitHub): error: Please commit or stash them.
[2026-09-09 17:51:52] WARNING: GitHub pull may have conflicts (exit code: 128)
[2026-09-09 17:51:52] Pushing to GitHub...
[2026-09-09 17:52:23] git push (GitHub): fatal: unable to access 'https://github.com/lishiwen-ai/read-and-book-web.git/': Recv failure: Connection was reset
[2026-09-09 17:52:23] FAILED: GitHub push failed (exit code: 128)
[2026-09-09 17:52:23] --- Pushing to Gitee ---
[2026-09-09 17:52:23] Pulling latest from Gitee...
[2026-09-09 17:52:23] git pull (Gitee): error: cannot pull with rebase: You have unstaged changes.
[2026-09-09 17:52:23] git pull (Gitee): error: Please commit or stash them.
[2026-09-09 17:52:23] WARNING: Gitee pull may have conflicts (exit code: 128)
[2026-09-09 17:52:23] Pushing to Gitee...
[2026-09-09 17:52:26] git push (Gitee): remote: Powered by [01;33mGITEE.COM [0m[1.1.23]        
[2026-09-09 17:52:26] git push (Gitee): remote: Set trace flag 43428990        
[2026-09-09 17:52:26] git push (Gitee): To https://gitee.com/lsw0427/read-and-book-web.git
[2026-09-09 17:52:26] git push (Gitee):    39b371e..fdc2684  main -> main
[2026-09-09 17:52:26] SUCCESS: Pushed to Gitee!
[2026-09-09 17:52:26] ===== Sync Complete =====
[2026-09-09 18:01:59] ===== Start Auto Push Check (Dual Platform) =====
[2026-09-09 18:01:59] Project path: C:\Users\LSWli\Documents\Codex\2026-08-29\qin
[2026-09-09 18:01:59] File changes detected, starting sync...
[2026-09-09 18:01:59] Changed files:
[2026-09-09 18:01:59]    M git-auto-push.log
[2026-09-09 18:01:59] All changes added to staging area
[2026-09-09 18:01:59] git commit: [main 283a14f] Auto sync - 2026-09-09 18:01:59
[2026-09-09 18:01:59] git commit:  1 file changed, 28 insertions(+)
[2026-09-09 18:01:59] --- Pushing to GitHub ---
[2026-09-09 18:01:59] Pulling latest from GitHub...
[2026-09-09 18:01:59] git pull (GitHub): error: cannot pull with rebase: You have unstaged changes.
[2026-09-09 18:01:59] git pull (GitHub): error: Please commit or stash them.
[2026-09-09 18:02:00] WARNING: GitHub pull may have conflicts (exit code: 128)
[2026-09-09 18:02:00] Pushing to GitHub...
[2026-09-09 18:02:04] git push (GitHub): To https://github.com/lishiwen-ai/read-and-book-web.git
[2026-09-09 18:02:04] git push (GitHub):    39b371e..283a14f  main -> main
[2026-09-09 18:02:04] SUCCESS: Pushed to GitHub!
[2026-09-09 18:02:04] --- Pushing to Gitee ---
[2026-09-09 18:02:05] Pulling latest from Gitee...
[2026-09-09 18:02:05] git pull (Gitee): error: cannot pull with rebase: You have unstaged changes.
[2026-09-09 18:02:05] git pull (Gitee): error: Please commit or stash them.
[2026-09-09 18:02:05] WARNING: Gitee pull may have conflicts (exit code: 128)
[2026-09-09 18:02:05] Pushing to Gitee...
[2026-09-09 18:02:07] git push (Gitee): remote: Powered by [01;33mGITEE.COM [0m[1.1.23]        
[2026-09-09 18:02:07] git push (Gitee): remote: Set trace flag 6d4456ae        
[2026-09-09 18:02:07] git push (Gitee): To https://gitee.com/lsw0427/read-and-book-web.git
[2026-09-09 18:02:07] git push (Gitee):    fdc2684..283a14f  main -> main
[2026-09-09 18:02:07] SUCCESS: Pushed to Gitee!
[2026-09-09 18:02:07] ===== Sync Complete =====
[2026-09-09 18:51:37] ===== Start Auto Push Check (Dual Platform) =====
[2026-09-09 18:51:37] Project path: C:\Users\LSWli\Documents\Codex\2026-08-29\qin
[2026-09-09 18:51:37] File changes detected, starting sync...
[2026-09-09 18:51:37] Changed files:
[2026-09-09 18:51:37]    M git-auto-push.log
[2026-09-09 18:51:37] All changes added to staging area
[2026-09-09 18:51:37] git commit: [main 37b3efb] Auto sync - 2026-09-09 18:51:37
[2026-09-09 18:51:37] git commit:  1 file changed, 29 insertions(+)
[2026-09-09 18:51:37] --- Pushing to GitHub ---
[2026-09-09 18:51:37] Pulling latest from GitHub...
[2026-09-09 18:51:37] git pull (GitHub): error: cannot pull with rebase: You have unstaged changes.
[2026-09-09 18:51:37] git pull (GitHub): error: Please commit or stash them.
[2026-09-09 18:51:37] WARNING: GitHub pull may have conflicts (exit code: 128)
[2026-09-09 18:51:37] Pushing to GitHub...
[2026-09-09 18:51:41] git push (GitHub): To https://github.com/lishiwen-ai/read-and-book-web.git
[2026-09-09 18:51:41] git push (GitHub):    283a14f..37b3efb  main -> main
[2026-09-09 18:51:41] SUCCESS: Pushed to GitHub!
[2026-09-09 18:51:41] --- Pushing to Gitee ---
[2026-09-09 18:51:41] Pulling latest from Gitee...
[2026-09-09 18:51:41] git pull (Gitee): error: cannot pull with rebase: You have unstaged changes.
[2026-09-09 18:51:41] git pull (Gitee): error: Please commit or stash them.
[2026-09-09 18:51:41] WARNING: Gitee pull may have conflicts (exit code: 128)
[2026-09-09 18:51:41] Pushing to Gitee...
[2026-09-09 18:51:43] git push (Gitee): remote: Powered by [01;33mGITEE.COM [0m[1.1.23]        
[2026-09-09 18:51:43] git push (Gitee): remote: Set trace flag 3d4df69d        
[2026-09-09 18:51:43] git push (Gitee): To https://gitee.com/lsw0427/read-and-book-web.git
[2026-09-09 18:51:43] git push (Gitee):    283a14f..37b3efb  main -> main
[2026-09-09 18:51:43] SUCCESS: Pushed to Gitee!
[2026-09-09 18:51:43] ===== Sync Complete =====
[2026-09-09 19:01:41] ===== Start Auto Push Check (Dual Platform) =====
[2026-09-09 19:01:41] Project path: C:\Users\LSWli\Documents\Codex\2026-08-29\qin
[2026-09-09 19:01:41] File changes detected, starting sync...
[2026-09-09 19:01:41] Changed files:
[2026-09-09 19:01:41]    M git-auto-push.log
[2026-09-09 19:01:41] All changes added to staging area
[2026-09-09 19:01:41] git commit: [main d8017f4] Auto sync - 2026-09-09 19:01:41
[2026-09-09 19:01:41] git commit:  1 file changed, 29 insertions(+)
[2026-09-09 19:01:41] --- Pushing to GitHub ---
[2026-09-09 19:01:41] Pulling latest from GitHub...
[2026-09-09 19:01:42] git pull (GitHub): error: cannot pull with rebase: You have unstaged changes.
[2026-09-09 19:01:42] git pull (GitHub): error: Please commit or stash them.
[2026-09-09 19:01:42] WARNING: GitHub pull may have conflicts (exit code: 128)
[2026-09-09 19:01:42] Pushing to GitHub...
[2026-09-09 19:01:45] git push (GitHub): To https://github.com/lishiwen-ai/read-and-book-web.git
[2026-09-09 19:01:45] git push (GitHub):    37b3efb..d8017f4  main -> main
[2026-09-09 19:01:45] SUCCESS: Pushed to GitHub!
[2026-09-09 19:01:45] --- Pushing to Gitee ---
[2026-09-09 19:01:45] Pulling latest from Gitee...
[2026-09-09 19:01:45] git pull (Gitee): error: cannot pull with rebase: You have unstaged changes.
[2026-09-09 19:01:45] git pull (Gitee): error: Please commit or stash them.
[2026-09-09 19:01:45] WARNING: Gitee pull may have conflicts (exit code: 128)
[2026-09-09 19:01:45] Pushing to Gitee...
[2026-09-09 19:01:47] git push (Gitee): remote: Powered by [01;33mGITEE.COM [0m[1.1.23]        
[2026-09-09 19:01:47] git push (Gitee): remote: Set trace flag e442568f        
[2026-09-09 19:01:47] git push (Gitee): To https://gitee.com/lsw0427/read-and-book-web.git
[2026-09-09 19:01:47] git push (Gitee):    37b3efb..d8017f4  main -> main
[2026-09-09 19:01:47] SUCCESS: Pushed to Gitee!
[2026-09-09 19:01:47] ===== Sync Complete =====
[2026-09-09 19:11:40] ===== Start Auto Push Check (Dual Platform) =====
[2026-09-09 19:11:40] Project path: C:\Users\LSWli\Documents\Codex\2026-08-29\qin
[2026-09-09 19:11:40] File changes detected, starting sync...
[2026-09-09 19:11:40] Changed files:
[2026-09-09 19:11:40]    M git-auto-push.log
[2026-09-09 19:11:40] All changes added to staging area
[2026-09-09 19:11:40] git commit: [main 5ea7742] Auto sync - 2026-09-09 19:11:40
[2026-09-09 19:11:40] git commit:  1 file changed, 29 insertions(+)
[2026-09-09 19:11:40] --- Pushing to GitHub ---
[2026-09-09 19:11:40] Pulling latest from GitHub...
[2026-09-09 19:11:40] git pull (GitHub): error: cannot pull with rebase: You have unstaged changes.
[2026-09-09 19:11:40] git pull (GitHub): error: Please commit or stash them.
[2026-09-09 19:11:40] WARNING: GitHub pull may have conflicts (exit code: 128)
[2026-09-09 19:11:40] Pushing to GitHub...
[2026-09-09 19:11:44] git push (GitHub): To https://github.com/lishiwen-ai/read-and-book-web.git
[2026-09-09 19:11:44] git push (GitHub):    d8017f4..5ea7742  main -> main
[2026-09-09 19:11:44] SUCCESS: Pushed to GitHub!
[2026-09-09 19:11:44] --- Pushing to Gitee ---
[2026-09-09 19:11:44] Pulling latest from Gitee...
[2026-09-09 19:11:44] git pull (Gitee): error: cannot pull with rebase: You have unstaged changes.
[2026-09-09 19:11:44] git pull (Gitee): error: Please commit or stash them.
[2026-09-09 19:11:44] WARNING: Gitee pull may have conflicts (exit code: 128)
[2026-09-09 19:11:44] Pushing to Gitee...
[2026-09-09 19:11:46] git push (Gitee): remote: Powered by [01;33mGITEE.COM [0m[1.1.23]        
[2026-09-09 19:11:46] git push (Gitee): remote: Set trace flag 4d45a19d        
[2026-09-09 19:11:46] git push (Gitee): To https://gitee.com/lsw0427/read-and-book-web.git
[2026-09-09 19:11:46] git push (Gitee):    d8017f4..5ea7742  main -> main
[2026-09-09 19:11:46] SUCCESS: Pushed to Gitee!
[2026-09-09 19:11:46] ===== Sync Complete =====
[2026-09-09 20:11:31] ===== Start Auto Push Check (Dual Platform) =====
[2026-09-09 20:11:31] Project path: C:\Users\LSWli\Documents\Codex\2026-08-29\qin
[2026-09-09 20:11:31] File changes detected, starting sync...
[2026-09-09 20:11:31] Changed files:
[2026-09-09 20:11:31]    M git-auto-push.log
[2026-09-09 20:11:31] All changes added to staging area
[2026-09-09 20:11:31] git commit: [main 005a3b0] Auto sync - 2026-09-09 20:11:31
[2026-09-09 20:11:31] git commit:  1 file changed, 29 insertions(+)
[2026-09-09 20:11:31] --- Pushing to GitHub ---
[2026-09-09 20:11:31] Pulling latest from GitHub...
[2026-09-09 20:11:31] git pull (GitHub): error: cannot pull with rebase: You have unstaged changes.
[2026-09-09 20:11:31] git pull (GitHub): error: Please commit or stash them.
[2026-09-09 20:11:31] WARNING: GitHub pull may have conflicts (exit code: 128)
[2026-09-09 20:11:31] Pushing to GitHub...
[2026-09-09 20:11:36] git push (GitHub): To https://github.com/lishiwen-ai/read-and-book-web.git
[2026-09-09 20:11:36] git push (GitHub):    5ea7742..005a3b0  main -> main
[2026-09-09 20:11:36] SUCCESS: Pushed to GitHub!
[2026-09-09 20:11:36] --- Pushing to Gitee ---
[2026-09-09 20:11:36] Pulling latest from Gitee...
[2026-09-09 20:11:36] git pull (Gitee): error: cannot pull with rebase: You have unstaged changes.
[2026-09-09 20:11:36] git pull (Gitee): error: Please commit or stash them.
[2026-09-09 20:11:36] WARNING: Gitee pull may have conflicts (exit code: 128)
[2026-09-09 20:11:36] Pushing to Gitee...
[2026-09-09 20:11:38] git push (Gitee): remote: Powered by [01;33mGITEE.COM [0m[1.1.23]        
[2026-09-09 20:11:38] git push (Gitee): remote: Set trace flag 1d4b17b3        
[2026-09-09 20:11:38] git push (Gitee): To https://gitee.com/lsw0427/read-and-book-web.git
[2026-09-09 20:11:38] git push (Gitee):    5ea7742..005a3b0  main -> main
[2026-09-09 20:11:38] SUCCESS: Pushed to Gitee!
[2026-09-09 20:11:38] ===== Sync Complete =====
[2026-09-09 20:21:51] ===== Start Auto Push Check (Dual Platform) =====
[2026-09-09 20:21:51] Project path: C:\Users\LSWli\Documents\Codex\2026-08-29\qin
[2026-09-09 20:21:51] File changes detected, starting sync...
[2026-09-09 20:21:51] Changed files:
[2026-09-09 20:21:51]    M git-auto-push.log
[2026-09-09 20:21:51] All changes added to staging area
[2026-09-09 20:21:52] git commit: [main 896e692] Auto sync - 2026-09-09 20:21:51
[2026-09-09 20:21:52] git commit:  1 file changed, 29 insertions(+)
[2026-09-09 20:21:52] --- Pushing to GitHub ---
[2026-09-09 20:21:52] Pulling latest from GitHub...
[2026-09-09 20:21:52] git pull (GitHub): error: cannot pull with rebase: You have unstaged changes.
[2026-09-09 20:21:52] git pull (GitHub): error: Please commit or stash them.
[2026-09-09 20:21:52] WARNING: GitHub pull may have conflicts (exit code: 128)
[2026-09-09 20:21:52] Pushing to GitHub...
[2026-09-09 20:21:55] git push (GitHub): To https://github.com/lishiwen-ai/read-and-book-web.git
[2026-09-09 20:21:55] git push (GitHub):    005a3b0..896e692  main -> main
[2026-09-09 20:21:55] SUCCESS: Pushed to GitHub!
[2026-09-09 20:21:55] --- Pushing to Gitee ---
[2026-09-09 20:21:55] Pulling latest from Gitee...
[2026-09-09 20:21:55] git pull (Gitee): error: cannot pull with rebase: You have unstaged changes.
[2026-09-09 20:21:55] git pull (Gitee): error: Please commit or stash them.
[2026-09-09 20:21:55] WARNING: Gitee pull may have conflicts (exit code: 128)
[2026-09-09 20:21:55] Pushing to Gitee...
[2026-09-09 20:21:57] git push (Gitee): remote: Powered by [01;33mGITEE.COM [0m[1.1.23]        
[2026-09-09 20:21:57] git push (Gitee): remote: Set trace flag f949be84        
[2026-09-09 20:21:57] git push (Gitee): To https://gitee.com/lsw0427/read-and-book-web.git
[2026-09-09 20:21:57] git push (Gitee):    005a3b0..896e692  main -> main
[2026-09-09 20:21:57] SUCCESS: Pushed to Gitee!
[2026-09-09 20:21:57] ===== Sync Complete =====
[2026-09-09 20:31:39] ===== Start Auto Push Check (Dual Platform) =====
[2026-09-09 20:31:39] Project path: C:\Users\LSWli\Documents\Codex\2026-08-29\qin
[2026-09-09 20:31:39] File changes detected, starting sync...
[2026-09-09 20:31:39] Changed files:
[2026-09-09 20:31:39]    M git-auto-push.log
[2026-09-09 20:31:39] All changes added to staging area
[2026-09-09 20:31:39] git commit: [main cd1c002] Auto sync - 2026-09-09 20:31:39
[2026-09-09 20:31:39] git commit:  1 file changed, 29 insertions(+)
[2026-09-09 20:31:39] --- Pushing to GitHub ---
[2026-09-09 20:31:39] Pulling latest from GitHub...
[2026-09-09 20:31:39] git pull (GitHub): error: cannot pull with rebase: You have unstaged changes.
[2026-09-09 20:31:39] git pull (GitHub): error: Please commit or stash them.
[2026-09-09 20:31:39] WARNING: GitHub pull may have conflicts (exit code: 128)
[2026-09-09 20:31:39] Pushing to GitHub...
[2026-09-09 20:31:44] git push (GitHub): To https://github.com/lishiwen-ai/read-and-book-web.git
[2026-09-09 20:31:44] git push (GitHub):    896e692..cd1c002  main -> main
[2026-09-09 20:31:44] SUCCESS: Pushed to GitHub!
[2026-09-09 20:31:44] --- Pushing to Gitee ---
[2026-09-09 20:31:44] Pulling latest from Gitee...
[2026-09-09 20:31:44] git pull (Gitee): error: cannot pull with rebase: You have unstaged changes.
[2026-09-09 20:31:44] git pull (Gitee): error: Please commit or stash them.
[2026-09-09 20:31:44] WARNING: Gitee pull may have conflicts (exit code: 128)
[2026-09-09 20:31:44] Pushing to Gitee...
[2026-09-09 20:31:46] git push (Gitee): remote: Powered by [01;33mGITEE.COM [0m[1.1.23]        
[2026-09-09 20:31:46] git push (Gitee): remote: Set trace flag 834375ac        
[2026-09-09 20:31:46] git push (Gitee): To https://gitee.com/lsw0427/read-and-book-web.git
[2026-09-09 20:31:46] git push (Gitee):    896e692..cd1c002  main -> main
[2026-09-09 20:31:46] SUCCESS: Pushed to Gitee!
[2026-09-09 20:31:46] ===== Sync Complete =====
[2026-09-09 20:41:35] ===== Start Auto Push Check (Dual Platform) =====
[2026-09-09 20:41:35] Project path: C:\Users\LSWli\Documents\Codex\2026-08-29\qin
[2026-09-09 20:41:36] File changes detected, starting sync...
[2026-09-09 20:41:36] Changed files:
[2026-09-09 20:41:36]    M git-auto-push.log
[2026-09-09 20:41:36] All changes added to staging area
[2026-09-09 20:41:36] git commit: [main 0f8f0f6] Auto sync - 2026-09-09 20:41:36
[2026-09-09 20:41:36] git commit:  1 file changed, 29 insertions(+)
[2026-09-09 20:41:36] --- Pushing to GitHub ---
[2026-09-09 20:41:36] Pulling latest from GitHub...
[2026-09-09 20:41:36] git pull (GitHub): error: cannot pull with rebase: You have unstaged changes.
[2026-09-09 20:41:36] git pull (GitHub): error: Please commit or stash them.
[2026-09-09 20:41:36] WARNING: GitHub pull may have conflicts (exit code: 128)
[2026-09-09 20:41:36] Pushing to GitHub...
[2026-09-09 20:43:07] git push (GitHub): fatal: unable to access 'https://github.com/lishiwen-ai/read-and-book-web.git/': OpenSSL SSL_read: OpenSSL/3.5.7: error:0A000126:SSL routines::unexpected eof while reading, errno 0
[2026-09-09 20:43:07] FAILED: GitHub push failed (exit code: 128)
[2026-09-09 20:43:07] --- Pushing to Gitee ---
[2026-09-09 20:43:08] Pulling latest from Gitee...
[2026-09-09 20:43:08] git pull (Gitee): error: cannot pull with rebase: You have unstaged changes.
[2026-09-09 20:43:08] git pull (Gitee): error: Please commit or stash them.
[2026-09-09 20:43:08] WARNING: Gitee pull may have conflicts (exit code: 128)
[2026-09-09 20:43:08] Pushing to Gitee...
[2026-09-09 20:43:10] git push (Gitee): remote: Powered by [01;33mGITEE.COM [0m[1.1.23]        
[2026-09-09 20:43:10] git push (Gitee): remote: Set trace flag 4245a88c        
[2026-09-09 20:43:10] git push (Gitee): To https://gitee.com/lsw0427/read-and-book-web.git
[2026-09-09 20:43:10] git push (Gitee):    cd1c002..0f8f0f6  main -> main
[2026-09-09 20:43:10] SUCCESS: Pushed to Gitee!
[2026-09-09 20:43:10] ===== Sync Complete =====
[2026-09-09 20:51:35] ===== Start Auto Push Check (Dual Platform) =====
[2026-09-09 20:51:35] Project path: C:\Users\LSWli\Documents\Codex\2026-08-29\qin
[2026-09-09 20:51:35] File changes detected, starting sync...
[2026-09-09 20:51:35] Changed files:
[2026-09-09 20:51:35]    M git-auto-push.log
[2026-09-09 20:51:36] All changes added to staging area
[2026-09-09 20:51:36] git commit: [main 70a96b4] Auto sync - 2026-09-09 20:51:36
[2026-09-09 20:51:36] git commit:  1 file changed, 28 insertions(+)
[2026-09-09 20:51:36] --- Pushing to GitHub ---
[2026-09-09 20:51:36] Pulling latest from GitHub...
[2026-09-09 20:51:36] git pull (GitHub): error: cannot pull with rebase: You have unstaged changes.
[2026-09-09 20:51:36] git pull (GitHub): error: Please commit or stash them.
[2026-09-09 20:51:36] WARNING: GitHub pull may have conflicts (exit code: 128)
[2026-09-09 20:51:36] Pushing to GitHub...
[2026-09-09 20:51:41] git push (GitHub): To https://github.com/lishiwen-ai/read-and-book-web.git
[2026-09-09 20:51:41] git push (GitHub):    cd1c002..70a96b4  main -> main
[2026-09-09 20:51:41] SUCCESS: Pushed to GitHub!
[2026-09-09 20:51:41] --- Pushing to Gitee ---
[2026-09-09 20:51:41] Pulling latest from Gitee...
[2026-09-09 20:51:41] git pull (Gitee): error: cannot pull with rebase: You have unstaged changes.
[2026-09-09 20:51:41] git pull (Gitee): error: Please commit or stash them.
[2026-09-09 20:51:41] WARNING: Gitee pull may have conflicts (exit code: 128)
[2026-09-09 20:51:41] Pushing to Gitee...
[2026-09-09 20:51:43] git push (Gitee): remote: Powered by [01;33mGITEE.COM [0m[1.1.23]        
[2026-09-09 20:51:43] git push (Gitee): remote: Set trace flag 674c28b5        
[2026-09-09 20:51:43] git push (Gitee): To https://gitee.com/lsw0427/read-and-book-web.git
[2026-09-09 20:51:43] git push (Gitee):    0f8f0f6..70a96b4  main -> main
[2026-09-09 20:51:43] SUCCESS: Pushed to Gitee!
[2026-09-09 20:51:43] ===== Sync Complete =====
[2026-09-09 21:01:51] ===== Start Auto Push Check (Dual Platform) =====
[2026-09-09 21:01:51] Project path: C:\Users\LSWli\Documents\Codex\2026-08-29\qin
[2026-09-09 21:01:51] File changes detected, starting sync...
[2026-09-09 21:01:51] Changed files:
[2026-09-09 21:01:51]    M git-auto-push.log
[2026-09-09 21:01:51] All changes added to staging area
[2026-09-09 21:01:51] git commit: [main d7f6f34] Auto sync - 2026-09-09 21:01:51
[2026-09-09 21:01:51] git commit:  1 file changed, 29 insertions(+)
[2026-09-09 21:01:51] --- Pushing to GitHub ---
[2026-09-09 21:01:51] Pulling latest from GitHub...
[2026-09-09 21:01:51] git pull (GitHub): error: cannot pull with rebase: You have unstaged changes.
[2026-09-09 21:01:51] git pull (GitHub): error: Please commit or stash them.
[2026-09-09 21:01:51] WARNING: GitHub pull may have conflicts (exit code: 128)
[2026-09-09 21:01:51] Pushing to GitHub...
[2026-09-09 21:02:11] git push (GitHub): fatal: unable to access 'https://github.com/lishiwen-ai/read-and-book-web.git/': Recv failure: Connection was reset
[2026-09-09 21:02:11] FAILED: GitHub push failed (exit code: 128)
[2026-09-09 21:02:11] --- Pushing to Gitee ---
[2026-09-09 21:02:11] Pulling latest from Gitee...
[2026-09-09 21:02:11] git pull (Gitee): error: cannot pull with rebase: You have unstaged changes.
[2026-09-09 21:02:11] git pull (Gitee): error: Please commit or stash them.
[2026-09-09 21:02:11] WARNING: Gitee pull may have conflicts (exit code: 128)
[2026-09-09 21:02:11] Pushing to Gitee...
[2026-09-09 21:02:13] git push (Gitee): remote: Powered by [01;33mGITEE.COM [0m[1.1.23]        
[2026-09-09 21:02:13] git push (Gitee): remote: Set trace flag d24f6f96        
[2026-09-09 21:02:13] git push (Gitee): To https://gitee.com/lsw0427/read-and-book-web.git
[2026-09-09 21:02:13] git push (Gitee):    70a96b4..d7f6f34  main -> main
[2026-09-09 21:02:13] SUCCESS: Pushed to Gitee!
[2026-09-09 21:02:13] ===== Sync Complete =====
[2026-09-09 21:11:37] ===== Start Auto Push Check (Dual Platform) =====
[2026-09-09 21:11:37] Project path: C:\Users\LSWli\Documents\Codex\2026-08-29\qin
[2026-09-09 21:11:38] File changes detected, starting sync...
[2026-09-09 21:11:38] Changed files:
[2026-09-09 21:11:38]    M git-auto-push.log
[2026-09-09 21:11:38] All changes added to staging area
[2026-09-09 21:11:38] git commit: [main e58cc35] Auto sync - 2026-09-09 21:11:38
[2026-09-09 21:11:38] git commit:  1 file changed, 28 insertions(+)
[2026-09-09 21:11:38] --- Pushing to GitHub ---
[2026-09-09 21:11:38] Pulling latest from GitHub...
[2026-09-09 21:11:38] git pull (GitHub): error: cannot pull with rebase: You have unstaged changes.
[2026-09-09 21:11:38] git pull (GitHub): error: Please commit or stash them.
[2026-09-09 21:11:38] WARNING: GitHub pull may have conflicts (exit code: 128)
[2026-09-09 21:11:38] Pushing to GitHub...
[2026-09-09 21:11:43] git push (GitHub): To https://github.com/lishiwen-ai/read-and-book-web.git
[2026-09-09 21:11:43] git push (GitHub):    70a96b4..e58cc35  main -> main
[2026-09-09 21:11:43] SUCCESS: Pushed to GitHub!
[2026-09-09 21:11:43] --- Pushing to Gitee ---
[2026-09-09 21:11:43] Pulling latest from Gitee...
[2026-09-09 21:11:43] git pull (Gitee): error: cannot pull with rebase: You have unstaged changes.
[2026-09-09 21:11:43] git pull (Gitee): error: Please commit or stash them.
[2026-09-09 21:11:43] WARNING: Gitee pull may have conflicts (exit code: 128)
[2026-09-09 21:11:43] Pushing to Gitee...
[2026-09-09 21:11:45] git push (Gitee): remote: Powered by [01;33mGITEE.COM [0m[1.1.23]        
[2026-09-09 21:11:45] git push (Gitee): remote: Set trace flag c042eeb2        
[2026-09-09 21:11:45] git push (Gitee): To https://gitee.com/lsw0427/read-and-book-web.git
[2026-09-09 21:11:45] git push (Gitee):    d7f6f34..e58cc35  main -> main
[2026-09-09 21:11:45] SUCCESS: Pushed to Gitee!
[2026-09-09 21:11:45] ===== Sync Complete =====
[2026-09-09 21:21:34] ===== Start Auto Push Check (Dual Platform) =====
[2026-09-09 21:21:34] Project path: C:\Users\LSWli\Documents\Codex\2026-08-29\qin
[2026-09-09 21:21:35] File changes detected, starting sync...
[2026-09-09 21:21:35] Changed files:
[2026-09-09 21:21:35]    M git-auto-push.log
[2026-09-09 21:21:35] All changes added to staging area
[2026-09-09 21:21:35] git commit: [main aa4442f] Auto sync - 2026-09-09 21:21:35
[2026-09-09 21:21:35] git commit:  1 file changed, 29 insertions(+)
[2026-09-09 21:21:35] --- Pushing to GitHub ---
[2026-09-09 21:21:35] Pulling latest from GitHub...
[2026-09-09 21:21:35] git pull (GitHub): error: cannot pull with rebase: You have unstaged changes.
[2026-09-09 21:21:35] git pull (GitHub): error: Please commit or stash them.
[2026-09-09 21:21:35] WARNING: GitHub pull may have conflicts (exit code: 128)
[2026-09-09 21:21:35] Pushing to GitHub...
[2026-09-09 21:21:39] git push (GitHub): To https://github.com/lishiwen-ai/read-and-book-web.git
[2026-09-09 21:21:39] git push (GitHub):    e58cc35..aa4442f  main -> main
[2026-09-09 21:21:39] SUCCESS: Pushed to GitHub!
[2026-09-09 21:21:39] --- Pushing to Gitee ---
[2026-09-09 21:21:39] Pulling latest from Gitee...
[2026-09-09 21:21:39] git pull (Gitee): error: cannot pull with rebase: You have unstaged changes.
[2026-09-09 21:21:39] git pull (Gitee): error: Please commit or stash them.
[2026-09-09 21:21:39] WARNING: Gitee pull may have conflicts (exit code: 128)
[2026-09-09 21:21:39] Pushing to Gitee...
[2026-09-09 21:21:41] git push (Gitee): remote: Powered by [01;33mGITEE.COM [0m[1.1.23]        
[2026-09-09 21:21:41] git push (Gitee): remote: Set trace flag 094dc193        
[2026-09-09 21:21:41] git push (Gitee): To https://gitee.com/lsw0427/read-and-book-web.git
[2026-09-09 21:21:41] git push (Gitee):    e58cc35..aa4442f  main -> main
[2026-09-09 21:21:41] SUCCESS: Pushed to Gitee!
[2026-09-09 21:21:41] ===== Sync Complete =====
[2026-09-09 21:31:39] ===== Start Auto Push Check (Dual Platform) =====
[2026-09-09 21:31:39] Project path: C:\Users\LSWli\Documents\Codex\2026-08-29\qin
[2026-09-09 21:31:39] File changes detected, starting sync...
[2026-09-09 21:31:39] Changed files:
[2026-09-09 21:31:39]    M git-auto-push.log
[2026-09-09 21:31:39] All changes added to staging area
[2026-09-09 21:31:39] git commit: [main 061d19d] Auto sync - 2026-09-09 21:31:39
[2026-09-09 21:31:39] git commit:  1 file changed, 29 insertions(+)
[2026-09-09 21:31:39] --- Pushing to GitHub ---
[2026-09-09 21:31:40] Pulling latest from GitHub...
[2026-09-09 21:31:40] git pull (GitHub): error: cannot pull with rebase: You have unstaged changes.
[2026-09-09 21:31:40] git pull (GitHub): error: Please commit or stash them.
[2026-09-09 21:31:40] WARNING: GitHub pull may have conflicts (exit code: 128)
[2026-09-09 21:31:40] Pushing to GitHub...
[2026-09-09 21:31:44] git push (GitHub): To https://github.com/lishiwen-ai/read-and-book-web.git
[2026-09-09 21:31:44] git push (GitHub):    aa4442f..061d19d  main -> main
[2026-09-09 21:31:44] SUCCESS: Pushed to GitHub!
[2026-09-09 21:31:44] --- Pushing to Gitee ---
[2026-09-09 21:31:44] Pulling latest from Gitee...
[2026-09-09 21:31:44] git pull (Gitee): error: cannot pull with rebase: You have unstaged changes.
[2026-09-09 21:31:44] git pull (Gitee): error: Please commit or stash them.
[2026-09-09 21:31:44] WARNING: Gitee pull may have conflicts (exit code: 128)
[2026-09-09 21:31:44] Pushing to Gitee...
[2026-09-09 21:31:46] git push (Gitee): remote: Powered by [01;33mGITEE.COM [0m[1.1.23]        
[2026-09-09 21:31:46] git push (Gitee): remote: Set trace flag 8848e194        
[2026-09-09 21:31:46] git push (Gitee): To https://gitee.com/lsw0427/read-and-book-web.git
[2026-09-09 21:31:46] git push (Gitee):    aa4442f..061d19d  main -> main
[2026-09-09 21:31:46] SUCCESS: Pushed to Gitee!
[2026-09-09 21:31:46] ===== Sync Complete =====
[2026-09-09 21:41:36] ===== Start Auto Push Check (Dual Platform) =====
[2026-09-09 21:41:36] Project path: C:\Users\LSWli\Documents\Codex\2026-08-29\qin
[2026-09-09 21:41:36] File changes detected, starting sync...
[2026-09-09 21:41:36] Changed files:
[2026-09-09 21:41:36]    M git-auto-push.log
[2026-09-09 21:41:36] All changes added to staging area
[2026-09-09 21:41:36] git commit: [main 2bdff41] Auto sync - 2026-09-09 21:41:36
[2026-09-09 21:41:36] git commit:  1 file changed, 29 insertions(+)
[2026-09-09 21:41:36] --- Pushing to GitHub ---
[2026-09-09 21:41:36] Pulling latest from GitHub...
[2026-09-09 21:41:36] git pull (GitHub): error: cannot pull with rebase: You have unstaged changes.
[2026-09-09 21:41:36] git pull (GitHub): error: Please commit or stash them.
[2026-09-09 21:41:36] WARNING: GitHub pull may have conflicts (exit code: 128)
[2026-09-09 21:41:36] Pushing to GitHub...
[2026-09-09 21:41:41] git push (GitHub): To https://github.com/lishiwen-ai/read-and-book-web.git
[2026-09-09 21:41:41] git push (GitHub):    061d19d..2bdff41  main -> main
[2026-09-09 21:41:41] SUCCESS: Pushed to GitHub!
[2026-09-09 21:41:41] --- Pushing to Gitee ---
[2026-09-09 21:41:41] Pulling latest from Gitee...
[2026-09-09 21:41:41] git pull (Gitee): error: cannot pull with rebase: You have unstaged changes.
[2026-09-09 21:41:41] git pull (Gitee): error: Please commit or stash them.
[2026-09-09 21:41:41] WARNING: Gitee pull may have conflicts (exit code: 128)
[2026-09-09 21:41:41] Pushing to Gitee...
[2026-09-09 21:41:43] git push (Gitee): remote: Powered by [01;33mGITEE.COM [0m[1.1.23]        
[2026-09-09 21:41:43] git push (Gitee): remote: Set trace flag 374972bb        
[2026-09-09 21:41:43] git push (Gitee): To https://gitee.com/lsw0427/read-and-book-web.git
[2026-09-09 21:41:43] git push (Gitee):    061d19d..2bdff41  main -> main
[2026-09-09 21:41:43] SUCCESS: Pushed to Gitee!
[2026-09-09 21:41:43] ===== Sync Complete =====
[2026-09-09 21:51:48] ===== Start Auto Push Check (Dual Platform) =====
[2026-09-09 21:51:48] Project path: C:\Users\LSWli\Documents\Codex\2026-08-29\qin
[2026-09-09 21:51:48] File changes detected, starting sync...
[2026-09-09 21:51:48] Changed files:
[2026-09-09 21:51:48]    M git-auto-push.log
[2026-09-09 21:51:48] All changes added to staging area
[2026-09-09 21:51:48] git commit: [main 77d1065] Auto sync - 2026-09-09 21:51:48
[2026-09-09 21:51:48] git commit:  1 file changed, 29 insertions(+)
[2026-09-09 21:51:48] --- Pushing to GitHub ---
[2026-09-09 21:51:48] Pulling latest from GitHub...
[2026-09-09 21:51:48] git pull (GitHub): error: cannot pull with rebase: You have unstaged changes.
[2026-09-09 21:51:48] git pull (GitHub): error: Please commit or stash them.
[2026-09-09 21:51:48] WARNING: GitHub pull may have conflicts (exit code: 128)
[2026-09-09 21:51:48] Pushing to GitHub...
[2026-09-09 21:51:55] git push (GitHub): To https://github.com/lishiwen-ai/read-and-book-web.git
[2026-09-09 21:51:55] git push (GitHub):    2bdff41..77d1065  main -> main
[2026-09-09 21:51:55] SUCCESS: Pushed to GitHub!
[2026-09-09 21:51:55] --- Pushing to Gitee ---
[2026-09-09 21:51:55] Pulling latest from Gitee...
[2026-09-09 21:51:55] git pull (Gitee): error: cannot pull with rebase: You have unstaged changes.
[2026-09-09 21:51:55] git pull (Gitee): error: Please commit or stash them.
[2026-09-09 21:51:55] WARNING: Gitee pull may have conflicts (exit code: 128)
[2026-09-09 21:51:55] Pushing to Gitee...
[2026-09-09 21:51:57] git push (Gitee): remote: Powered by [01;33mGITEE.COM [0m[1.1.23]        
[2026-09-09 21:51:57] git push (Gitee): remote: Set trace flag 5746a6bf        
[2026-09-09 21:51:57] git push (Gitee): To https://gitee.com/lsw0427/read-and-book-web.git
[2026-09-09 21:51:57] git push (Gitee):    2bdff41..77d1065  main -> main
[2026-09-09 21:51:57] SUCCESS: Pushed to Gitee!
[2026-09-09 21:51:57] ===== Sync Complete =====
[2026-09-09 22:31:33] ===== Start Auto Push Check (Dual Platform) =====
[2026-09-09 22:31:33] Project path: C:\Users\LSWli\Documents\Codex\2026-08-29\qin
[2026-09-09 22:31:33] File changes detected, starting sync...
[2026-09-09 22:31:33] Changed files:
[2026-09-09 22:31:33]    M git-auto-push.log
[2026-09-09 22:31:33] All changes added to staging area
[2026-09-09 22:31:33] git commit: [main 6d9a1a8] Auto sync - 2026-09-09 22:31:33
[2026-09-09 22:31:33] git commit:  1 file changed, 29 insertions(+)
[2026-09-09 22:31:33] --- Pushing to GitHub ---
[2026-09-09 22:31:34] Pulling latest from GitHub...
[2026-09-09 22:31:34] git pull (GitHub): error: cannot pull with rebase: You have unstaged changes.
[2026-09-09 22:31:34] git pull (GitHub): error: Please commit or stash them.
[2026-09-09 22:31:34] WARNING: GitHub pull may have conflicts (exit code: 128)
[2026-09-09 22:31:34] Pushing to GitHub...
[2026-09-09 22:33:05] git push (GitHub): fatal: unable to access 'https://github.com/lishiwen-ai/read-and-book-web.git/': OpenSSL SSL_read: OpenSSL/3.5.7: error:0A000126:SSL routines::unexpected eof while reading, errno 0
[2026-09-09 22:33:05] FAILED: GitHub push failed (exit code: 128)
[2026-09-09 22:33:05] --- Pushing to Gitee ---
[2026-09-09 22:33:05] Pulling latest from Gitee...
[2026-09-09 22:33:06] git pull (Gitee): error: cannot pull with rebase: You have unstaged changes.
[2026-09-09 22:33:06] git pull (Gitee): error: Please commit or stash them.
[2026-09-09 22:33:06] WARNING: Gitee pull may have conflicts (exit code: 128)
[2026-09-09 22:33:06] Pushing to Gitee...
[2026-09-09 22:33:08] git push (Gitee): remote: Powered by [01;33mGITEE.COM [0m[1.1.23]        
[2026-09-09 22:33:08] git push (Gitee): remote: Set trace flag 06405b94        
[2026-09-09 22:33:08] git push (Gitee): To https://gitee.com/lsw0427/read-and-book-web.git
[2026-09-09 22:33:08] git push (Gitee):    77d1065..6d9a1a8  main -> main
[2026-09-09 22:33:08] SUCCESS: Pushed to Gitee!
[2026-09-09 22:33:08] ===== Sync Complete =====
[2026-09-09 22:41:55] ===== Start Auto Push Check (Dual Platform) =====
[2026-09-09 22:41:55] Project path: C:\Users\LSWli\Documents\Codex\2026-08-29\qin
[2026-09-09 22:41:55] File changes detected, starting sync...
[2026-09-09 22:41:55] Changed files:
[2026-09-09 22:41:55]    M git-auto-push.log
[2026-09-09 22:41:55] All changes added to staging area
[2026-09-09 22:41:56] git commit: [main c8c55b4] Auto sync - 2026-09-09 22:41:55
[2026-09-09 22:41:56] git commit:  1 file changed, 28 insertions(+)
[2026-09-09 22:41:56] --- Pushing to GitHub ---
[2026-09-09 22:41:56] Pulling latest from GitHub...
[2026-09-09 22:41:56] git pull (GitHub): error: cannot pull with rebase: You have unstaged changes.
[2026-09-09 22:41:56] git pull (GitHub): error: Please commit or stash them.
[2026-09-09 22:41:56] WARNING: GitHub pull may have conflicts (exit code: 128)
[2026-09-09 22:41:56] Pushing to GitHub...
[2026-09-09 22:42:01] git push (GitHub): To https://github.com/lishiwen-ai/read-and-book-web.git
[2026-09-09 22:42:01] git push (GitHub):    77d1065..c8c55b4  main -> main
[2026-09-09 22:42:01] SUCCESS: Pushed to GitHub!
[2026-09-09 22:42:01] --- Pushing to Gitee ---
[2026-09-09 22:42:01] Pulling latest from Gitee...
[2026-09-09 22:42:02] git pull (Gitee): error: cannot pull with rebase: You have unstaged changes.
[2026-09-09 22:42:02] git pull (Gitee): error: Please commit or stash them.
[2026-09-09 22:42:02] WARNING: Gitee pull may have conflicts (exit code: 128)
[2026-09-09 22:42:02] Pushing to Gitee...
[2026-09-09 22:42:05] git push (Gitee): remote: Powered by [01;33mGITEE.COM [0m[1.1.23]        
[2026-09-09 22:42:05] git push (Gitee): remote: Set trace flag e443baae        
[2026-09-09 22:42:05] git push (Gitee): To https://gitee.com/lsw0427/read-and-book-web.git
[2026-09-09 22:42:05] git push (Gitee):    6d9a1a8..c8c55b4  main -> main
[2026-09-09 22:42:05] SUCCESS: Pushed to Gitee!
[2026-09-09 22:42:05] ===== Sync Complete =====
[2026-09-09 22:51:35] ===== Start Auto Push Check (Dual Platform) =====
[2026-09-09 22:51:35] Project path: C:\Users\LSWli\Documents\Codex\2026-08-29\qin
[2026-09-09 22:51:35] File changes detected, starting sync...
[2026-09-09 22:51:35] Changed files:
[2026-09-09 22:51:35]    M git-auto-push.log
[2026-09-09 22:51:35] All changes added to staging area
[2026-09-09 22:51:35] git commit: [main 5b3dd44] Auto sync - 2026-09-09 22:51:35
[2026-09-09 22:51:35] git commit:  1 file changed, 29 insertions(+)
[2026-09-09 22:51:35] --- Pushing to GitHub ---
[2026-09-09 22:51:36] Pulling latest from GitHub...
[2026-09-09 22:51:36] git pull (GitHub): error: cannot pull with rebase: You have unstaged changes.
[2026-09-09 22:51:36] git pull (GitHub): error: Please commit or stash them.
[2026-09-09 22:51:36] WARNING: GitHub pull may have conflicts (exit code: 128)
[2026-09-09 22:51:36] Pushing to GitHub...
[2026-09-09 22:51:41] git push (GitHub): To https://github.com/lishiwen-ai/read-and-book-web.git
[2026-09-09 22:51:41] git push (GitHub):    c8c55b4..5b3dd44  main -> main
[2026-09-09 22:51:41] SUCCESS: Pushed to GitHub!
[2026-09-09 22:51:41] --- Pushing to Gitee ---
[2026-09-09 22:51:41] Pulling latest from Gitee...
[2026-09-09 22:51:41] git pull (Gitee): error: cannot pull with rebase: You have unstaged changes.
[2026-09-09 22:51:41] git pull (Gitee): error: Please commit or stash them.
[2026-09-09 22:51:41] WARNING: Gitee pull may have conflicts (exit code: 128)
[2026-09-09 22:51:41] Pushing to Gitee...
[2026-09-09 22:51:44] git push (Gitee): remote: Powered by [01;33mGITEE.COM [0m[1.1.23]        
[2026-09-09 22:51:44] git push (Gitee): remote: Set trace flag 4b4ceda5        
[2026-09-09 22:51:44] git push (Gitee): To https://gitee.com/lsw0427/read-and-book-web.git
[2026-09-09 22:51:44] git push (Gitee):    c8c55b4..5b3dd44  main -> main
[2026-09-09 22:51:44] SUCCESS: Pushed to Gitee!
[2026-09-09 22:51:44] ===== Sync Complete =====
[2026-09-11 16:10:18] ===== Start Auto Push Check (Dual Platform) =====
[2026-09-11 16:10:18] Project path: C:\Users\LSWli\Documents\Codex\2026-08-29\qin
[2026-09-11 16:10:19] File changes detected, starting sync...
[2026-09-11 16:10:19] Changed files:
[2026-09-11 16:10:19]    M git-auto-push.log
[2026-09-11 16:10:19] All changes added to staging area
[2026-09-11 16:10:21] git commit: [main e3b10a5] Auto sync - 2026-09-11 16:10:19
[2026-09-11 16:10:21] git commit:  1 file changed, 29 insertions(+)
[2026-09-11 16:10:21] --- Pushing to GitHub ---
[2026-09-11 16:10:21] Pulling latest from GitHub...
[2026-09-11 16:10:21] git pull (GitHub): error: cannot pull with rebase: You have unstaged changes.
[2026-09-11 16:10:21] git pull (GitHub): error: Please commit or stash them.
[2026-09-11 16:10:21] WARNING: GitHub pull may have conflicts (exit code: 128)
[2026-09-11 16:10:21] Pushing to GitHub...
[2026-09-11 16:10:27] git push (GitHub): To https://github.com/lishiwen-ai/read-and-book-web.git
[2026-09-11 16:10:27] git push (GitHub):    5b3dd44..e3b10a5  main -> main
[2026-09-11 16:10:27] SUCCESS: Pushed to GitHub!
[2026-09-11 16:10:27] --- Pushing to Gitee ---
[2026-09-11 16:10:27] Pulling latest from Gitee...
[2026-09-11 16:10:27] git pull (Gitee): error: cannot pull with rebase: You have unstaged changes.
[2026-09-11 16:10:27] git pull (Gitee): error: Please commit or stash them.
[2026-09-11 16:10:27] WARNING: Gitee pull may have conflicts (exit code: 128)
[2026-09-11 16:10:27] Pushing to Gitee...
[2026-09-11 16:10:31] git push (Gitee): remote: Powered by [01;33mGITEE.COM [0m[1.1.23]        
[2026-09-11 16:10:31] git push (Gitee): remote: Set trace flag 484fb181        
[2026-09-11 16:10:31] git push (Gitee): To https://gitee.com/lsw0427/read-and-book-web.git
[2026-09-11 16:10:31] git push (Gitee):    5b3dd44..e3b10a5  main -> main
[2026-09-11 16:10:31] SUCCESS: Pushed to Gitee!
[2026-09-11 16:10:31] ===== Sync Complete =====
[2026-09-11 16:21:23] ===== Start Auto Push Check (Dual Platform) =====
[2026-09-11 16:21:23] Project path: C:\Users\LSWli\Documents\Codex\2026-08-29\qin
[2026-09-11 16:21:24] File changes detected, starting sync...
[2026-09-11 16:21:24] Changed files:
[2026-09-11 16:21:24]    M git-auto-push.log
[2026-09-11 16:21:24] All changes added to staging area
[2026-09-11 16:21:24] git commit: [main dd57408] Auto sync - 2026-09-11 16:21:24
[2026-09-11 16:21:24] git commit:  1 file changed, 29 insertions(+)
[2026-09-11 16:21:24] --- Pushing to GitHub ---
[2026-09-11 16:21:25] Pulling latest from GitHub...
[2026-09-11 16:21:25] git pull (GitHub): error: cannot pull with rebase: You have unstaged changes.
[2026-09-11 16:21:25] git pull (GitHub): error: Please commit or stash them.
[2026-09-11 16:21:25] WARNING: GitHub pull may have conflicts (exit code: 128)
[2026-09-11 16:21:25] Pushing to GitHub...
[2026-09-11 16:21:31] git push (GitHub): To https://github.com/lishiwen-ai/read-and-book-web.git
[2026-09-11 16:21:31] git push (GitHub):    e3b10a5..dd57408  main -> main
[2026-09-11 16:21:31] SUCCESS: Pushed to GitHub!
[2026-09-11 16:21:31] --- Pushing to Gitee ---
[2026-09-11 16:21:31] Pulling latest from Gitee...
[2026-09-11 16:21:31] git pull (Gitee): error: cannot pull with rebase: You have unstaged changes.
[2026-09-11 16:21:31] git pull (Gitee): error: Please commit or stash them.
[2026-09-11 16:21:31] WARNING: Gitee pull may have conflicts (exit code: 128)
[2026-09-11 16:21:31] Pushing to Gitee...
[2026-09-11 16:21:33] git push (Gitee): remote: Powered by [01;33mGITEE.COM [0m[1.1.23]        
[2026-09-11 16:21:33] git push (Gitee): remote: Set trace flag b648e3b6        
[2026-09-11 16:21:33] git push (Gitee): To https://gitee.com/lsw0427/read-and-book-web.git
[2026-09-11 16:21:33] git push (Gitee):    e3b10a5..dd57408  main -> main
[2026-09-11 16:21:33] SUCCESS: Pushed to Gitee!
[2026-09-11 16:21:33] ===== Sync Complete =====
[2026-09-12 11:01:40] ===== Start Auto Push Check (Dual Platform) =====
[2026-09-12 11:01:40] Project path: C:\Users\LSWli\Documents\Codex\2026-08-29\qin
[2026-09-12 11:01:41] File changes detected, starting sync...
[2026-09-12 11:01:41] Changed files:
[2026-09-12 11:01:41]    M git-auto-push.log
[2026-09-12 11:01:41] All changes added to staging area
[2026-09-12 11:01:41] git commit: [main f124508] Auto sync - 2026-09-12 11:01:41
[2026-09-12 11:01:41] git commit:  1 file changed, 29 insertions(+)
[2026-09-12 11:01:41] --- Pushing to GitHub ---
[2026-09-12 11:01:41] Pulling latest from GitHub...
[2026-09-12 11:01:41] git pull (GitHub): error: cannot pull with rebase: You have unstaged changes.
[2026-09-12 11:01:41] git pull (GitHub): error: Please commit or stash them.
[2026-09-12 11:01:41] WARNING: GitHub pull may have conflicts (exit code: 128)
[2026-09-12 11:01:41] Pushing to GitHub...
[2026-09-12 11:01:47] git push (GitHub): To https://github.com/lishiwen-ai/read-and-book-web.git
[2026-09-12 11:01:47] git push (GitHub):    dd57408..f124508  main -> main
[2026-09-12 11:01:47] SUCCESS: Pushed to GitHub!
[2026-09-12 11:01:47] --- Pushing to Gitee ---
[2026-09-12 11:01:47] Pulling latest from Gitee...
[2026-09-12 11:01:47] git pull (Gitee): error: cannot pull with rebase: You have unstaged changes.
[2026-09-12 11:01:47] git pull (Gitee): error: Please commit or stash them.
[2026-09-12 11:01:47] WARNING: Gitee pull may have conflicts (exit code: 128)
[2026-09-12 11:01:47] Pushing to Gitee...
[2026-09-12 11:01:51] git push (Gitee): remote: Powered by [01;33mGITEE.COM [0m[1.1.23]        
[2026-09-12 11:01:51] git push (Gitee): remote: Set trace flag 1b4104a9        
[2026-09-12 11:01:51] git push (Gitee): To https://gitee.com/lsw0427/read-and-book-web.git
[2026-09-12 11:01:51] git push (Gitee):    dd57408..f124508  main -> main
[2026-09-12 11:01:51] SUCCESS: Pushed to Gitee!
[2026-09-12 11:01:51] ===== Sync Complete =====
[2026-09-12 11:11:51] ===== Start Auto Push Check (Dual Platform) =====
[2026-09-12 11:11:51] Project path: C:\Users\LSWli\Documents\Codex\2026-08-29\qin
[2026-09-12 11:11:51] File changes detected, starting sync...
[2026-09-12 11:11:51] Changed files:
[2026-09-12 11:11:51]    M git-auto-push.log
[2026-09-12 11:11:51] All changes added to staging area
[2026-09-12 11:11:51] git commit: [main a43814a] Auto sync - 2026-09-12 11:11:51
[2026-09-12 11:11:51] git commit:  1 file changed, 29 insertions(+)
[2026-09-12 11:11:51] --- Pushing to GitHub ---
[2026-09-12 11:11:51] Pulling latest from GitHub...
[2026-09-12 11:11:51] git pull (GitHub): error: cannot pull with rebase: You have unstaged changes.
[2026-09-12 11:11:51] git pull (GitHub): error: Please commit or stash them.
[2026-09-12 11:11:51] WARNING: GitHub pull may have conflicts (exit code: 128)
[2026-09-12 11:11:51] Pushing to GitHub...
[2026-09-12 11:11:56] git push (GitHub): To https://github.com/lishiwen-ai/read-and-book-web.git
[2026-09-12 11:11:56] git push (GitHub):    f124508..a43814a  main -> main
[2026-09-12 11:11:56] SUCCESS: Pushed to GitHub!
[2026-09-12 11:11:56] --- Pushing to Gitee ---
[2026-09-12 11:11:56] Pulling latest from Gitee...
[2026-09-12 11:11:56] git pull (Gitee): error: cannot pull with rebase: You have unstaged changes.
[2026-09-12 11:11:56] git pull (Gitee): error: Please commit or stash them.
[2026-09-12 11:11:56] WARNING: Gitee pull may have conflicts (exit code: 128)
[2026-09-12 11:11:56] Pushing to Gitee...
[2026-09-12 11:11:58] git push (Gitee): remote: Powered by [01;33mGITEE.COM [0m[1.1.23]        
[2026-09-12 11:11:58] git push (Gitee): remote: Set trace flag 3a45d08a        
[2026-09-12 11:11:58] git push (Gitee): To https://gitee.com/lsw0427/read-and-book-web.git
[2026-09-12 11:11:58] git push (Gitee):    f124508..a43814a  main -> main
[2026-09-12 11:11:59] SUCCESS: Pushed to Gitee!
[2026-09-12 11:11:59] ===== Sync Complete =====
[2026-09-12 11:21:41] ===== Start Auto Push Check (Dual Platform) =====
[2026-09-12 11:21:41] Project path: C:\Users\LSWli\Documents\Codex\2026-08-29\qin
[2026-09-12 11:21:41] File changes detected, starting sync...
[2026-09-12 11:21:41] Changed files:
[2026-09-12 11:21:41]    M git-auto-push.log
[2026-09-12 11:21:42] All changes added to staging area
[2026-09-12 11:21:42] git commit: [main 8a1c9f2] Auto sync - 2026-09-12 11:21:42
[2026-09-12 11:21:42] git commit:  1 file changed, 29 insertions(+)
[2026-09-12 11:21:42] --- Pushing to GitHub ---
[2026-09-12 11:21:42] Pulling latest from GitHub...
[2026-09-12 11:21:42] git pull (GitHub): error: cannot pull with rebase: You have unstaged changes.
[2026-09-12 11:21:42] git pull (GitHub): error: Please commit or stash them.
[2026-09-12 11:21:42] WARNING: GitHub pull may have conflicts (exit code: 128)
[2026-09-12 11:21:42] Pushing to GitHub...
[2026-09-12 11:21:47] git push (GitHub): To https://github.com/lishiwen-ai/read-and-book-web.git
[2026-09-12 11:21:47] git push (GitHub):    a43814a..8a1c9f2  main -> main
[2026-09-12 11:21:47] SUCCESS: Pushed to GitHub!
[2026-09-12 11:21:47] --- Pushing to Gitee ---
[2026-09-12 11:21:47] Pulling latest from Gitee...
[2026-09-12 11:21:47] git pull (Gitee): error: cannot pull with rebase: You have unstaged changes.
[2026-09-12 11:21:47] git pull (Gitee): error: Please commit or stash them.
[2026-09-12 11:21:47] WARNING: Gitee pull may have conflicts (exit code: 128)
[2026-09-12 11:21:47] Pushing to Gitee...
[2026-09-12 11:21:50] git push (Gitee): remote: Powered by [01;33mGITEE.COM [0m[1.1.23]        
[2026-09-12 11:21:50] git push (Gitee): remote: Set trace flag 17478689        
[2026-09-12 11:21:50] git push (Gitee): To https://gitee.com/lsw0427/read-and-book-web.git
[2026-09-12 11:21:50] git push (Gitee):    a43814a..8a1c9f2  main -> main
[2026-09-12 11:21:50] SUCCESS: Pushed to Gitee!
[2026-09-12 11:21:50] ===== Sync Complete =====
[2026-09-12 11:31:47] ===== Start Auto Push Check (Dual Platform) =====
[2026-09-12 11:31:47] Project path: C:\Users\LSWli\Documents\Codex\2026-08-29\qin
[2026-09-12 11:31:48] File changes detected, starting sync...
[2026-09-12 11:31:48] Changed files:
[2026-09-12 11:31:48]    M git-auto-push.log
[2026-09-12 11:31:48] All changes added to staging area
[2026-09-12 11:31:48] git commit: [main b4015ac] Auto sync - 2026-09-12 11:31:48
[2026-09-12 11:31:48] git commit:  1 file changed, 29 insertions(+)
[2026-09-12 11:31:48] --- Pushing to GitHub ---
[2026-09-12 11:31:48] Pulling latest from GitHub...
[2026-09-12 11:31:48] git pull (GitHub): error: cannot pull with rebase: You have unstaged changes.
[2026-09-12 11:31:48] git pull (GitHub): error: Please commit or stash them.
[2026-09-12 11:31:48] WARNING: GitHub pull may have conflicts (exit code: 128)
[2026-09-12 11:31:48] Pushing to GitHub...
[2026-09-12 11:31:52] git push (GitHub): To https://github.com/lishiwen-ai/read-and-book-web.git
[2026-09-12 11:31:52] git push (GitHub):    8a1c9f2..b4015ac  main -> main
[2026-09-12 11:31:52] SUCCESS: Pushed to GitHub!
[2026-09-12 11:31:52] --- Pushing to Gitee ---
[2026-09-12 11:31:52] Pulling latest from Gitee...
[2026-09-12 11:31:52] git pull (Gitee): error: cannot pull with rebase: You have unstaged changes.
[2026-09-12 11:31:52] git pull (Gitee): error: Please commit or stash them.
[2026-09-12 11:31:52] WARNING: Gitee pull may have conflicts (exit code: 128)
[2026-09-12 11:31:52] Pushing to Gitee...
[2026-09-12 11:31:55] git push (Gitee): remote: Powered by [01;33mGITEE.COM [0m[1.1.23]        
[2026-09-12 11:31:55] git push (Gitee): remote: Set trace flag 684acc9e        
[2026-09-12 11:31:55] git push (Gitee): To https://gitee.com/lsw0427/read-and-book-web.git
[2026-09-12 11:31:55] git push (Gitee):    8a1c9f2..b4015ac  main -> main
[2026-09-12 11:31:55] SUCCESS: Pushed to Gitee!
[2026-09-12 11:31:55] ===== Sync Complete =====
[2026-09-12 12:12:03] ===== Start Auto Push Check (Dual Platform) =====
[2026-09-12 12:12:03] Project path: C:\Users\LSWli\Documents\Codex\2026-08-29\qin
[2026-09-12 12:12:03] File changes detected, starting sync...
[2026-09-12 12:12:03] Changed files:
[2026-09-12 12:12:03]    M git-auto-push.log
[2026-09-12 12:12:03] All changes added to staging area
[2026-09-12 12:12:04] git commit: [main 89d870c] Auto sync - 2026-09-12 12:12:03
[2026-09-12 12:12:04] git commit:  1 file changed, 29 insertions(+)
[2026-09-12 12:12:04] --- Pushing to GitHub ---
[2026-09-12 12:12:04] Pulling latest from GitHub...
[2026-09-12 12:12:04] git pull (GitHub): error: cannot pull with rebase: You have unstaged changes.
[2026-09-12 12:12:04] git pull (GitHub): error: Please commit or stash them.
[2026-09-12 12:12:04] WARNING: GitHub pull may have conflicts (exit code: 128)
[2026-09-12 12:12:04] Pushing to GitHub...
[2026-09-12 12:12:08] git push (GitHub): To https://github.com/lishiwen-ai/read-and-book-web.git
[2026-09-12 12:12:08] git push (GitHub):    b4015ac..89d870c  main -> main
[2026-09-12 12:12:08] SUCCESS: Pushed to GitHub!
[2026-09-12 12:12:08] --- Pushing to Gitee ---
[2026-09-12 12:12:08] Pulling latest from Gitee...
[2026-09-12 12:12:08] git pull (Gitee): error: cannot pull with rebase: You have unstaged changes.
[2026-09-12 12:12:08] git pull (Gitee): error: Please commit or stash them.
[2026-09-12 12:12:08] WARNING: Gitee pull may have conflicts (exit code: 128)
[2026-09-12 12:12:08] Pushing to Gitee...
[2026-09-12 12:12:11] git push (Gitee): remote: Powered by [01;33mGITEE.COM [0m[1.1.23]        
[2026-09-12 12:12:11] git push (Gitee): remote: Set trace flag dd4682be        
[2026-09-12 12:12:11] git push (Gitee): To https://gitee.com/lsw0427/read-and-book-web.git
[2026-09-12 12:12:11] git push (Gitee):    b4015ac..89d870c  main -> main
[2026-09-12 12:12:11] SUCCESS: Pushed to Gitee!
[2026-09-12 12:12:11] ===== Sync Complete =====
[2026-09-12 12:21:48] ===== Start Auto Push Check (Dual Platform) =====
[2026-09-12 12:21:48] Project path: C:\Users\LSWli\Documents\Codex\2026-08-29\qin
[2026-09-12 12:21:48] File changes detected, starting sync...
[2026-09-12 12:21:48] Changed files:
[2026-09-12 12:21:48]    M git-auto-push.log
[2026-09-12 12:21:48] All changes added to staging area
[2026-09-12 12:21:48] git commit: [main baec47f] Auto sync - 2026-09-12 12:21:48
[2026-09-12 12:21:48] git commit:  1 file changed, 29 insertions(+)
[2026-09-12 12:21:48] --- Pushing to GitHub ---
[2026-09-12 12:21:48] Pulling latest from GitHub...
[2026-09-12 12:21:49] git pull (GitHub): error: cannot pull with rebase: You have unstaged changes.
[2026-09-12 12:21:49] git pull (GitHub): error: Please commit or stash them.
[2026-09-12 12:21:49] WARNING: GitHub pull may have conflicts (exit code: 128)
[2026-09-12 12:21:49] Pushing to GitHub...
[2026-09-12 12:21:53] git push (GitHub): To https://github.com/lishiwen-ai/read-and-book-web.git
[2026-09-12 12:21:53] git push (GitHub):    89d870c..baec47f  main -> main
[2026-09-12 12:21:53] SUCCESS: Pushed to GitHub!
[2026-09-12 12:21:53] --- Pushing to Gitee ---
[2026-09-12 12:21:53] Pulling latest from Gitee...
[2026-09-12 12:21:53] git pull (Gitee): error: cannot pull with rebase: You have unstaged changes.
[2026-09-12 12:21:53] git pull (Gitee): error: Please commit or stash them.
[2026-09-12 12:21:53] WARNING: Gitee pull may have conflicts (exit code: 128)
[2026-09-12 12:21:53] Pushing to Gitee...
[2026-09-12 12:21:56] git push (Gitee): remote: Powered by [01;33mGITEE.COM [0m[1.1.23]        
[2026-09-12 12:21:56] git push (Gitee): remote: Set trace flag 054bc0a8        
[2026-09-12 12:21:56] git push (Gitee): To https://gitee.com/lsw0427/read-and-book-web.git
[2026-09-12 12:21:56] git push (Gitee):    89d870c..baec47f  main -> main
[2026-09-12 12:21:56] SUCCESS: Pushed to Gitee!
[2026-09-12 12:21:56] ===== Sync Complete =====
[2026-09-12 12:31:50] ===== Start Auto Push Check (Dual Platform) =====
[2026-09-12 12:31:50] Project path: C:\Users\LSWli\Documents\Codex\2026-08-29\qin
[2026-09-12 12:31:50] File changes detected, starting sync...
[2026-09-12 12:31:50] Changed files:
[2026-09-12 12:31:50]    M git-auto-push.log
[2026-09-12 12:31:50] All changes added to staging area
[2026-09-12 12:31:50] git commit: [main e2ef28f] Auto sync - 2026-09-12 12:31:50
[2026-09-12 12:31:50] git commit:  1 file changed, 29 insertions(+)
[2026-09-12 12:31:50] --- Pushing to GitHub ---
[2026-09-12 12:31:51] Pulling latest from GitHub...
[2026-09-12 12:31:51] git pull (GitHub): error: cannot pull with rebase: You have unstaged changes.
[2026-09-12 12:31:51] git pull (GitHub): error: Please commit or stash them.
[2026-09-12 12:31:51] WARNING: GitHub pull may have conflicts (exit code: 128)
[2026-09-12 12:31:51] Pushing to GitHub...
[2026-09-12 12:31:56] git push (GitHub): To https://github.com/lishiwen-ai/read-and-book-web.git
[2026-09-12 12:31:56] git push (GitHub):    baec47f..e2ef28f  main -> main
[2026-09-12 12:31:56] SUCCESS: Pushed to GitHub!
[2026-09-12 12:31:56] --- Pushing to Gitee ---
[2026-09-12 12:31:56] Pulling latest from Gitee...
[2026-09-12 12:31:57] git pull (Gitee): error: cannot pull with rebase: You have unstaged changes.
[2026-09-12 12:31:57] git pull (Gitee): error: Please commit or stash them.
[2026-09-12 12:31:57] WARNING: Gitee pull may have conflicts (exit code: 128)
[2026-09-12 12:31:57] Pushing to Gitee...
[2026-09-12 12:31:59] git push (Gitee): remote: Powered by [01;33mGITEE.COM [0m[1.1.23]        
[2026-09-12 12:31:59] git push (Gitee): remote: Set trace flag e54989aa        
[2026-09-12 12:31:59] git push (Gitee): To https://gitee.com/lsw0427/read-and-book-web.git
[2026-09-12 12:31:59] git push (Gitee):    baec47f..e2ef28f  main -> main
[2026-09-12 12:31:59] SUCCESS: Pushed to Gitee!
[2026-09-12 12:31:59] ===== Sync Complete =====
[2026-09-12 12:42:16] ===== Start Auto Push Check (Dual Platform) =====
[2026-09-12 12:42:16] Project path: C:\Users\LSWli\Documents\Codex\2026-08-29\qin
[2026-09-12 12:42:16] File changes detected, starting sync...
[2026-09-12 12:42:16] Changed files:
[2026-09-12 12:42:16]    M git-auto-push.log
[2026-09-12 12:42:16] All changes added to staging area
[2026-09-12 12:42:16] git commit: [main 980d195] Auto sync - 2026-09-12 12:42:16
[2026-09-12 12:42:16] git commit:  1 file changed, 29 insertions(+)
[2026-09-12 12:42:16] --- Pushing to GitHub ---
[2026-09-12 12:42:17] Pulling latest from GitHub...
[2026-09-12 12:42:17] git pull (GitHub): error: cannot pull with rebase: You have unstaged changes.
[2026-09-12 12:42:17] git pull (GitHub): error: Please commit or stash them.
[2026-09-12 12:42:17] WARNING: GitHub pull may have conflicts (exit code: 128)
[2026-09-12 12:42:17] Pushing to GitHub...
[2026-09-12 12:42:21] git push (GitHub): To https://github.com/lishiwen-ai/read-and-book-web.git
[2026-09-12 12:42:21] git push (GitHub):    e2ef28f..980d195  main -> main
[2026-09-12 12:42:21] SUCCESS: Pushed to GitHub!
[2026-09-12 12:42:21] --- Pushing to Gitee ---
[2026-09-12 12:42:21] Pulling latest from Gitee...
[2026-09-12 12:42:21] git pull (Gitee): error: cannot pull with rebase: You have unstaged changes.
[2026-09-12 12:42:21] git pull (Gitee): error: Please commit or stash them.
[2026-09-12 12:42:21] WARNING: Gitee pull may have conflicts (exit code: 128)
[2026-09-12 12:42:21] Pushing to Gitee...
[2026-09-12 12:42:23] git push (Gitee): remote: Powered by [01;33mGITEE.COM [0m[1.1.23]        
[2026-09-12 12:42:23] git push (Gitee): remote: Set trace flag a148cab9        
[2026-09-12 12:42:23] git push (Gitee): To https://gitee.com/lsw0427/read-and-book-web.git
[2026-09-12 12:42:23] git push (Gitee):    e2ef28f..980d195  main -> main
[2026-09-12 12:42:23] SUCCESS: Pushed to Gitee!
[2026-09-12 12:42:23] ===== Sync Complete =====
[2026-09-12 12:51:48] ===== Start Auto Push Check (Dual Platform) =====
[2026-09-12 12:51:48] Project path: C:\Users\LSWli\Documents\Codex\2026-08-29\qin
[2026-09-12 12:51:49] File changes detected, starting sync...
[2026-09-12 12:51:49] Changed files:
[2026-09-12 12:51:49]    M git-auto-push.log
[2026-09-12 12:51:49] All changes added to staging area
[2026-09-12 12:51:49] git commit: [main 19d1f9c] Auto sync - 2026-09-12 12:51:49
[2026-09-12 12:51:49] git commit:  1 file changed, 29 insertions(+)
[2026-09-12 12:51:49] --- Pushing to GitHub ---
[2026-09-12 12:51:49] Pulling latest from GitHub...
[2026-09-12 12:51:49] git pull (GitHub): error: cannot pull with rebase: You have unstaged changes.
[2026-09-12 12:51:49] git pull (GitHub): error: Please commit or stash them.
[2026-09-12 12:51:49] WARNING: GitHub pull may have conflicts (exit code: 128)
[2026-09-12 12:51:49] Pushing to GitHub...
[2026-09-12 12:52:19] git push (GitHub): fatal: unable to access 'https://github.com/lishiwen-ai/read-and-book-web.git/': Recv failure: Connection was reset
[2026-09-12 12:52:19] FAILED: GitHub push failed (exit code: 128)
[2026-09-12 12:52:19] --- Pushing to Gitee ---
[2026-09-12 12:52:19] Pulling latest from Gitee...
[2026-09-12 12:52:19] git pull (Gitee): error: cannot pull with rebase: You have unstaged changes.
[2026-09-12 12:52:19] git pull (Gitee): error: Please commit or stash them.
[2026-09-12 12:52:19] WARNING: Gitee pull may have conflicts (exit code: 128)
[2026-09-12 12:52:19] Pushing to Gitee...
[2026-09-12 12:52:22] git push (Gitee): remote: Powered by [01;33mGITEE.COM [0m[1.1.23]        
[2026-09-12 12:52:22] git push (Gitee): remote: Set trace flag 0343b2b5        
[2026-09-12 12:52:22] git push (Gitee): To https://gitee.com/lsw0427/read-and-book-web.git
[2026-09-12 12:52:22] git push (Gitee):    980d195..19d1f9c  main -> main
[2026-09-12 12:52:22] SUCCESS: Pushed to Gitee!
[2026-09-12 12:52:22] ===== Sync Complete =====
[2026-09-12 13:01:59] ===== Start Auto Push Check (Dual Platform) =====
[2026-09-12 13:01:59] Project path: C:\Users\LSWli\Documents\Codex\2026-08-29\qin
[2026-09-12 13:01:59] File changes detected, starting sync...
[2026-09-12 13:01:59] Changed files:
[2026-09-12 13:01:59]    M git-auto-push.log
[2026-09-12 13:02:00] All changes added to staging area
[2026-09-12 13:02:00] git commit: [main 4a6435c] Auto sync - 2026-09-12 13:02:00
[2026-09-12 13:02:00] git commit:  1 file changed, 28 insertions(+)
[2026-09-12 13:02:00] --- Pushing to GitHub ---
[2026-09-12 13:02:00] Pulling latest from GitHub...
[2026-09-12 13:02:00] git pull (GitHub): error: cannot pull with rebase: You have unstaged changes.
[2026-09-12 13:02:00] git pull (GitHub): error: Please commit or stash them.
[2026-09-12 13:02:00] WARNING: GitHub pull may have conflicts (exit code: 128)
[2026-09-12 13:02:00] Pushing to GitHub...
[2026-09-12 13:02:04] git push (GitHub): To https://github.com/lishiwen-ai/read-and-book-web.git
[2026-09-12 13:02:04] git push (GitHub):    980d195..4a6435c  main -> main
[2026-09-12 13:02:04] SUCCESS: Pushed to GitHub!
[2026-09-12 13:02:04] --- Pushing to Gitee ---
[2026-09-12 13:02:04] Pulling latest from Gitee...
[2026-09-12 13:02:04] git pull (Gitee): error: cannot pull with rebase: You have unstaged changes.
[2026-09-12 13:02:04] git pull (Gitee): error: Please commit or stash them.
[2026-09-12 13:02:04] WARNING: Gitee pull may have conflicts (exit code: 128)
[2026-09-12 13:02:04] Pushing to Gitee...
[2026-09-12 13:02:07] git push (Gitee): remote: Powered by [01;33mGITEE.COM [0m[1.1.23]        
[2026-09-12 13:02:07] git push (Gitee): remote: Set trace flag ec4198b4        
[2026-09-12 13:02:07] git push (Gitee): To https://gitee.com/lsw0427/read-and-book-web.git
[2026-09-12 13:02:07] git push (Gitee):    19d1f9c..4a6435c  main -> main
[2026-09-12 13:02:07] SUCCESS: Pushed to Gitee!
[2026-09-12 13:02:07] ===== Sync Complete =====
[2026-09-12 13:11:56] ===== Start Auto Push Check (Dual Platform) =====
[2026-09-12 13:11:56] Project path: C:\Users\LSWli\Documents\Codex\2026-08-29\qin
[2026-09-12 13:11:56] File changes detected, starting sync...
[2026-09-12 13:11:56] Changed files:
[2026-09-12 13:11:56]    M git-auto-push.log
[2026-09-12 13:11:56] All changes added to staging area
[2026-09-12 13:11:56] git commit: [main 3187fc7] Auto sync - 2026-09-12 13:11:56
[2026-09-12 13:11:56] git commit:  1 file changed, 29 insertions(+)
[2026-09-12 13:11:56] --- Pushing to GitHub ---
[2026-09-12 13:11:57] Pulling latest from GitHub...
[2026-09-12 13:11:57] git pull (GitHub): error: cannot pull with rebase: You have unstaged changes.
[2026-09-12 13:11:57] git pull (GitHub): error: Please commit or stash them.
[2026-09-12 13:11:57] WARNING: GitHub pull may have conflicts (exit code: 128)
[2026-09-12 13:11:57] Pushing to GitHub...
[2026-09-12 13:12:19] git push (GitHub): fatal: unable to access 'https://github.com/lishiwen-ai/read-and-book-web.git/': Recv failure: Connection was reset
[2026-09-12 13:12:19] FAILED: GitHub push failed (exit code: 128)
[2026-09-12 13:12:19] --- Pushing to Gitee ---
[2026-09-12 13:12:19] Pulling latest from Gitee...
[2026-09-12 13:12:19] git pull (Gitee): error: cannot pull with rebase: You have unstaged changes.
[2026-09-12 13:12:19] git pull (Gitee): error: Please commit or stash them.
[2026-09-12 13:12:19] WARNING: Gitee pull may have conflicts (exit code: 128)
[2026-09-12 13:12:19] Pushing to Gitee...
[2026-09-12 13:12:22] git push (Gitee): remote: Powered by [01;33mGITEE.COM [0m[1.1.23]        
[2026-09-12 13:12:22] git push (Gitee): remote: Set trace flag 1e410fbc        
[2026-09-12 13:12:22] git push (Gitee): To https://gitee.com/lsw0427/read-and-book-web.git
[2026-09-12 13:12:22] git push (Gitee):    4a6435c..3187fc7  main -> main
[2026-09-12 13:12:22] SUCCESS: Pushed to Gitee!
[2026-09-12 13:12:22] ===== Sync Complete =====
[2026-09-12 13:21:50] ===== Start Auto Push Check (Dual Platform) =====
[2026-09-12 13:21:50] Project path: C:\Users\LSWli\Documents\Codex\2026-08-29\qin
[2026-09-12 13:21:50] File changes detected, starting sync...
[2026-09-12 13:21:50] Changed files:
[2026-09-12 13:21:50]    M git-auto-push.log
[2026-09-12 13:21:50] All changes added to staging area
[2026-09-12 13:21:50] git commit: [main f1b3a1c] Auto sync - 2026-09-12 13:21:50
[2026-09-12 13:21:50] git commit:  1 file changed, 28 insertions(+)
[2026-09-12 13:21:50] --- Pushing to GitHub ---
[2026-09-12 13:21:50] Pulling latest from GitHub...
[2026-09-12 13:21:51] git pull (GitHub): error: cannot pull with rebase: You have unstaged changes.
[2026-09-12 13:21:51] git pull (GitHub): error: Please commit or stash them.
[2026-09-12 13:21:51] WARNING: GitHub pull may have conflicts (exit code: 128)
[2026-09-12 13:21:51] Pushing to GitHub...
[2026-09-12 13:21:57] git push (GitHub): To https://github.com/lishiwen-ai/read-and-book-web.git
[2026-09-12 13:21:57] git push (GitHub):    4a6435c..f1b3a1c  main -> main
[2026-09-12 13:21:57] SUCCESS: Pushed to GitHub!
[2026-09-12 13:21:57] --- Pushing to Gitee ---
[2026-09-12 13:21:57] Pulling latest from Gitee...
[2026-09-12 13:21:57] git pull (Gitee): error: cannot pull with rebase: You have unstaged changes.
[2026-09-12 13:21:57] git pull (Gitee): error: Please commit or stash them.
[2026-09-12 13:21:57] WARNING: Gitee pull may have conflicts (exit code: 128)
[2026-09-12 13:21:57] Pushing to Gitee...
[2026-09-12 13:22:00] git push (Gitee): remote: Powered by [01;33mGITEE.COM [0m[1.1.23]        
[2026-09-12 13:22:00] git push (Gitee): remote: Set trace flag af4e5581        
[2026-09-12 13:22:00] git push (Gitee): To https://gitee.com/lsw0427/read-and-book-web.git
[2026-09-12 13:22:00] git push (Gitee):    3187fc7..f1b3a1c  main -> main
[2026-09-12 13:22:00] SUCCESS: Pushed to Gitee!
[2026-09-12 13:22:00] ===== Sync Complete =====
[2026-09-12 13:31:39] ===== Start Auto Push Check (Dual Platform) =====
[2026-09-12 13:31:39] Project path: C:\Users\LSWli\Documents\Codex\2026-08-29\qin
[2026-09-12 13:31:40] File changes detected, starting sync...
[2026-09-12 13:31:40] Changed files:
[2026-09-12 13:31:40]    M git-auto-push.log
[2026-09-12 13:31:40] All changes added to staging area
[2026-09-12 13:31:40] git commit: [main 6dbcee2] Auto sync - 2026-09-12 13:31:40
[2026-09-12 13:31:40] git commit:  1 file changed, 29 insertions(+)
[2026-09-12 13:31:40] --- Pushing to GitHub ---
[2026-09-12 13:31:40] Pulling latest from GitHub...
[2026-09-12 13:31:40] git pull (GitHub): error: cannot pull with rebase: You have unstaged changes.
[2026-09-12 13:31:40] git pull (GitHub): error: Please commit or stash them.
[2026-09-12 13:31:40] WARNING: GitHub pull may have conflicts (exit code: 128)
[2026-09-12 13:31:40] Pushing to GitHub...
[2026-09-12 13:31:45] git push (GitHub): To https://github.com/lishiwen-ai/read-and-book-web.git
[2026-09-12 13:31:45] git push (GitHub):    f1b3a1c..6dbcee2  main -> main
[2026-09-12 13:31:45] SUCCESS: Pushed to GitHub!
[2026-09-12 13:31:45] --- Pushing to Gitee ---
[2026-09-12 13:31:45] Pulling latest from Gitee...
[2026-09-12 13:31:45] git pull (Gitee): error: cannot pull with rebase: You have unstaged changes.
[2026-09-12 13:31:45] git pull (Gitee): error: Please commit or stash them.
[2026-09-12 13:31:45] WARNING: Gitee pull may have conflicts (exit code: 128)
[2026-09-12 13:31:45] Pushing to Gitee...
[2026-09-12 13:31:47] git push (Gitee): remote: Powered by [01;33mGITEE.COM [0m[1.1.23]        
[2026-09-12 13:31:47] git push (Gitee): remote: Set trace flag ee4b87a4        
[2026-09-12 13:31:47] git push (Gitee): To https://gitee.com/lsw0427/read-and-book-web.git
[2026-09-12 13:31:47] git push (Gitee):    f1b3a1c..6dbcee2  main -> main
[2026-09-12 13:31:47] SUCCESS: Pushed to Gitee!
[2026-09-12 13:31:47] ===== Sync Complete =====
[2026-09-12 13:41:37] ===== Start Auto Push Check (Dual Platform) =====
[2026-09-12 13:41:37] Project path: C:\Users\LSWli\Documents\Codex\2026-08-29\qin
[2026-09-12 13:41:37] File changes detected, starting sync...
[2026-09-12 13:41:37] Changed files:
[2026-09-12 13:41:37]    M git-auto-push.log
[2026-09-12 13:41:37] All changes added to staging area
[2026-09-12 13:41:37] git commit: [main 09e496a] Auto sync - 2026-09-12 13:41:37
[2026-09-12 13:41:37] git commit:  1 file changed, 29 insertions(+)
[2026-09-12 13:41:37] --- Pushing to GitHub ---
[2026-09-12 13:41:37] Pulling latest from GitHub...
[2026-09-12 13:41:37] git pull (GitHub): error: cannot pull with rebase: You have unstaged changes.
[2026-09-12 13:41:37] git pull (GitHub): error: Please commit or stash them.
[2026-09-12 13:41:37] WARNING: GitHub pull may have conflicts (exit code: 128)
[2026-09-12 13:41:37] Pushing to GitHub...
[2026-09-12 13:42:00] git push (GitHub): fatal: unable to access 'https://github.com/lishiwen-ai/read-and-book-web.git/': Recv failure: Connection was reset
[2026-09-12 13:42:00] FAILED: GitHub push failed (exit code: 128)
[2026-09-12 13:42:00] --- Pushing to Gitee ---
[2026-09-12 13:42:00] Pulling latest from Gitee...
[2026-09-12 13:42:01] git pull (Gitee): error: cannot pull with rebase: You have unstaged changes.
[2026-09-12 13:42:01] git pull (Gitee): error: Please commit or stash them.
[2026-09-12 13:42:01] WARNING: Gitee pull may have conflicts (exit code: 128)
[2026-09-12 13:42:01] Pushing to Gitee...
[2026-09-12 13:42:03] git push (Gitee): remote: Powered by [01;33mGITEE.COM [0m[1.1.23]        
[2026-09-12 13:42:03] git push (Gitee): remote: Set trace flag b74bfaab        
[2026-09-12 13:42:03] git push (Gitee): To https://gitee.com/lsw0427/read-and-book-web.git
[2026-09-12 13:42:03] git push (Gitee):    6dbcee2..09e496a  main -> main
[2026-09-12 13:42:03] SUCCESS: Pushed to Gitee!
[2026-09-12 13:42:03] ===== Sync Complete =====
[2026-09-12 13:51:54] ===== Start Auto Push Check (Dual Platform) =====
[2026-09-12 13:51:54] Project path: C:\Users\LSWli\Documents\Codex\2026-08-29\qin
[2026-09-12 13:51:54] File changes detected, starting sync...
[2026-09-12 13:51:54] Changed files:
[2026-09-12 13:51:54]    M git-auto-push.log
[2026-09-12 13:51:54] All changes added to staging area
[2026-09-12 13:51:54] git commit: [main ab3095b] Auto sync - 2026-09-12 13:51:54
[2026-09-12 13:51:54] git commit:  1 file changed, 28 insertions(+)
[2026-09-12 13:51:54] --- Pushing to GitHub ---
[2026-09-12 13:51:54] Pulling latest from GitHub...
[2026-09-12 13:51:54] git pull (GitHub): error: cannot pull with rebase: You have unstaged changes.
[2026-09-12 13:51:54] git pull (GitHub): error: Please commit or stash them.
[2026-09-12 13:51:54] WARNING: GitHub pull may have conflicts (exit code: 128)
[2026-09-12 13:51:54] Pushing to GitHub...
[2026-09-12 13:51:58] git push (GitHub): To https://github.com/lishiwen-ai/read-and-book-web.git
[2026-09-12 13:51:58] git push (GitHub):    6dbcee2..ab3095b  main -> main
[2026-09-12 13:51:58] SUCCESS: Pushed to GitHub!
[2026-09-12 13:51:58] --- Pushing to Gitee ---
[2026-09-12 13:51:58] Pulling latest from Gitee...
[2026-09-12 13:51:59] git pull (Gitee): error: cannot pull with rebase: You have unstaged changes.
[2026-09-12 13:51:59] git pull (Gitee): error: Please commit or stash them.
[2026-09-12 13:51:59] WARNING: Gitee pull may have conflicts (exit code: 128)
[2026-09-12 13:51:59] Pushing to Gitee...
[2026-09-12 13:52:01] git push (Gitee): remote: Powered by [01;33mGITEE.COM [0m[1.1.23]        
[2026-09-12 13:52:01] git push (Gitee): remote: Set trace flag 78405f96        
[2026-09-12 13:52:01] git push (Gitee): To https://gitee.com/lsw0427/read-and-book-web.git
[2026-09-12 13:52:01] git push (Gitee):    09e496a..ab3095b  main -> main
[2026-09-12 13:52:01] SUCCESS: Pushed to Gitee!
[2026-09-12 13:52:01] ===== Sync Complete =====
[2026-09-12 14:02:10] ===== Start Auto Push Check (Dual Platform) =====
[2026-09-12 14:02:10] Project path: C:\Users\LSWli\Documents\Codex\2026-08-29\qin
[2026-09-12 14:02:11] File changes detected, starting sync...
[2026-09-12 14:02:11] Changed files:
[2026-09-12 14:02:11]    M git-auto-push.log
[2026-09-12 14:02:11] All changes added to staging area
[2026-09-12 14:02:11] git commit: [main 1952e18] Auto sync - 2026-09-12 14:02:11
[2026-09-12 14:02:11] git commit:  1 file changed, 29 insertions(+)
[2026-09-12 14:02:11] --- Pushing to GitHub ---
[2026-09-12 14:02:11] Pulling latest from GitHub...
[2026-09-12 14:02:11] git pull (GitHub): error: cannot pull with rebase: You have unstaged changes.
[2026-09-12 14:02:11] git pull (GitHub): error: Please commit or stash them.
[2026-09-12 14:02:11] WARNING: GitHub pull may have conflicts (exit code: 128)
[2026-09-12 14:02:11] Pushing to GitHub...
[2026-09-12 14:02:15] git push (GitHub): To https://github.com/lishiwen-ai/read-and-book-web.git
[2026-09-12 14:02:15] git push (GitHub):    ab3095b..1952e18  main -> main
[2026-09-12 14:02:15] SUCCESS: Pushed to GitHub!
[2026-09-12 14:02:15] --- Pushing to Gitee ---
[2026-09-12 14:02:15] Pulling latest from Gitee...
[2026-09-12 14:02:15] git pull (Gitee): error: cannot pull with rebase: You have unstaged changes.
[2026-09-12 14:02:15] git pull (Gitee): error: Please commit or stash them.
[2026-09-12 14:02:15] WARNING: Gitee pull may have conflicts (exit code: 128)
[2026-09-12 14:02:15] Pushing to Gitee...
[2026-09-12 14:02:18] git push (Gitee): remote: Powered by [01;33mGITEE.COM [0m[1.1.23]        
[2026-09-12 14:02:18] git push (Gitee): remote: Set trace flag 704ea7ac        
[2026-09-12 14:02:18] git push (Gitee): To https://gitee.com/lsw0427/read-and-book-web.git
[2026-09-12 14:02:18] git push (Gitee):    ab3095b..1952e18  main -> main
[2026-09-12 14:02:18] SUCCESS: Pushed to Gitee!
[2026-09-12 14:02:18] ===== Sync Complete =====
[2026-09-12 14:11:39] ===== Start Auto Push Check (Dual Platform) =====
[2026-09-12 14:11:39] Project path: C:\Users\LSWli\Documents\Codex\2026-08-29\qin
[2026-09-12 14:11:39] File changes detected, starting sync...
[2026-09-12 14:11:39] Changed files:
[2026-09-12 14:11:39]    M git-auto-push.log
[2026-09-12 14:11:39] All changes added to staging area
[2026-09-12 14:11:39] git commit: [main 40dd68f] Auto sync - 2026-09-12 14:11:39
[2026-09-12 14:11:39] git commit:  1 file changed, 29 insertions(+)
[2026-09-12 14:11:39] --- Pushing to GitHub ---
[2026-09-12 14:11:39] Pulling latest from GitHub...
[2026-09-12 14:11:40] git pull (GitHub): error: cannot pull with rebase: You have unstaged changes.
[2026-09-12 14:11:40] git pull (GitHub): error: Please commit or stash them.
[2026-09-12 14:11:40] WARNING: GitHub pull may have conflicts (exit code: 128)
[2026-09-12 14:11:40] Pushing to GitHub...
[2026-09-12 14:11:44] git push (GitHub): To https://github.com/lishiwen-ai/read-and-book-web.git
[2026-09-12 14:11:44] git push (GitHub):    1952e18..40dd68f  main -> main
[2026-09-12 14:11:44] SUCCESS: Pushed to GitHub!
[2026-09-12 14:11:44] --- Pushing to Gitee ---
[2026-09-12 14:11:44] Pulling latest from Gitee...
[2026-09-12 14:11:44] git pull (Gitee): error: cannot pull with rebase: You have unstaged changes.
[2026-09-12 14:11:44] git pull (Gitee): error: Please commit or stash them.
[2026-09-12 14:11:44] WARNING: Gitee pull may have conflicts (exit code: 128)
[2026-09-12 14:11:44] Pushing to Gitee...
[2026-09-12 14:11:47] git push (Gitee): remote: Powered by [01;33mGITEE.COM [0m[1.1.23]        
[2026-09-12 14:11:47] git push (Gitee): remote: Set trace flag 7a41c385        
[2026-09-12 14:11:47] git push (Gitee): To https://gitee.com/lsw0427/read-and-book-web.git
[2026-09-12 14:11:47] git push (Gitee):    1952e18..40dd68f  main -> main
[2026-09-12 14:11:47] SUCCESS: Pushed to Gitee!
[2026-09-12 14:11:47] ===== Sync Complete =====
[2026-09-12 14:21:46] ===== Start Auto Push Check (Dual Platform) =====
[2026-09-12 14:21:46] Project path: C:\Users\LSWli\Documents\Codex\2026-08-29\qin
[2026-09-12 14:21:46] File changes detected, starting sync...
[2026-09-12 14:21:46] Changed files:
[2026-09-12 14:21:46]    M git-auto-push.log
[2026-09-12 14:21:47] All changes added to staging area
[2026-09-12 14:21:47] git commit: [main d1ae2b6] Auto sync - 2026-09-12 14:21:47
[2026-09-12 14:21:47] git commit:  1 file changed, 29 insertions(+)
[2026-09-12 14:21:47] --- Pushing to GitHub ---
[2026-09-12 14:21:47] Pulling latest from GitHub...
[2026-09-12 14:21:47] git pull (GitHub): error: cannot pull with rebase: You have unstaged changes.
[2026-09-12 14:21:47] git pull (GitHub): error: Please commit or stash them.
[2026-09-12 14:21:47] WARNING: GitHub pull may have conflicts (exit code: 128)
[2026-09-12 14:21:47] Pushing to GitHub...
[2026-09-12 14:21:54] git push (GitHub): To https://github.com/lishiwen-ai/read-and-book-web.git
[2026-09-12 14:21:54] git push (GitHub):    40dd68f..d1ae2b6  main -> main
[2026-09-12 14:21:54] SUCCESS: Pushed to GitHub!
[2026-09-12 14:21:54] --- Pushing to Gitee ---
[2026-09-12 14:21:54] Pulling latest from Gitee...
[2026-09-12 14:21:54] git pull (Gitee): error: cannot pull with rebase: You have unstaged changes.
[2026-09-12 14:21:54] git pull (Gitee): error: Please commit or stash them.
[2026-09-12 14:21:54] WARNING: Gitee pull may have conflicts (exit code: 128)
[2026-09-12 14:21:54] Pushing to Gitee...
[2026-09-12 14:21:57] git push (Gitee): remote: Powered by [01;33mGITEE.COM [0m[1.1.23]        
[2026-09-12 14:21:57] git push (Gitee): remote: Set trace flag 9242438c        
[2026-09-12 14:21:57] git push (Gitee): To https://gitee.com/lsw0427/read-and-book-web.git
[2026-09-12 14:21:57] git push (Gitee):    40dd68f..d1ae2b6  main -> main
[2026-09-12 14:21:57] SUCCESS: Pushed to Gitee!
[2026-09-12 14:21:57] ===== Sync Complete =====
[2026-09-12 14:31:43] ===== Start Auto Push Check (Dual Platform) =====
[2026-09-12 14:31:43] Project path: C:\Users\LSWli\Documents\Codex\2026-08-29\qin
[2026-09-12 14:31:43] File changes detected, starting sync...
[2026-09-12 14:31:43] Changed files:
[2026-09-12 14:31:43]    M git-auto-push.log
[2026-09-12 14:31:43] All changes added to staging area
[2026-09-12 14:31:43] git commit: [main 87c1856] Auto sync - 2026-09-12 14:31:43
[2026-09-12 14:31:43] git commit:  1 file changed, 29 insertions(+)
[2026-09-12 14:31:43] --- Pushing to GitHub ---
[2026-09-12 14:31:44] Pulling latest from GitHub...
[2026-09-12 14:31:44] git pull (GitHub): error: cannot pull with rebase: You have unstaged changes.
[2026-09-12 14:31:44] git pull (GitHub): error: Please commit or stash them.
[2026-09-12 14:31:44] WARNING: GitHub pull may have conflicts (exit code: 128)
[2026-09-12 14:31:44] Pushing to GitHub...
[2026-09-12 14:31:48] git push (GitHub): To https://github.com/lishiwen-ai/read-and-book-web.git
[2026-09-12 14:31:48] git push (GitHub):    d1ae2b6..87c1856  main -> main
[2026-09-12 14:31:48] SUCCESS: Pushed to GitHub!
[2026-09-12 14:31:48] --- Pushing to Gitee ---
[2026-09-12 14:31:48] Pulling latest from Gitee...
[2026-09-12 14:31:48] git pull (Gitee): error: cannot pull with rebase: You have unstaged changes.
[2026-09-12 14:31:48] git pull (Gitee): error: Please commit or stash them.
[2026-09-12 14:31:48] WARNING: Gitee pull may have conflicts (exit code: 128)
[2026-09-12 14:31:48] Pushing to Gitee...
[2026-09-12 14:31:51] git push (Gitee): remote: Powered by [01;33mGITEE.COM [0m[1.1.23]        
[2026-09-12 14:31:51] git push (Gitee): remote: Set trace flag 4845d1a7        
[2026-09-12 14:31:51] git push (Gitee): To https://gitee.com/lsw0427/read-and-book-web.git
[2026-09-12 14:31:51] git push (Gitee):    d1ae2b6..87c1856  main -> main
[2026-09-12 14:31:51] SUCCESS: Pushed to Gitee!
[2026-09-12 14:31:51] ===== Sync Complete =====
[2026-09-12 14:41:44] ===== Start Auto Push Check (Dual Platform) =====
[2026-09-12 14:41:44] Project path: C:\Users\LSWli\Documents\Codex\2026-08-29\qin
[2026-09-12 14:41:44] File changes detected, starting sync...
[2026-09-12 14:41:44] Changed files:
[2026-09-12 14:41:44]    M git-auto-push.log
[2026-09-12 14:41:44] All changes added to staging area
[2026-09-12 14:41:44] git commit: [main 4610779] Auto sync - 2026-09-12 14:41:44
[2026-09-12 14:41:44] git commit:  1 file changed, 29 insertions(+)
[2026-09-12 14:41:44] --- Pushing to GitHub ---
[2026-09-12 14:41:44] Pulling latest from GitHub...
[2026-09-12 14:41:44] git pull (GitHub): error: cannot pull with rebase: You have unstaged changes.
[2026-09-12 14:41:44] git pull (GitHub): error: Please commit or stash them.
[2026-09-12 14:41:44] WARNING: GitHub pull may have conflicts (exit code: 128)
[2026-09-12 14:41:44] Pushing to GitHub...
[2026-09-12 14:41:48] git push (GitHub): To https://github.com/lishiwen-ai/read-and-book-web.git
[2026-09-12 14:41:48] git push (GitHub):    87c1856..4610779  main -> main
[2026-09-12 14:41:48] SUCCESS: Pushed to GitHub!
[2026-09-12 14:41:48] --- Pushing to Gitee ---
[2026-09-12 14:41:49] Pulling latest from Gitee...
[2026-09-12 14:41:49] git pull (Gitee): error: cannot pull with rebase: You have unstaged changes.
[2026-09-12 14:41:49] git pull (Gitee): error: Please commit or stash them.
[2026-09-12 14:41:49] WARNING: Gitee pull may have conflicts (exit code: 128)
[2026-09-12 14:41:49] Pushing to Gitee...
[2026-09-12 14:41:52] git push (Gitee): remote: Powered by [01;33mGITEE.COM [0m[1.1.23]        
[2026-09-12 14:41:52] git push (Gitee): remote: Set trace flag 3b45fbb2        
[2026-09-12 14:41:52] git push (Gitee): To https://gitee.com/lsw0427/read-and-book-web.git
[2026-09-12 14:41:52] git push (Gitee):    87c1856..4610779  main -> main
[2026-09-12 14:41:52] SUCCESS: Pushed to Gitee!
[2026-09-12 14:41:52] ===== Sync Complete =====
[2026-09-12 19:28:55] ===== Start Auto Push Check (Dual Platform) =====
[2026-09-12 19:28:55] Project path: C:\Users\LSWli\Documents\Codex\2026-08-29\qin
[2026-09-12 19:28:55] File changes detected, starting sync...
[2026-09-12 19:28:55] Changed files:
[2026-09-12 19:28:55]    M git-auto-push.log
[2026-09-12 19:28:56] All changes added to staging area
[2026-09-12 19:28:56] git commit: [main 0d90cdd] Auto sync - 2026-09-12 19:28:56
[2026-09-12 19:28:56] git commit:  1 file changed, 29 insertions(+)
[2026-09-12 19:28:56] --- Pushing to GitHub ---
[2026-09-12 19:28:56] Pulling latest from GitHub...
[2026-09-12 19:28:56] git pull (GitHub): error: cannot pull with rebase: You have unstaged changes.
[2026-09-12 19:28:56] git pull (GitHub): error: Please commit or stash them.
[2026-09-12 19:28:56] WARNING: GitHub pull may have conflicts (exit code: 128)
[2026-09-12 19:28:56] Pushing to GitHub...
[2026-09-12 19:29:01] git push (GitHub): To https://github.com/lishiwen-ai/read-and-book-web.git
[2026-09-12 19:29:01] git push (GitHub):    4610779..0d90cdd  main -> main
[2026-09-12 19:29:01] SUCCESS: Pushed to GitHub!
[2026-09-12 19:29:01] --- Pushing to Gitee ---
[2026-09-12 19:29:01] Pulling latest from Gitee...
[2026-09-12 19:29:01] git pull (Gitee): error: cannot pull with rebase: You have unstaged changes.
[2026-09-12 19:29:01] git pull (Gitee): error: Please commit or stash them.
[2026-09-12 19:29:01] WARNING: Gitee pull may have conflicts (exit code: 128)
[2026-09-12 19:29:01] Pushing to Gitee...
[2026-09-12 19:29:04] git push (Gitee): remote: Powered by [01;33mGITEE.COM [0m[1.1.23]        
[2026-09-12 19:29:04] git push (Gitee): remote: Set trace flag 654f22a4        
[2026-09-12 19:29:04] git push (Gitee): To https://gitee.com/lsw0427/read-and-book-web.git
[2026-09-12 19:29:04] git push (Gitee):    4610779..0d90cdd  main -> main
[2026-09-12 19:29:04] SUCCESS: Pushed to Gitee!
[2026-09-12 19:29:04] ===== Sync Complete =====
[2026-09-12 19:32:34] ===== Start Auto Push Check (Dual Platform) =====
[2026-09-12 19:32:34] Project path: C:\Users\LSWli\Documents\Codex\2026-08-29\qin
[2026-09-12 19:32:34] File changes detected, starting sync...
[2026-09-12 19:32:34] Changed files:
[2026-09-12 19:32:34]    M git-auto-push.log
[2026-09-12 19:32:34] All changes added to staging area
[2026-09-12 19:32:34] git commit: [main dd29e3e] Auto sync - 2026-09-12 19:32:34
[2026-09-12 19:32:34] git commit:  1 file changed, 29 insertions(+)
[2026-09-12 19:32:34] --- Pushing to GitHub ---
[2026-09-12 19:32:35] Pulling latest from GitHub...
[2026-09-12 19:32:35] git pull (GitHub): error: cannot pull with rebase: You have unstaged changes.
[2026-09-12 19:32:35] git pull (GitHub): error: Please commit or stash them.
[2026-09-12 19:32:35] WARNING: GitHub pull may have conflicts (exit code: 128)
[2026-09-12 19:32:35] Pushing to GitHub...
[2026-09-12 19:32:39] git push (GitHub): To https://github.com/lishiwen-ai/read-and-book-web.git
[2026-09-12 19:32:39] git push (GitHub):    0d90cdd..dd29e3e  main -> main
[2026-09-12 19:32:39] SUCCESS: Pushed to GitHub!
[2026-09-12 19:32:39] --- Pushing to Gitee ---
[2026-09-12 19:32:39] Pulling latest from Gitee...
[2026-09-12 19:32:39] git pull (Gitee): error: cannot pull with rebase: You have unstaged changes.
[2026-09-12 19:32:39] git pull (Gitee): error: Please commit or stash them.
[2026-09-12 19:32:39] WARNING: Gitee pull may have conflicts (exit code: 128)
[2026-09-12 19:32:39] Pushing to Gitee...
[2026-09-12 19:32:42] git push (Gitee): remote: Powered by [01;33mGITEE.COM [0m[1.1.23]        
[2026-09-12 19:32:42] git push (Gitee): remote: Set trace flag 3f4b0582        
[2026-09-12 19:32:42] git push (Gitee): To https://gitee.com/lsw0427/read-and-book-web.git
[2026-09-12 19:32:42] git push (Gitee):    0d90cdd..dd29e3e  main -> main
[2026-09-12 19:32:42] SUCCESS: Pushed to Gitee!
[2026-09-12 19:32:42] ===== Sync Complete =====
[2026-09-12 19:41:51] ===== Start Auto Push Check (Dual Platform) =====
[2026-09-12 19:41:51] Project path: C:\Users\LSWli\Documents\Codex\2026-08-29\qin
[2026-09-12 19:41:51] File changes detected, starting sync...
[2026-09-12 19:41:51] Changed files:
[2026-09-12 19:41:51]    M git-auto-push.log
[2026-09-12 19:41:51] All changes added to staging area
[2026-09-12 19:41:51] git commit: [main ce40d5b] Auto sync - 2026-09-12 19:41:51
[2026-09-12 19:41:51] git commit:  1 file changed, 29 insertions(+)
[2026-09-12 19:41:51] --- Pushing to GitHub ---
[2026-09-12 19:41:51] Pulling latest from GitHub...
[2026-09-12 19:41:51] git pull (GitHub): error: cannot pull with rebase: You have unstaged changes.
[2026-09-12 19:41:51] git pull (GitHub): error: Please commit or stash them.
[2026-09-12 19:41:51] WARNING: GitHub pull may have conflicts (exit code: 128)
[2026-09-12 19:41:51] Pushing to GitHub...
[2026-09-12 19:41:56] git push (GitHub): To https://github.com/lishiwen-ai/read-and-book-web.git
[2026-09-12 19:41:56] git push (GitHub):    dd29e3e..ce40d5b  main -> main
[2026-09-12 19:41:56] SUCCESS: Pushed to GitHub!
[2026-09-12 19:41:56] --- Pushing to Gitee ---
[2026-09-12 19:41:56] Pulling latest from Gitee...
[2026-09-12 19:41:56] git pull (Gitee): error: cannot pull with rebase: You have unstaged changes.
[2026-09-12 19:41:56] git pull (Gitee): error: Please commit or stash them.
[2026-09-12 19:41:56] WARNING: Gitee pull may have conflicts (exit code: 128)
[2026-09-12 19:41:56] Pushing to Gitee...
[2026-09-12 19:41:59] git push (Gitee): remote: Powered by [01;33mGITEE.COM [0m[1.1.23]        
[2026-09-12 19:41:59] git push (Gitee): remote: Set trace flag 5f4109ba        
[2026-09-12 19:41:59] git push (Gitee): To https://gitee.com/lsw0427/read-and-book-web.git
[2026-09-12 19:41:59] git push (Gitee):    dd29e3e..ce40d5b  main -> main
[2026-09-12 19:41:59] SUCCESS: Pushed to Gitee!
[2026-09-12 19:41:59] ===== Sync Complete =====
[2026-09-12 19:51:58] ===== Start Auto Push Check (Dual Platform) =====
[2026-09-12 19:51:58] Project path: C:\Users\LSWli\Documents\Codex\2026-08-29\qin
[2026-09-12 19:51:58] File changes detected, starting sync...
[2026-09-12 19:51:58] Changed files:
[2026-09-12 19:51:58]    M git-auto-push.log
[2026-09-12 19:51:59] All changes added to staging area
[2026-09-12 19:51:59] git commit: [main 94fc991] Auto sync - 2026-09-12 19:51:59
[2026-09-12 19:51:59] git commit:  1 file changed, 29 insertions(+)
[2026-09-12 19:51:59] --- Pushing to GitHub ---
[2026-09-12 19:51:59] Pulling latest from GitHub...
[2026-09-12 19:51:59] git pull (GitHub): error: cannot pull with rebase: You have unstaged changes.
[2026-09-12 19:51:59] git pull (GitHub): error: Please commit or stash them.
[2026-09-12 19:51:59] WARNING: GitHub pull may have conflicts (exit code: 128)
[2026-09-12 19:51:59] Pushing to GitHub...
[2026-09-12 19:52:04] git push (GitHub): To https://github.com/lishiwen-ai/read-and-book-web.git
[2026-09-12 19:52:04] git push (GitHub):    ce40d5b..94fc991  main -> main
[2026-09-12 19:52:04] SUCCESS: Pushed to GitHub!
[2026-09-12 19:52:04] --- Pushing to Gitee ---
[2026-09-12 19:52:04] Pulling latest from Gitee...
[2026-09-12 19:52:04] git pull (Gitee): error: cannot pull with rebase: You have unstaged changes.
[2026-09-12 19:52:04] git pull (Gitee): error: Please commit or stash them.
[2026-09-12 19:52:04] WARNING: Gitee pull may have conflicts (exit code: 128)
[2026-09-12 19:52:04] Pushing to Gitee...
[2026-09-12 19:52:07] git push (Gitee): remote: Powered by [01;33mGITEE.COM [0m[1.1.23]        
[2026-09-12 19:52:07] git push (Gitee): remote: Set trace flag a847e6b4        
[2026-09-12 19:52:07] git push (Gitee): To https://gitee.com/lsw0427/read-and-book-web.git
[2026-09-12 19:52:07] git push (Gitee):    ce40d5b..94fc991  main -> main
[2026-09-12 19:52:07] SUCCESS: Pushed to Gitee!
[2026-09-12 19:52:07] ===== Sync Complete =====
[2026-09-12 20:01:35] ===== Start Auto Push Check (Dual Platform) =====
[2026-09-12 20:01:35] Project path: C:\Users\LSWli\Documents\Codex\2026-08-29\qin
[2026-09-12 20:01:35] File changes detected, starting sync...
[2026-09-12 20:01:35] Changed files:
[2026-09-12 20:01:35]    M git-auto-push.log
[2026-09-12 20:01:35] All changes added to staging area
[2026-09-12 20:01:36] git commit: [main 515c66b] Auto sync - 2026-09-12 20:01:35
[2026-09-12 20:01:36] git commit:  1 file changed, 29 insertions(+)
[2026-09-12 20:01:36] --- Pushing to GitHub ---
[2026-09-12 20:01:36] Pulling latest from GitHub...
[2026-09-12 20:01:36] git pull (GitHub): error: cannot pull with rebase: You have unstaged changes.
[2026-09-12 20:01:36] git pull (GitHub): error: Please commit or stash them.
[2026-09-12 20:01:36] WARNING: GitHub pull may have conflicts (exit code: 128)
[2026-09-12 20:01:36] Pushing to GitHub...
[2026-09-12 20:02:05] git push (GitHub): fatal: unable to access 'https://github.com/lishiwen-ai/read-and-book-web.git/': Recv failure: Connection was reset
[2026-09-12 20:02:05] FAILED: GitHub push failed (exit code: 128)
[2026-09-12 20:02:05] --- Pushing to Gitee ---
[2026-09-12 20:02:05] Pulling latest from Gitee...
[2026-09-12 20:02:05] git pull (Gitee): error: cannot pull with rebase: You have unstaged changes.
[2026-09-12 20:02:05] git pull (Gitee): error: Please commit or stash them.
[2026-09-12 20:02:05] WARNING: Gitee pull may have conflicts (exit code: 128)
[2026-09-12 20:02:05] Pushing to Gitee...
[2026-09-12 20:02:07] git push (Gitee): remote: Powered by [01;33mGITEE.COM [0m[1.1.23]        
[2026-09-12 20:02:07] git push (Gitee): remote: Set trace flag 38484bae        
[2026-09-12 20:02:07] git push (Gitee): To https://gitee.com/lsw0427/read-and-book-web.git
[2026-09-12 20:02:07] git push (Gitee):    94fc991..515c66b  main -> main
[2026-09-12 20:02:07] SUCCESS: Pushed to Gitee!
[2026-09-12 20:02:07] ===== Sync Complete =====
[2026-09-12 20:12:07] ===== Start Auto Push Check (Dual Platform) =====
[2026-09-12 20:12:07] Project path: C:\Users\LSWli\Documents\Codex\2026-08-29\qin
[2026-09-12 20:12:07] File changes detected, starting sync...
[2026-09-12 20:12:07] Changed files:
[2026-09-12 20:12:07]    M git-auto-push.log
[2026-09-12 20:12:07] All changes added to staging area
[2026-09-12 20:12:07] git commit: [main ae89074] Auto sync - 2026-09-12 20:12:07
[2026-09-12 20:12:07] git commit:  1 file changed, 28 insertions(+)
[2026-09-12 20:12:07] --- Pushing to GitHub ---
[2026-09-12 20:12:07] Pulling latest from GitHub...
[2026-09-12 20:12:07] git pull (GitHub): error: cannot pull with rebase: You have unstaged changes.
[2026-09-12 20:12:07] git pull (GitHub): error: Please commit or stash them.
[2026-09-12 20:12:07] WARNING: GitHub pull may have conflicts (exit code: 128)
[2026-09-12 20:12:07] Pushing to GitHub...
[2026-09-12 20:12:12] git push (GitHub): To https://github.com/lishiwen-ai/read-and-book-web.git
[2026-09-12 20:12:12] git push (GitHub):    94fc991..ae89074  main -> main
[2026-09-12 20:12:12] SUCCESS: Pushed to GitHub!
[2026-09-12 20:12:12] --- Pushing to Gitee ---
[2026-09-12 20:12:12] Pulling latest from Gitee...
[2026-09-12 20:12:12] git pull (Gitee): error: cannot pull with rebase: You have unstaged changes.
[2026-09-12 20:12:12] git pull (Gitee): error: Please commit or stash them.
[2026-09-12 20:12:12] WARNING: Gitee pull may have conflicts (exit code: 128)
[2026-09-12 20:12:12] Pushing to Gitee...
[2026-09-12 20:12:15] git push (Gitee): remote: Powered by [01;33mGITEE.COM [0m[1.1.23]        
[2026-09-12 20:12:15] git push (Gitee): remote: Set trace flag 78411297        
[2026-09-12 20:12:15] git push (Gitee): To https://gitee.com/lsw0427/read-and-book-web.git
[2026-09-12 20:12:15] git push (Gitee):    515c66b..ae89074  main -> main
[2026-09-12 20:12:15] SUCCESS: Pushed to Gitee!
[2026-09-12 20:12:15] ===== Sync Complete =====
[2026-09-12 21:19:49] ===== Start Auto Push Check (Dual Platform) =====
[2026-09-12 21:19:49] Project path: C:\Users\LSWli\Documents\Codex\2026-08-29\qin
[2026-09-12 21:19:50] File changes detected, starting sync...
[2026-09-12 21:19:50] Changed files:
[2026-09-12 21:19:50]    M git-auto-push.log
[2026-09-12 21:19:50] All changes added to staging area
[2026-09-12 21:19:50] git commit: [main f75f07e] Auto sync - 2026-09-12 21:19:50
[2026-09-12 21:19:50] git commit:  1 file changed, 29 insertions(+)
[2026-09-12 21:19:50] --- Pushing to GitHub ---
[2026-09-12 21:19:50] Pulling latest from GitHub...
[2026-09-12 21:19:50] git pull (GitHub): error: cannot pull with rebase: You have unstaged changes.
[2026-09-12 21:19:50] git pull (GitHub): error: Please commit or stash them.
[2026-09-12 21:19:50] WARNING: GitHub pull may have conflicts (exit code: 128)
[2026-09-12 21:19:50] Pushing to GitHub...
[2026-09-12 21:19:55] git push (GitHub): To https://github.com/lishiwen-ai/read-and-book-web.git
[2026-09-12 21:19:55] git push (GitHub):    ae89074..f75f07e  main -> main
[2026-09-12 21:19:55] SUCCESS: Pushed to GitHub!
[2026-09-12 21:19:55] --- Pushing to Gitee ---
[2026-09-12 21:19:55] Pulling latest from Gitee...
[2026-09-12 21:19:55] git pull (Gitee): error: cannot pull with rebase: You have unstaged changes.
[2026-09-12 21:19:55] git pull (Gitee): error: Please commit or stash them.
[2026-09-12 21:19:55] WARNING: Gitee pull may have conflicts (exit code: 128)
[2026-09-12 21:19:55] Pushing to Gitee...
[2026-09-12 21:19:58] git push (Gitee): remote: Powered by [01;33mGITEE.COM [0m[1.1.23]        
[2026-09-12 21:19:58] git push (Gitee): remote: Set trace flag 7e4345a3        
[2026-09-12 21:19:58] git push (Gitee): To https://gitee.com/lsw0427/read-and-book-web.git
[2026-09-12 21:19:58] git push (Gitee):    ae89074..f75f07e  main -> main
[2026-09-12 21:19:58] SUCCESS: Pushed to Gitee!
[2026-09-12 21:19:58] ===== Sync Complete =====
[2026-09-12 21:21:43] ===== Start Auto Push Check (Dual Platform) =====
[2026-09-12 21:21:43] Project path: C:\Users\LSWli\Documents\Codex\2026-08-29\qin
[2026-09-12 21:21:44] File changes detected, starting sync...
[2026-09-12 21:21:44] Changed files:
[2026-09-12 21:21:44]    M git-auto-push.log
[2026-09-12 21:21:44] All changes added to staging area
[2026-09-12 21:21:44] git commit: [main 9badc42] Auto sync - 2026-09-12 21:21:44
[2026-09-12 21:21:44] git commit:  1 file changed, 29 insertions(+)
[2026-09-12 21:21:44] --- Pushing to GitHub ---
[2026-09-12 21:21:44] Pulling latest from GitHub...
[2026-09-12 21:21:44] git pull (GitHub): error: cannot pull with rebase: You have unstaged changes.
[2026-09-12 21:21:44] git pull (GitHub): error: Please commit or stash them.
[2026-09-12 21:21:44] WARNING: GitHub pull may have conflicts (exit code: 128)
[2026-09-12 21:21:44] Pushing to GitHub...
[2026-09-12 21:21:49] git push (GitHub): To https://github.com/lishiwen-ai/read-and-book-web.git
[2026-09-12 21:21:49] git push (GitHub):    f75f07e..9badc42  main -> main
[2026-09-12 21:21:49] SUCCESS: Pushed to GitHub!
[2026-09-12 21:21:49] --- Pushing to Gitee ---
[2026-09-12 21:21:49] Pulling latest from Gitee...
[2026-09-12 21:21:49] git pull (Gitee): error: cannot pull with rebase: You have unstaged changes.
[2026-09-12 21:21:49] git pull (Gitee): error: Please commit or stash them.
[2026-09-12 21:21:49] WARNING: Gitee pull may have conflicts (exit code: 128)
[2026-09-12 21:21:49] Pushing to Gitee...
[2026-09-12 21:21:52] git push (Gitee): remote: Powered by [01;33mGITEE.COM [0m[1.1.23]        
[2026-09-12 21:21:52] git push (Gitee): remote: Set trace flag 824986bb        
[2026-09-12 21:21:52] git push (Gitee): To https://gitee.com/lsw0427/read-and-book-web.git
[2026-09-12 21:21:52] git push (Gitee):    f75f07e..9badc42  main -> main
[2026-09-12 21:21:52] SUCCESS: Pushed to Gitee!
[2026-09-12 21:21:52] ===== Sync Complete =====
[2026-09-12 21:31:49] ===== Start Auto Push Check (Dual Platform) =====
[2026-09-12 21:31:49] Project path: C:\Users\LSWli\Documents\Codex\2026-08-29\qin
[2026-09-12 21:31:49] File changes detected, starting sync...
[2026-09-12 21:31:49] Changed files:
[2026-09-12 21:31:49]    M git-auto-push.log
[2026-09-12 21:31:49] All changes added to staging area
[2026-09-12 21:31:49] git commit: [main a5fc2c4] Auto sync - 2026-09-12 21:31:49
[2026-09-12 21:31:49] git commit:  1 file changed, 29 insertions(+)
[2026-09-12 21:31:49] --- Pushing to GitHub ---
[2026-09-12 21:31:49] Pulling latest from GitHub...
[2026-09-12 21:31:50] git pull (GitHub): error: cannot pull with rebase: You have unstaged changes.
[2026-09-12 21:31:50] git pull (GitHub): error: Please commit or stash them.
[2026-09-12 21:31:50] WARNING: GitHub pull may have conflicts (exit code: 128)
[2026-09-12 21:31:50] Pushing to GitHub...
[2026-09-12 21:32:20] git push (GitHub): fatal: unable to access 'https://github.com/lishiwen-ai/read-and-book-web.git/': Recv failure: Connection was reset
[2026-09-12 21:32:20] FAILED: GitHub push failed (exit code: 128)
[2026-09-12 21:32:20] --- Pushing to Gitee ---
[2026-09-12 21:32:20] Pulling latest from Gitee...
[2026-09-12 21:32:21] git pull (Gitee): error: cannot pull with rebase: You have unstaged changes.
[2026-09-12 21:32:21] git pull (Gitee): error: Please commit or stash them.
[2026-09-12 21:32:21] WARNING: Gitee pull may have conflicts (exit code: 128)
[2026-09-12 21:32:21] Pushing to Gitee...
[2026-09-12 21:32:23] git push (Gitee): remote: Powered by [01;33mGITEE.COM [0m[1.1.23]        
[2026-09-12 21:32:23] git push (Gitee): remote: Set trace flag 88467b9a        
[2026-09-12 21:32:23] git push (Gitee): To https://gitee.com/lsw0427/read-and-book-web.git
[2026-09-12 21:32:23] git push (Gitee):    9badc42..a5fc2c4  main -> main
[2026-09-12 21:32:23] SUCCESS: Pushed to Gitee!
[2026-09-12 21:32:23] ===== Sync Complete =====
[2026-09-12 21:41:39] ===== Start Auto Push Check (Dual Platform) =====
[2026-09-12 21:41:39] Project path: C:\Users\LSWli\Documents\Codex\2026-08-29\qin
[2026-09-12 21:41:39] File changes detected, starting sync...
[2026-09-12 21:41:39] Changed files:
[2026-09-12 21:41:39]    M git-auto-push.log
[2026-09-12 21:41:40] All changes added to staging area
[2026-09-12 21:41:40] git commit: [main f7dc97f] Auto sync - 2026-09-12 21:41:40
[2026-09-12 21:41:40] git commit:  1 file changed, 28 insertions(+)
[2026-09-12 21:41:40] --- Pushing to GitHub ---
[2026-09-12 21:41:40] Pulling latest from GitHub...
[2026-09-12 21:41:40] git pull (GitHub): error: cannot pull with rebase: You have unstaged changes.
[2026-09-12 21:41:40] git pull (GitHub): error: Please commit or stash them.
[2026-09-12 21:41:40] WARNING: GitHub pull may have conflicts (exit code: 128)
[2026-09-12 21:41:40] Pushing to GitHub...
[2026-09-12 21:41:43] git push (GitHub): To https://github.com/lishiwen-ai/read-and-book-web.git
[2026-09-12 21:41:43] git push (GitHub):    9badc42..f7dc97f  main -> main
[2026-09-12 21:41:43] SUCCESS: Pushed to GitHub!
[2026-09-12 21:41:43] --- Pushing to Gitee ---
[2026-09-12 21:41:43] Pulling latest from Gitee...
[2026-09-12 21:41:43] git pull (Gitee): error: cannot pull with rebase: You have unstaged changes.
[2026-09-12 21:41:43] git pull (Gitee): error: Please commit or stash them.
[2026-09-12 21:41:43] WARNING: Gitee pull may have conflicts (exit code: 128)
[2026-09-12 21:41:43] Pushing to Gitee...
[2026-09-12 21:41:45] git push (Gitee): remote: Powered by [01;33mGITEE.COM [0m[1.1.23]        
[2026-09-12 21:41:45] git push (Gitee): remote: Set trace flag 1a42fc91        
[2026-09-12 21:41:45] git push (Gitee): To https://gitee.com/lsw0427/read-and-book-web.git
[2026-09-12 21:41:45] git push (Gitee):    a5fc2c4..f7dc97f  main -> main
[2026-09-12 21:41:45] SUCCESS: Pushed to Gitee!
[2026-09-12 21:41:45] ===== Sync Complete =====
[2026-09-12 21:51:55] ===== Start Auto Push Check (Dual Platform) =====
[2026-09-12 21:51:55] Project path: C:\Users\LSWli\Documents\Codex\2026-08-29\qin
[2026-09-12 21:51:55] File changes detected, starting sync...
[2026-09-12 21:51:55] Changed files:
[2026-09-12 21:51:55]    M git-auto-push.log
[2026-09-12 21:51:55] All changes added to staging area
[2026-09-12 21:51:55] git commit: [main 1ae5800] Auto sync - 2026-09-12 21:51:55
[2026-09-12 21:51:55] git commit:  1 file changed, 29 insertions(+)
[2026-09-12 21:51:55] --- Pushing to GitHub ---
[2026-09-12 21:51:55] Pulling latest from GitHub...
[2026-09-12 21:51:55] git pull (GitHub): error: cannot pull with rebase: You have unstaged changes.
[2026-09-12 21:51:55] git pull (GitHub): error: Please commit or stash them.
[2026-09-12 21:51:55] WARNING: GitHub pull may have conflicts (exit code: 128)
[2026-09-12 21:51:55] Pushing to GitHub...
[2026-09-12 21:51:59] git push (GitHub): To https://github.com/lishiwen-ai/read-and-book-web.git
[2026-09-12 21:51:59] git push (GitHub):    f7dc97f..1ae5800  main -> main
[2026-09-12 21:51:59] SUCCESS: Pushed to GitHub!
[2026-09-12 21:51:59] --- Pushing to Gitee ---
[2026-09-12 21:51:59] Pulling latest from Gitee...
[2026-09-12 21:51:59] git pull (Gitee): error: cannot pull with rebase: You have unstaged changes.
[2026-09-12 21:51:59] git pull (Gitee): error: Please commit or stash them.
[2026-09-12 21:51:59] WARNING: Gitee pull may have conflicts (exit code: 128)
[2026-09-12 21:51:59] Pushing to Gitee...
[2026-09-12 21:52:01] git push (Gitee): remote: Powered by [01;33mGITEE.COM [0m[1.1.23]        
[2026-09-12 21:52:01] git push (Gitee): remote: Set trace flag 5c4aaea5        
[2026-09-12 21:52:01] git push (Gitee): To https://gitee.com/lsw0427/read-and-book-web.git
[2026-09-12 21:52:01] git push (Gitee):    f7dc97f..1ae5800  main -> main
[2026-09-12 21:52:01] SUCCESS: Pushed to Gitee!
[2026-09-12 21:52:01] ===== Sync Complete =====
[2026-09-12 22:01:47] ===== Start Auto Push Check (Dual Platform) =====
[2026-09-12 22:01:47] Project path: C:\Users\LSWli\Documents\Codex\2026-08-29\qin
[2026-09-12 22:01:47] File changes detected, starting sync...
[2026-09-12 22:01:47] Changed files:
[2026-09-12 22:01:47]    M git-auto-push.log
